column,non_null,missing,missing_pct
d2_GP,703,0,0.0
d2_GS,700,3,0.004267425320056899
d2_PTS,703,0,0.0
d2_PPG,703,0,0.0
d2_FGM,703,0,0.0
d2_FGA,703,0,0.0
d2_3PM,703,0,0.0
d2_3PA,703,0,0.0
d2_FTM,703,0,0.0
d2_FTA,703,0,0.0
d2_TRB,703,0,0.0
d2_AST,703,0,0.0
d2_TOV,703,0,0.0
d2_STL,703,0,0.0
d2_BLK,703,0,0.0
d2_height_inches,348,355,0.5049786628733998
d2_eFG,703,0,0.0
d2_TS_pct,703,0,0.0
d2_FTR,703,0,0.0
d2_three_share,703,0,0.0
d2_AST_TOV,703,0,0.0
d2_TOV_pct,701,2,0.002844950213371266
d2_AST_pct,701,2,0.002844950213371266
d2_usg,701,2,0.002844950213371266
d2_ORB_pct,701,2,0.002844950213371266
d2_DRB_pct,701,2,0.002844950213371266
d2_Blk_pct,701,2,0.002844950213371266
d2_Stl_pct,701,2,0.002844950213371266
d2_PTS_per_40,703,0,0.0
d2_ORB_per_40,348,355,0.5049786628733998
d2_DRB_per_40,348,355,0.5049786628733998
d2_TRB_per_40,703,0,0.0
d2_AST_per_40,703,0,0.0
d2_TOV_per_40,703,0,0.0
d2_STL_per_40,703,0,0.0
d2_BLK_per_40,703,0,0.0
d2_three_pct,695,8,0.011379800853485065
d2_ft_pct,703,0,0.0
d2_three_pa_per_100_team_poss_model,348,355,0.5049786628733998
d2_season_end_year,703,0,0.0
next_d1_season_end_year,703,0,0.0
d1_height_inches,703,0,0.0
d1_GP,703,0,0.0
d1_mins_per_game,702,1,0.001422475106685633
hoop_rapm_net,472,231,0.3285917496443812
evanmiya_bpr,471,232,0.33001422475106684
d1_PORPAG,630,73,0.10384068278805121
d1_bpm,703,0,0.0
