run_id,k,scaling_mode,z_score_basis,weighting,feature_set,method,init,rss_per_row,rss_per_row_per_feature,feature_count,excluded_features,archetype_id,rows,share,d1_rows,d2_rows,mean_membership_weight,top_z_features,bottom_z_features,eFG_z,FTR_z,three_share_z,three_pa_per_100_team_poss_z,usg_z,tov_pct_z,ast_pct_z,orb_pct_z,drb_pct_z,blk_pct_z,stl_pct_z,ast_tov_z,three_pct_z,ft_pct_z,min_archetype_rows,median_archetype_rows,max_archetype_rows,features
k6__division_zscore__no_height_no_minutes__method-nnls__init-furthest_sum__ninit-1,6,division_zscore,"z-score within division, then recombined",six equal groups; per-feature z multiplied by sqrt(group_weight/features_in_group) for fitting; shown z values are unweighted,no_height_no_minutes,nnls,furthest_sum,0.3726592097204125,0.026618514980029463,14,height_inches|mins_per_game,1,446,0.1486666666666666,244,202,0.4824328484085087,blk_pct=3.71; orb_pct=2.91; drb_pct=2.70; eFG=0.66; usg=0.34,three_pct=-1.93; three_share=-1.55; three_pa_per_100_team_poss=-1.45; ast_tov=-1.09; ast_pct=-1.02,0.658879922385209,-0.3088125791520601,-1.5495117912884724,-1.4475592881020298,0.3436901119188808,-0.5832314456988243,-1.016920068211564,2.912746241477534,2.704555276430747,3.7057309510465086,-0.526229770505554,-1.0875361784260724,-1.9281435420010595,-0.6126715175984653,164,425.0,848,eFG|FTR|three_share|three_pa_per_100_team_poss|usg|tov_pct|ast_pct|orb_pct|drb_pct|blk_pct|stl_pct|ast_tov|three_pct|ft_pct
k6__division_zscore__no_height_no_minutes__method-nnls__init-furthest_sum__ninit-1,6,division_zscore,"z-score within division, then recombined",six equal groups; per-feature z multiplied by sqrt(group_weight/features_in_group) for fitting; shown z values are unweighted,no_height_no_minutes,nnls,furthest_sum,0.3726592097204125,0.026618514980029463,14,height_inches|mins_per_game,2,848,0.2826666666666667,456,392,0.5005451792348113,ast_pct=2.53; usg=2.01; stl_pct=1.98; ft_pct=0.76; FTR=0.62,blk_pct=-0.63; orb_pct=-0.60; three_share=-0.55; eFG=-0.39; drb_pct=-0.17,-0.3887067643783972,0.6188667668846102,-0.5472854336913179,-0.1229645235188539,2.0118880121641327,0.4316404767687342,2.531292619921171,-0.5975834171409725,-0.1735197785986415,-0.6255894291459051,1.9763730942257944,0.3406610307027149,0.3811995016810237,0.7584105486716832,164,425.0,848,eFG|FTR|three_share|three_pa_per_100_team_poss|usg|tov_pct|ast_pct|orb_pct|drb_pct|blk_pct|stl_pct|ast_tov|three_pct|ft_pct
k6__division_zscore__no_height_no_minutes__method-nnls__init-furthest_sum__ninit-1,6,division_zscore,"z-score within division, then recombined",six equal groups; per-feature z multiplied by sqrt(group_weight/features_in_group) for fitting; shown z values are unweighted,no_height_no_minutes,nnls,furthest_sum,0.3726592097204125,0.026618514980029463,14,height_inches|mins_per_game,3,164,0.0546666666666666,76,88,0.4408895616747694,tov_pct=3.79; stl_pct=0.25; blk_pct=-0.22; ast_tov=-0.68; drb_pct=-0.73,ft_pct=-3.33; eFG=-3.18; three_pct=-2.05; usg=-1.94; FTR=-1.45,-3.1793100103055485,-1.4541279117106176,-1.0474004068680636,-1.2888626204492764,-1.9432632500692808,3.791778971685612,-0.8274480505263597,-0.9396507511610184,-0.7293800482131968,-0.2235136071204588,0.2508031188016417,-0.6812646703251114,-2.045035379480171,-3.332704921530034,164,425.0,848,eFG|FTR|three_share|three_pa_per_100_team_poss|usg|tov_pct|ast_pct|orb_pct|drb_pct|blk_pct|stl_pct|ast_tov|three_pct|ft_pct
k6__division_zscore__no_height_no_minutes__method-nnls__init-furthest_sum__ninit-1,6,division_zscore,"z-score within division, then recombined",six equal groups; per-feature z multiplied by sqrt(group_weight/features_in_group) for fitting; shown z values are unweighted,no_height_no_minutes,nnls,furthest_sum,0.3726592097204125,0.026618514980029463,14,height_inches|mins_per_game,4,404,0.1346666666666666,215,189,0.4777451609456065,ast_tov=3.52; three_share=1.59; three_pa_per_100_team_poss=0.87; three_pct=0.59; stl_pct=0.33,tov_pct=-1.64; usg=-1.53; drb_pct=-1.16; FTR=-1.12; orb_pct=-0.99,-0.0267230422932033,-1.1151669227947465,1.5913473430129237,0.8736311000218576,-1.534775485048968,-1.6407060541875775,0.256408850172277,-0.9921253925018936,-1.1581450458119384,-0.7747396681053693,0.3318972035562643,3.5176506703924746,0.5944528387352686,-0.0791431213828264,164,425.0,848,eFG|FTR|three_share|three_pa_per_100_team_poss|usg|tov_pct|ast_pct|orb_pct|drb_pct|blk_pct|stl_pct|ast_tov|three_pct|ft_pct
k6__division_zscore__no_height_no_minutes__method-nnls__init-furthest_sum__ninit-1,6,division_zscore,"z-score within division, then recombined",six equal groups; per-feature z multiplied by sqrt(group_weight/features_in_group) for fitting; shown z values are unweighted,no_height_no_minutes,nnls,furthest_sum,0.3726592097204125,0.026618514980029463,14,height_inches|mins_per_game,5,306,0.102,174,132,0.4645371806872478,FTR=3.47; eFG=1.64; orb_pct=0.60; tov_pct=0.47; blk_pct=-0.35,usg=-1.70; three_pa_per_100_team_poss=-1.37; three_share=-1.35; three_pct=-1.26; ast_pct=-1.26,1.643716962926527,3.473563396001603,-1.354512115058515,-1.3656814238370116,-1.704059291347098,0.474839221921588,-1.2594162862057927,0.5951885835616817,-0.6079575161148422,-0.3544894197768521,-1.215095057480816,-0.6074918467133451,-1.2642312826370796,-0.9116182718535528,164,425.0,848,eFG|FTR|three_share|three_pa_per_100_team_poss|usg|tov_pct|ast_pct|orb_pct|drb_pct|blk_pct|stl_pct|ast_tov|three_pct|ft_pct
k6__division_zscore__no_height_no_minutes__method-nnls__init-furthest_sum__ninit-1,6,division_zscore,"z-score within division, then recombined",six equal groups; per-feature z multiplied by sqrt(group_weight/features_in_group) for fitting; shown z values are unweighted,no_height_no_minutes,nnls,furthest_sum,0.3726592097204125,0.026618514980029463,14,height_inches|mins_per_game,6,832,0.2773333333333333,463,369,0.4731665950268255,three_pa_per_100_team_poss=2.46; three_share=1.85; ft_pct=1.12; three_pct=0.95; eFG=0.91,tov_pct=-1.38; stl_pct=-1.34; ast_tov=-1.25; ast_pct=-1.21; FTR=-0.85,0.913140189619614,-0.8476813384799969,1.8464031461952717,2.4622846994683054,0.7488549571292832,-1.3772961505803558,-1.2064537377767142,-0.6659474682691858,-0.2516164442197319,-0.1095236127231426,-1.336353013765326,-1.253209015609304,0.94856929414132,1.117725261270955,164,425.0,848,eFG|FTR|three_share|three_pa_per_100_team_poss|usg|tov_pct|ast_pct|orb_pct|drb_pct|blk_pct|stl_pct|ast_tov|three_pct|ft_pct
k7__division_zscore__no_height_no_minutes__method-nnls__init-uniform__ninit-1,7,division_zscore,"z-score within division, then recombined",six equal groups; per-feature z multiplied by sqrt(group_weight/features_in_group) for fitting; shown z values are unweighted,no_height_no_minutes,nnls,uniform,0.3424521484453041,0.02446086774609315,14,height_inches|mins_per_game,1,287,0.0956666666666666,161,126,0.4445545243749743,FTR=3.48; eFG=1.96; orb_pct=0.72; tov_pct=0.24; blk_pct=-0.34,usg=-1.89; stl_pct=-1.50; three_pa_per_100_team_poss=-1.34; three_share=-1.29; ast_pct=-1.28,1.9612197358361925,3.475199544271809,-1.285026193844225,-1.3437242013873394,-1.8862973212015155,0.2399447477420613,-1.279015760465354,0.7237845442719335,-0.5226432666969237,-0.3432862613130693,-1.498072122269019,-0.3492064349583609,-1.275330118341342,-0.8711426182871688,186,359.0,876,eFG|FTR|three_share|three_pa_per_100_team_poss|usg|tov_pct|ast_pct|orb_pct|drb_pct|blk_pct|stl_pct|ast_tov|three_pct|ft_pct
k7__division_zscore__no_height_no_minutes__method-nnls__init-uniform__ninit-1,7,division_zscore,"z-score within division, then recombined",six equal groups; per-feature z multiplied by sqrt(group_weight/features_in_group) for fitting; shown z values are unweighted,no_height_no_minutes,nnls,uniform,0.3424521484453041,0.02446086774609315,14,height_inches|mins_per_game,2,876,0.292,488,388,0.4644068679682224,three_pa_per_100_team_poss=2.47; three_share=1.85; ft_pct=1.13; three_pct=0.94; eFG=0.89,tov_pct=-1.36; ast_tov=-1.33; ast_pct=-1.32; stl_pct=-1.15; FTR=-0.91,0.8898135517290903,-0.9125526338782792,1.852325006568865,2.4686590845560805,0.600403871688969,-1.3601416521793872,-1.3237527819814463,-0.5707192338714975,-0.2617005307975918,-0.1039512434552786,-1.1456161199314097,-1.332794367958924,0.9427480585583224,1.1251949547873816,186,359.0,876,eFG|FTR|three_share|three_pa_per_100_team_poss|usg|tov_pct|ast_pct|orb_pct|drb_pct|blk_pct|stl_pct|ast_tov|three_pct|ft_pct
k7__division_zscore__no_height_no_minutes__method-nnls__init-uniform__ninit-1,7,division_zscore,"z-score within division, then recombined",six equal groups; per-feature z multiplied by sqrt(group_weight/features_in_group) for fitting; shown z values are unweighted,no_height_no_minutes,nnls,uniform,0.3424521484453041,0.02446086774609315,14,height_inches|mins_per_game,3,452,0.1506666666666666,243,209,0.4740394865508877,blk_pct=3.69; orb_pct=2.91; drb_pct=2.70; eFG=0.68; usg=0.36,three_pct=-1.93; three_share=-1.55; three_pa_per_100_team_poss=-1.45; ast_tov=-1.10; ast_pct=-1.01,0.6818409837917044,-0.2807087665246357,-1.549511791515398,-1.4475592883140196,0.359295202377511,-0.5474760587734862,-1.0137379319211095,2.9114366961487463,2.7032032875082157,3.686304518671964,-0.5474683056351763,-1.0964524660631652,-1.9281435422834037,-0.6165181459791883,186,359.0,876,eFG|FTR|three_share|three_pa_per_100_team_poss|usg|tov_pct|ast_pct|orb_pct|drb_pct|blk_pct|stl_pct|ast_tov|three_pct|ft_pct
k7__division_zscore__no_height_no_minutes__method-nnls__init-uniform__ninit-1,7,division_zscore,"z-score within division, then recombined",six equal groups; per-feature z multiplied by sqrt(group_weight/features_in_group) for fitting; shown z values are unweighted,no_height_no_minutes,nnls,uniform,0.3424521484453041,0.02446086774609315,14,height_inches|mins_per_game,4,334,0.1113333333333333,174,160,0.4693126048749691,ast_tov=3.61; three_share=1.74; three_pa_per_100_team_poss=1.04; three_pct=0.47; stl_pct=0.39,tov_pct=-1.83; usg=-1.54; drb_pct=-1.24; FTR=-1.22; orb_pct=-0.99,-0.1554849202035234,-1.221562015370358,1.744790869779513,1.040857868511223,-1.535280486600682,-1.83273187728394,0.1945023974583426,-0.9861271232762912,-1.2358434000592466,-0.7807408363408748,0.391439179499561,3.605203925181145,0.4662683343465081,-0.3325295643713677,186,359.0,876,eFG|FTR|three_share|three_pa_per_100_team_poss|usg|tov_pct|ast_pct|orb_pct|drb_pct|blk_pct|stl_pct|ast_tov|three_pct|ft_pct
k7__division_zscore__no_height_no_minutes__method-nnls__init-uniform__ninit-1,7,division_zscore,"z-score within division, then recombined",six equal groups; per-feature z multiplied by sqrt(group_weight/features_in_group) for fitting; shown z values are unweighted,no_height_no_minutes,nnls,uniform,0.3424521484453041,0.02446086774609315,14,height_inches|mins_per_game,5,359,0.1196666666666666,185,174,0.4577242835318992,stl_pct=3.46; ast_pct=1.62; usg=1.35; FTR=1.31; three_pct=0.50,three_share=-0.53; blk_pct=-0.29; three_pa_per_100_team_poss=-0.29; orb_pct=-0.22; drb_pct=-0.16,0.0173957143808679,1.3059108448699006,-0.5260248130206384,-0.2885667356627837,1.347531193803445,0.4650934213751774,1.616467808191652,-0.2156936023735177,-0.1592987779053198,-0.290048356292502,3.456606797913541,0.2512700289146897,0.4986780933668588,0.3229611482779833,186,359.0,876,eFG|FTR|three_share|three_pa_per_100_team_poss|usg|tov_pct|ast_pct|orb_pct|drb_pct|blk_pct|stl_pct|ast_tov|three_pct|ft_pct
k7__division_zscore__no_height_no_minutes__method-nnls__init-uniform__ninit-1,7,division_zscore,"z-score within division, then recombined",six equal groups; per-feature z multiplied by sqrt(group_weight/features_in_group) for fitting; shown z values are unweighted,no_height_no_minutes,nnls,uniform,0.3424521484453041,0.02446086774609315,14,height_inches|mins_per_game,6,186,0.062,88,98,0.4231670800040403,tov_pct=3.79; stl_pct=0.24; blk_pct=-0.18; ast_tov=-0.70; drb_pct=-0.75,ft_pct=-3.35; eFG=-3.18; three_pct=-2.05; usg=-1.95; FTR=-1.46,-3.179106923234767,-1.464234316273917,-1.058562909649244,-1.2926187383658536,-1.9471142533227197,3.7948093290656177,-0.8308290825562932,-0.9598084906836394,-0.7456710922476908,-0.1781104813499888,0.2416842518799059,-0.7006364406303879,-2.0456954282262747,-3.3457160009230953,186,359.0,876,eFG|FTR|three_share|three_pa_per_100_team_poss|usg|tov_pct|ast_pct|orb_pct|drb_pct|blk_pct|stl_pct|ast_tov|three_pct|ft_pct
k7__division_zscore__no_height_no_minutes__method-nnls__init-uniform__ninit-1,7,division_zscore,"z-score within division, then recombined",six equal groups; per-feature z multiplied by sqrt(group_weight/features_in_group) for fitting; shown z values are unweighted,no_height_no_minutes,nnls,uniform,0.3424521484453041,0.02446086774609315,14,height_inches|mins_per_game,7,506,0.1686666666666666,289,217,0.4525303869676715,ast_pct=3.01; usg=2.25; ft_pct=0.86; ast_tov=0.86; eFG=0.29,orb_pct=-0.85; blk_pct=-0.64; three_share=-0.61; drb_pct=-0.33; stl_pct=-0.19,0.292405439082653,0.050226172472682,-0.6122293405967584,-0.0396192060077697,2.2508042630467866,0.1594363321001307,3.007156174266503,-0.8458638338118942,-0.3259966627400398,-0.6383325041078707,-0.1921379133568607,0.8569389727510929,0.2520747900553926,0.858003837970814,186,359.0,876,eFG|FTR|three_share|three_pa_per_100_team_poss|usg|tov_pct|ast_pct|orb_pct|drb_pct|blk_pct|stl_pct|ast_tov|three_pct|ft_pct
k8__division_zscore__no_height_no_minutes__method-nnls__init-uniform__ninit-1,8,division_zscore,"z-score within division, then recombined",six equal groups; per-feature z multiplied by sqrt(group_weight/features_in_group) for fitting; shown z values are unweighted,no_height_no_minutes,nnls,uniform,0.3243645462745553,0.023168896162468235,14,height_inches|mins_per_game,1,319,0.1063333333333333,180,139,0.4276000836582698,FTR=3.04; eFG=2.21; orb_pct=1.33; tov_pct=0.43; drb_pct=0.15,stl_pct=-1.75; three_share=-1.54; three_pct=-1.45; three_pa_per_100_team_poss=-1.44; usg=-1.38,2.2131082939998863,3.041686337610204,-1.5388098050549663,-1.44104617880569,-1.3831320504135671,0.4250436509994989,-1.131666907853506,1.330508248105206,0.1524315450516503,-0.3335184878233573,-1.7465847668861374,-0.755341627089259,-1.449020316966066,-0.8435229579590497,96,369.0,884,eFG|FTR|three_share|three_pa_per_100_team_poss|usg|tov_pct|ast_pct|orb_pct|drb_pct|blk_pct|stl_pct|ast_tov|three_pct|ft_pct
k8__division_zscore__no_height_no_minutes__method-nnls__init-uniform__ninit-1,8,division_zscore,"z-score within division, then recombined",six equal groups; per-feature z multiplied by sqrt(group_weight/features_in_group) for fitting; shown z values are unweighted,no_height_no_minutes,nnls,uniform,0.3243645462745553,0.023168896162468235,14,height_inches|mins_per_game,2,96,0.032,46,50,0.4075044621439596,tov_pct=3.94; stl_pct=0.26; drb_pct=-0.28; ast_tov=-0.28; orb_pct=-0.50,ft_pct=-3.97; eFG=-3.17; usg=-2.13; three_pct=-2.08; FTR=-1.95,-3.1693259781875613,-1.9509725352677367,-1.596164257411982,-1.4735184980781095,-2.1325838212059307,3.9407554762503785,-0.9675770845122448,-0.4981689976779108,-0.2819440026953324,-0.6394173922110091,0.2615795095787336,-0.2844330493198294,-2.0774842785927605,-3.9723473211645666,96,369.0,884,eFG|FTR|three_share|three_pa_per_100_team_poss|usg|tov_pct|ast_pct|orb_pct|drb_pct|blk_pct|stl_pct|ast_tov|three_pct|ft_pct
k8__division_zscore__no_height_no_minutes__method-nnls__init-uniform__ninit-1,8,division_zscore,"z-score within division, then recombined",six equal groups; per-feature z multiplied by sqrt(group_weight/features_in_group) for fitting; shown z values are unweighted,no_height_no_minutes,nnls,uniform,0.3243645462745553,0.023168896162468235,14,height_inches|mins_per_game,3,884,0.2946666666666667,489,395,0.4436515817619775,three_pa_per_100_team_poss=2.45; three_share=1.66; usg=1.48; ft_pct=0.82; three_pct=0.24,ast_tov=-1.33; orb_pct=-1.23; stl_pct=-1.03; ast_pct=-0.92; tov_pct=-0.83,-0.7195691363465475,-0.7605499058415797,1.658384422254286,2.446961365500505,1.475687882633106,-0.8271794932559932,-0.9234110182212404,-1.2263383084467567,-0.7773474182953201,-0.2308620958360579,-1.034888401307582,-1.3277472225449294,0.2442180499628945,0.8166400665226189,96,369.0,884,eFG|FTR|three_share|three_pa_per_100_team_poss|usg|tov_pct|ast_pct|orb_pct|drb_pct|blk_pct|stl_pct|ast_tov|three_pct|ft_pct
k8__division_zscore__no_height_no_minutes__method-nnls__init-uniform__ninit-1,8,division_zscore,"z-score within division, then recombined",six equal groups; per-feature z multiplied by sqrt(group_weight/features_in_group) for fitting; shown z values are unweighted,no_height_no_minutes,nnls,uniform,0.3243645462745553,0.023168896162468235,14,height_inches|mins_per_game,4,331,0.1103333333333333,180,151,0.4797993077888792,blk_pct=4.01; orb_pct=2.63; drb_pct=2.28; eFG=0.47; FTR=-0.12,three_pct=-1.93; three_share=-1.55; three_pa_per_100_team_poss=-1.45; ast_pct=-1.17; ast_tov=-1.07,0.4723014401611333,-0.1237555897115043,-1.5498154737226129,-1.4477282686569894,-0.1411798681319161,-0.808440578048086,-1.1698523116670725,2.6323915584784157,2.2776887802830488,4.008420302558874,-0.511730454962835,-1.069543629848357,-1.9291156693893576,-0.6726318841692869,96,369.0,884,eFG|FTR|three_share|three_pa_per_100_team_poss|usg|tov_pct|ast_pct|orb_pct|drb_pct|blk_pct|stl_pct|ast_tov|three_pct|ft_pct
k8__division_zscore__no_height_no_minutes__method-nnls__init-uniform__ninit-1,8,division_zscore,"z-score within division, then recombined",six equal groups; per-feature z multiplied by sqrt(group_weight/features_in_group) for fitting; shown z values are unweighted,no_height_no_minutes,nnls,uniform,0.3243645462745553,0.023168896162468235,14,height_inches|mins_per_game,5,443,0.1476666666666666,249,194,0.4053895220059513,eFG=2.61; three_pct=1.98; three_share=1.72; stl_pct=1.05; three_pa_per_100_team_poss=0.46,usg=-1.81; FTR=-1.13; ast_pct=-0.77; tov_pct=-0.72; blk_pct=-0.65,2.6106932596331656,-1.129215776502843,1.7209413529461932,0.4597587378402707,-1.8112856996566815,-0.722296584234001,-0.7693037120815736,0.1053104314347386,-0.4010716705049301,-0.653807107311503,1.0471830307544805,0.1200680949893601,1.9754092145095192,-0.1920575702909802,96,369.0,884,eFG|FTR|three_share|three_pa_per_100_team_poss|usg|tov_pct|ast_pct|orb_pct|drb_pct|blk_pct|stl_pct|ast_tov|three_pct|ft_pct
k8__division_zscore__no_height_no_minutes__method-nnls__init-uniform__ninit-1,8,division_zscore,"z-score within division, then recombined",six equal groups; per-feature z multiplied by sqrt(group_weight/features_in_group) for fitting; shown z values are unweighted,no_height_no_minutes,nnls,uniform,0.3243645462745553,0.023168896162468235,14,height_inches|mins_per_game,6,407,0.1356666666666666,211,196,0.4259331498992012,ast_tov=3.42; ast_pct=1.47; ft_pct=1.11; three_share=1.05; three_pa_per_100_team_poss=0.41,eFG=-1.77; drb_pct=-1.64; orb_pct=-1.29; tov_pct=-1.21; usg=-1.03,-1.77214667113208,-0.0901503729458651,1.0482246131625554,0.4055016504601804,-1.026491460052263,-1.2115234345304338,1.4736185556907273,-1.2879955041825817,-1.6437971456627816,-0.8197074457993437,-0.8794298855244436,3.4194591325360024,-0.3812361602871107,1.1062532748448943,96,369.0,884,eFG|FTR|three_share|three_pa_per_100_team_poss|usg|tov_pct|ast_pct|orb_pct|drb_pct|blk_pct|stl_pct|ast_tov|three_pct|ft_pct
k8__division_zscore__no_height_no_minutes__method-nnls__init-uniform__ninit-1,8,division_zscore,"z-score within division, then recombined",six equal groups; per-feature z multiplied by sqrt(group_weight/features_in_group) for fitting; shown z values are unweighted,no_height_no_minutes,nnls,uniform,0.3243645462745553,0.023168896162468235,14,height_inches|mins_per_game,7,105,0.035,50,55,0.3841682359081032,tov_pct=3.26; stl_pct=3.24; FTR=3.15; ast_pct=0.90; usg=0.19,eFG=-2.17; three_pct=-1.93; drb_pct=-1.90; orb_pct=-1.36; three_pa_per_100_team_poss=-1.11,-2.170641040751899,3.148376083759615,-0.9138859498043772,-1.1073392471349974,0.1946236543155494,3.25511553296792,0.899755943079217,-1.3586340723278847,-1.9001127177543,-0.8906493428672899,3.244309945759076,-0.6232708745711967,-1.928143544851994,-1.0284979613951597,96,369.0,884,eFG|FTR|three_share|three_pa_per_100_team_poss|usg|tov_pct|ast_pct|orb_pct|drb_pct|blk_pct|stl_pct|ast_tov|three_pct|ft_pct
k8__division_zscore__no_height_no_minutes__method-nnls__init-uniform__ninit-1,8,division_zscore,"z-score within division, then recombined",six equal groups; per-feature z multiplied by sqrt(group_weight/features_in_group) for fitting; shown z values are unweighted,no_height_no_minutes,nnls,uniform,0.3243645462745553,0.023168896162468235,14,height_inches|mins_per_game,8,415,0.1383333333333333,223,192,0.3914978868477549,ast_pct=2.80; usg=2.40; drb_pct=2.36; orb_pct=1.84; stl_pct=1.29,three_share=-1.14; three_pa_per_100_team_poss=-0.83; ft_pct=-0.55; FTR=0.06; tov_pct=0.18,0.7959531711978919,0.0643763788751498,-1.136744821692783,-0.8285897386379398,2.400512165985079,0.1776425430575746,2.8001616707631993,1.843205966381255,2.361008411401428,0.4674105527050206,1.293599514473386,0.278092575260807,0.7767289661855428,-0.5500843725165133,96,369.0,884,eFG|FTR|three_share|three_pa_per_100_team_poss|usg|tov_pct|ast_pct|orb_pct|drb_pct|blk_pct|stl_pct|ast_tov|three_pct|ft_pct
k9__division_zscore__no_height_no_minutes__method-nnls__init-aa_plus_plus__ninit-1,9,division_zscore,"z-score within division, then recombined",six equal groups; per-feature z multiplied by sqrt(group_weight/features_in_group) for fitting; shown z values are unweighted,no_height_no_minutes,nnls,aa_plus_plus,0.2868977328902693,0.02049269520644781,14,height_inches|mins_per_game,1,105,0.035,49,56,0.4084323515211333,tov_pct=3.94; stl_pct=0.24; drb_pct=-0.34; ast_tov=-0.34; blk_pct=-0.53,ft_pct=-3.97; eFG=-3.17; usg=-2.13; three_pct=-2.08; FTR=-1.95,-3.169325977483199,-1.950972534834136,-1.59616425705724,-1.4735184977506228,-2.1325838207319725,3.940755475374567,-0.9686958677070128,-0.559602274406587,-0.3354802667834226,-0.5258547988641811,0.2418915295562614,-0.3422943375830186,-2.077484278131044,-3.972347320281713,105,253.0,878,eFG|FTR|three_share|three_pa_per_100_team_poss|usg|tov_pct|ast_pct|orb_pct|drb_pct|blk_pct|stl_pct|ast_tov|three_pct|ft_pct
k9__division_zscore__no_height_no_minutes__method-nnls__init-aa_plus_plus__ninit-1,9,division_zscore,"z-score within division, then recombined",six equal groups; per-feature z multiplied by sqrt(group_weight/features_in_group) for fitting; shown z values are unweighted,no_height_no_minutes,nnls,aa_plus_plus,0.2868977328902693,0.02049269520644781,14,height_inches|mins_per_game,2,253,0.0843333333333333,137,116,0.4477948730930937,ast_tov=3.61; three_share=1.97; three_pa_per_100_team_poss=1.19; stl_pct=0.54; three_pct=0.46,tov_pct=-1.98; usg=-1.60; FTR=-1.45; ft_pct=-1.41; drb_pct=-1.33,-0.0651962483701033,-1.454330069799571,1.9693815927759093,1.191081604961988,-1.5957023267350583,-1.980026955486488,0.0353870865318761,-0.9973281520411746,-1.3335165197769767,-0.8324909516948099,0.5445095542779,3.605203926158435,0.461195390574725,-1.4053341296504982,105,253.0,878,eFG|FTR|three_share|three_pa_per_100_team_poss|usg|tov_pct|ast_pct|orb_pct|drb_pct|blk_pct|stl_pct|ast_tov|three_pct|ft_pct
k9__division_zscore__no_height_no_minutes__method-nnls__init-aa_plus_plus__ninit-1,9,division_zscore,"z-score within division, then recombined",six equal groups; per-feature z multiplied by sqrt(group_weight/features_in_group) for fitting; shown z values are unweighted,no_height_no_minutes,nnls,aa_plus_plus,0.2868977328902693,0.02049269520644781,14,height_inches|mins_per_game,3,507,0.169,256,251,0.4402866934944184,orb_pct=2.82; drb_pct=2.68; usg=1.41; FTR=1.15; blk_pct=0.92,three_share=-1.37; three_pa_per_100_team_poss=-1.26; ast_tov=-0.87; stl_pct=-0.57; tov_pct=-0.54,0.7267997250248982,1.154209567973668,-1.3741039173313845,-1.2609182077480428,1.4051736803396369,-0.5361333287681812,-0.3690711793868291,2.8155837862870468,2.6784716800457953,0.9225487399696752,-0.568107495062425,-0.8653545884281652,-0.2501658036896622,-0.3893978650266582,105,253.0,878,eFG|FTR|three_share|three_pa_per_100_team_poss|usg|tov_pct|ast_pct|orb_pct|drb_pct|blk_pct|stl_pct|ast_tov|three_pct|ft_pct
k9__division_zscore__no_height_no_minutes__method-nnls__init-aa_plus_plus__ninit-1,9,division_zscore,"z-score within division, then recombined",six equal groups; per-feature z multiplied by sqrt(group_weight/features_in_group) for fitting; shown z values are unweighted,no_height_no_minutes,nnls,aa_plus_plus,0.2868977328902693,0.02049269520644781,14,height_inches|mins_per_game,4,189,0.063,96,93,0.3851094480284477,tov_pct=3.42; three_pct=1.80; eFG=1.39; FTR=1.25; ast_pct=0.84,usg=-1.15; stl_pct=-1.13; orb_pct=-1.11; three_pa_per_100_team_poss=-1.10; blk_pct=-0.90,1.3866384906051443,1.2506882706906084,-0.4389609623716565,-1.097895624494723,-1.1539458853646674,3.4224344591238447,0.8441751302308881,-1.1084342557396671,-0.5910177324097892,-0.8987128359023498,-1.1319876208081774,0.0108451552986009,1.7971718972384425,0.6368462792520507,105,253.0,878,eFG|FTR|three_share|three_pa_per_100_team_poss|usg|tov_pct|ast_pct|orb_pct|drb_pct|blk_pct|stl_pct|ast_tov|three_pct|ft_pct
k9__division_zscore__no_height_no_minutes__method-nnls__init-aa_plus_plus__ninit-1,9,division_zscore,"z-score within division, then recombined",six equal groups; per-feature z multiplied by sqrt(group_weight/features_in_group) for fitting; shown z values are unweighted,no_height_no_minutes,nnls,aa_plus_plus,0.2868977328902693,0.02049269520644781,14,height_inches|mins_per_game,5,145,0.0483333333333333,85,60,0.4174675960223506,FTR=3.56; orb_pct=-0.32; blk_pct=-0.45; ast_tov=-0.50; stl_pct=-0.50,three_pct=-1.93; drb_pct=-1.56; three_pa_per_100_team_poss=-1.33; usg=-1.22; ast_pct=-1.16,-0.8179092494125052,3.562483351607567,-1.1004631013906248,-1.3317618106889535,-1.2193055983646894,-0.6381700744546649,-1.155993357154812,-0.316986354088356,-1.556932636775877,-0.451528789275569,-0.5031947625960971,-0.5019339956798995,-1.9281435437261936,-0.8844492903026566,105,253.0,878,eFG|FTR|three_share|three_pa_per_100_team_poss|usg|tov_pct|ast_pct|orb_pct|drb_pct|blk_pct|stl_pct|ast_tov|three_pct|ft_pct
k9__division_zscore__no_height_no_minutes__method-nnls__init-aa_plus_plus__ninit-1,9,division_zscore,"z-score within division, then recombined",six equal groups; per-feature z multiplied by sqrt(group_weight/features_in_group) for fitting; shown z values are unweighted,no_height_no_minutes,nnls,aa_plus_plus,0.2868977328902693,0.02049269520644781,14,height_inches|mins_per_game,6,246,0.082,146,100,0.5118697826537005,blk_pct=4.03; eFG=1.96; orb_pct=1.77; drb_pct=1.25; tov_pct=0.13,three_pct=-1.93; three_share=-1.55; three_pa_per_100_team_poss=-1.45; ast_tov=-1.08; ast_pct=-1.07,1.9628233345094177,0.1192022011238651,-1.554191529287422,-1.447085732416432,-0.8868278036746541,0.1284953292625253,-1.0716226687523849,1.7734906499007943,1.2499455959458468,4.027263378024319,-0.7851730951509929,-1.0816145377832866,-1.9316264989674936,-0.6390853609250365,105,253.0,878,eFG|FTR|three_share|three_pa_per_100_team_poss|usg|tov_pct|ast_pct|orb_pct|drb_pct|blk_pct|stl_pct|ast_tov|three_pct|ft_pct
k9__division_zscore__no_height_no_minutes__method-nnls__init-aa_plus_plus__ninit-1,9,division_zscore,"z-score within division, then recombined",six equal groups; per-feature z multiplied by sqrt(group_weight/features_in_group) for fitting; shown z values are unweighted,no_height_no_minutes,nnls,aa_plus_plus,0.2868977328902693,0.02049269520644781,14,height_inches|mins_per_game,7,362,0.1206666666666666,219,143,0.4487357758450944,ast_pct=3.02; usg=2.04; ast_tov=1.50; ft_pct=1.02; three_pct=0.44,orb_pct=-0.96; drb_pct=-0.68; blk_pct=-0.60; FTR=-0.45; stl_pct=-0.35,0.1849234026144215,-0.4478906741411075,-0.301895554819216,0.430731277133229,2.0352519407380365,-0.1875436718225197,3.024704023057383,-0.9558788230411784,-0.6803236326997292,-0.6030498954338882,-0.3482985766094502,1.499653274704006,0.4427618452510714,1.020703115260631,105,253.0,878,eFG|FTR|three_share|three_pa_per_100_team_poss|usg|tov_pct|ast_pct|orb_pct|drb_pct|blk_pct|stl_pct|ast_tov|three_pct|ft_pct
k9__division_zscore__no_height_no_minutes__method-nnls__init-aa_plus_plus__ninit-1,9,division_zscore,"z-score within division, then recombined",six equal groups; per-feature z multiplied by sqrt(group_weight/features_in_group) for fitting; shown z values are unweighted,no_height_no_minutes,nnls,aa_plus_plus,0.2868977328902693,0.02049269520644781,14,height_inches|mins_per_game,8,878,0.2926666666666667,480,398,0.4541387855026199,three_pa_per_100_team_poss=2.51; three_share=2.01; ft_pct=1.12; usg=0.76; three_pct=0.50,tov_pct=-1.61; ast_tov=-1.29; ast_pct=-1.25; FTR=-1.21; orb_pct=-0.78,0.1193357170553736,-1.2090871902607845,2.0084867386134215,2.508122401840224,0.7642762081546474,-1.6051939527401249,-1.248303995430745,-0.7784129037035886,-0.4501430266271358,0.0303934484420255,-0.7253677959656479,-1.2922806908676137,0.4999167033252211,1.115824426609718,105,253.0,878,eFG|FTR|three_share|three_pa_per_100_team_poss|usg|tov_pct|ast_pct|orb_pct|drb_pct|blk_pct|stl_pct|ast_tov|three_pct|ft_pct
k9__division_zscore__no_height_no_minutes__method-nnls__init-aa_plus_plus__ninit-1,9,division_zscore,"z-score within division, then recombined",six equal groups; per-feature z multiplied by sqrt(group_weight/features_in_group) for fitting; shown z values are unweighted,no_height_no_minutes,nnls,aa_plus_plus,0.2868977328902693,0.02049269520644781,14,height_inches|mins_per_game,9,315,0.105,160,155,0.4447847640071015,stl_pct=3.49; ast_pct=1.74; usg=1.24; FTR=1.17; tov_pct=0.44,three_share=-0.55; orb_pct=-0.31; blk_pct=-0.26; three_pa_per_100_team_poss=-0.25; drb_pct=-0.13,-0.1190183711637544,1.1706118588842829,-0.5480023825521436,-0.2528325026539569,1.2373804920676696,0.4406493245492449,1.741316755950892,-0.3097554492308958,-0.1267125006185041,-0.2642223828685945,3.4925019435973357,0.3872767240003273,0.2883381319476064,0.290607510715614,105,253.0,878,eFG|FTR|three_share|three_pa_per_100_team_poss|usg|tov_pct|ast_pct|orb_pct|drb_pct|blk_pct|stl_pct|ast_tov|three_pct|ft_pct
k10__division_zscore__no_height_no_minutes__method-nnls__init-aa_plus_plus__ninit-1,10,division_zscore,"z-score within division, then recombined",six equal groups; per-feature z multiplied by sqrt(group_weight/features_in_group) for fitting; shown z values are unweighted,no_height_no_minutes,nnls,aa_plus_plus,0.2797415661677011,0.019981540440550078,14,height_inches|mins_per_game,1,705,0.235,393,312,0.4733829403751696,ast_pct=2.63; stl_pct=2.00; usg=1.92; ft_pct=1.04; three_pct=0.56,orb_pct=-0.90; blk_pct=-0.57; drb_pct=-0.34; eFG=-0.27; three_share=-0.27,-0.2728090665269941,0.3336022934265052,-0.272529688938441,0.1821608415904282,1.9238284943414996,0.5209718824217452,2.6336578252524463,-0.903477600553536,-0.3437153681881685,-0.5678651459826703,2.0044872604103103,0.4018651292742812,0.5609486738481253,1.0417246489780054,62,208.0,705,eFG|FTR|three_share|three_pa_per_100_team_poss|usg|tov_pct|ast_pct|orb_pct|drb_pct|blk_pct|stl_pct|ast_tov|three_pct|ft_pct
k10__division_zscore__no_height_no_minutes__method-nnls__init-aa_plus_plus__ninit-1,10,division_zscore,"z-score within division, then recombined",six equal groups; per-feature z multiplied by sqrt(group_weight/features_in_group) for fitting; shown z values are unweighted,no_height_no_minutes,nnls,aa_plus_plus,0.2797415661677011,0.019981540440550078,14,height_inches|mins_per_game,2,222,0.074,128,94,0.488594064488181,blk_pct=4.05; eFG=1.88; orb_pct=1.66; drb_pct=1.18; FTR=0.70,three_pct=-1.89; three_share=-1.55; three_pa_per_100_team_poss=-1.45; ast_pct=-1.13; ast_tov=-0.97,1.8832654851212591,0.6998907154544323,-1.5459466627798957,-1.4450421463274812,-0.930501632187106,0.0143913493324987,-1.1254212523226772,1.6555723432886569,1.1763914113342089,4.052544843794912,-0.9424133422213958,-0.9702147919773024,-1.8853768842552256,-0.5585524589185875,62,208.0,705,eFG|FTR|three_share|three_pa_per_100_team_poss|usg|tov_pct|ast_pct|orb_pct|drb_pct|blk_pct|stl_pct|ast_tov|three_pct|ft_pct
k10__division_zscore__no_height_no_minutes__method-nnls__init-aa_plus_plus__ninit-1,10,division_zscore,"z-score within division, then recombined",six equal groups; per-feature z multiplied by sqrt(group_weight/features_in_group) for fitting; shown z values are unweighted,no_height_no_minutes,nnls,aa_plus_plus,0.2797415661677011,0.019981540440550078,14,height_inches|mins_per_game,3,62,0.0206666666666666,30,32,0.404955285192799,stl_pct=3.18; orb_pct=1.96; FTR=1.86; eFG=1.43; ast_tov=0.05,ft_pct=-2.87; three_pct=-1.96; three_share=-1.42; three_pa_per_100_team_poss=-1.39; drb_pct=-0.61,1.434514811513008,1.8611577726408255,-1.4246128516853789,-1.3877262573387086,-0.1161888432922117,-0.1926923707033172,-0.5564707551253616,1.9568174253834232,-0.6116151445963622,-0.0130433552608009,3.1821752765835383,0.0454333352142762,-1.9580233022947675,-2.86954432306602,62,208.0,705,eFG|FTR|three_share|three_pa_per_100_team_poss|usg|tov_pct|ast_pct|orb_pct|drb_pct|blk_pct|stl_pct|ast_tov|three_pct|ft_pct
k10__division_zscore__no_height_no_minutes__method-nnls__init-aa_plus_plus__ninit-1,10,division_zscore,"z-score within division, then recombined",six equal groups; per-feature z multiplied by sqrt(group_weight/features_in_group) for fitting; shown z values are unweighted,no_height_no_minutes,nnls,aa_plus_plus,0.2797415661677011,0.019981540440550078,14,height_inches|mins_per_game,4,194,0.0646666666666666,104,90,0.4365849112807611,ast_tov=3.51; three_share=1.33; three_pa_per_100_team_poss=0.51; ast_pct=0.37; blk_pct=-0.67,eFG=-2.43; tov_pct=-1.66; usg=-1.33; stl_pct=-1.06; drb_pct=-0.99,-2.430830037249942,-0.7619859204402593,1.33470124038005,0.5141331516924638,-1.3312315204112004,-1.6617980497445872,0.3666444040735873,-0.9065390727435084,-0.9884274736527084,-0.666332609189283,-1.0642868930584544,3.5101207357615767,-0.7839510271618406,-0.8613705083405909,62,208.0,705,eFG|FTR|three_share|three_pa_per_100_team_poss|usg|tov_pct|ast_pct|orb_pct|drb_pct|blk_pct|stl_pct|ast_tov|three_pct|ft_pct
k10__division_zscore__no_height_no_minutes__method-nnls__init-aa_plus_plus__ninit-1,10,division_zscore,"z-score within division, then recombined",six equal groups; per-feature z multiplied by sqrt(group_weight/features_in_group) for fitting; shown z values are unweighted,no_height_no_minutes,nnls,aa_plus_plus,0.2797415661677011,0.019981540440550078,14,height_inches|mins_per_game,5,88,0.0293333333333333,46,42,0.3395789736401914,drb_pct=2.43; ft_pct=1.87; stl_pct=1.16; tov_pct=0.80; three_share=0.12,eFG=-3.17; three_pct=-2.08; ast_pct=-1.36; usg=-1.30; ast_tov=-1.23,-3.1693259777666567,-0.7191613304126201,0.1225289181472633,-0.4766292812768736,-1.297728001435471,0.8009722003565238,-1.3558269831285996,-0.2651181971519193,2.425140645284526,0.0272361445659585,1.1630020000295898,-1.2330102053017802,-2.077484278316841,1.8651977776485087,62,208.0,705,eFG|FTR|three_share|three_pa_per_100_team_poss|usg|tov_pct|ast_pct|orb_pct|drb_pct|blk_pct|stl_pct|ast_tov|three_pct|ft_pct
k10__division_zscore__no_height_no_minutes__method-nnls__init-aa_plus_plus__ninit-1,10,division_zscore,"z-score within division, then recombined",six equal groups; per-feature z multiplied by sqrt(group_weight/features_in_group) for fitting; shown z values are unweighted,no_height_no_minutes,nnls,aa_plus_plus,0.2797415661677011,0.019981540440550078,14,height_inches|mins_per_game,6,441,0.147,241,200,0.3844808877366003,eFG=2.76; three_pct=2.09; ft_pct=1.80; three_share=1.76; stl_pct=0.82,usg=-1.94; blk_pct=-0.89; FTR=-0.74; drb_pct=-0.62; orb_pct=-0.55,2.7620261978583467,-0.7399298391713808,1.7557458964660997,0.1670814502305815,-1.937948438226644,0.065315026780722,-0.4708878811241935,-0.5472357909974249,-0.6167900532470131,-0.8906493414251084,0.8184215662873942,0.5291460184306316,2.092890234434712,1.8024154260155627,62,208.0,705,eFG|FTR|three_share|three_pa_per_100_team_poss|usg|tov_pct|ast_pct|orb_pct|drb_pct|blk_pct|stl_pct|ast_tov|three_pct|ft_pct
k10__division_zscore__no_height_no_minutes__method-nnls__init-aa_plus_plus__ninit-1,10,division_zscore,"z-score within division, then recombined",six equal groups; per-feature z multiplied by sqrt(group_weight/features_in_group) for fitting; shown z values are unweighted,no_height_no_minutes,nnls,aa_plus_plus,0.2797415661677011,0.019981540440550078,14,height_inches|mins_per_game,7,95,0.0316666666666666,49,46,0.4085546921707907,tov_pct=3.82; blk_pct=-0.04; stl_pct=-0.04; ast_tov=-0.70; drb_pct=-0.70,ft_pct=-3.97; eFG=-2.97; usg=-2.00; FTR=-1.95; three_pct=-1.81,-2.97171994951188,-1.949197937013492,-1.3904451679977874,-1.3370016437699943,-1.9975595732265392,3.822347011497457,-0.9808843802894934,-0.9149176337845312,-0.7028254467128029,-0.0387890708280644,-0.0423787030714499,-0.6975623999817893,-1.8106371604462383,-3.9708675750992968,62,208.0,705,eFG|FTR|three_share|three_pa_per_100_team_poss|usg|tov_pct|ast_pct|orb_pct|drb_pct|blk_pct|stl_pct|ast_tov|three_pct|ft_pct
k10__division_zscore__no_height_no_minutes__method-nnls__init-aa_plus_plus__ninit-1,10,division_zscore,"z-score within division, then recombined",six equal groups; per-feature z multiplied by sqrt(group_weight/features_in_group) for fitting; shown z values are unweighted,no_height_no_minutes,nnls,aa_plus_plus,0.2797415661677011,0.019981540440550078,14,height_inches|mins_per_game,8,459,0.153,249,210,0.4285542488619038,orb_pct=2.85; drb_pct=2.71; usg=1.73; blk_pct=1.49; eFG=0.99,three_share=-1.45; three_pa_per_100_team_poss=-1.33; stl_pct=-0.98; ast_tov=-0.66; three_pct=-0.65,0.9906862872383834,0.5118221429456727,-1.453371634915555,-1.3299152114929655,1.7281510171030643,-0.3469031462425143,0.1315028118610223,2.8452729167577093,2.7137417024664057,1.4897642527987045,-0.9807222087187448,-0.6563496957714318,-0.6512545247475385,-0.5668100819807133,62,208.0,705,eFG|FTR|three_share|three_pa_per_100_team_poss|usg|tov_pct|ast_pct|orb_pct|drb_pct|blk_pct|stl_pct|ast_tov|three_pct|ft_pct
k10__division_zscore__no_height_no_minutes__method-nnls__init-aa_plus_plus__ninit-1,10,division_zscore,"z-score within division, then recombined",six equal groups; per-feature z multiplied by sqrt(group_weight/features_in_group) for fitting; shown z values are unweighted,no_height_no_minutes,nnls,aa_plus_plus,0.2797415661677011,0.019981540440550078,14,height_inches|mins_per_game,9,190,0.0633333333333333,106,84,0.4234806515402406,FTR=3.42; tov_pct=1.13; orb_pct=-0.05; eFG=-0.05; blk_pct=-0.38,three_pct=-1.61; usg=-1.44; stl_pct=-1.31; ast_pct=-1.15; three_pa_per_100_team_poss=-1.15,-0.054470999946269,3.423060421840791,-0.7541955840750721,-1.1454394221661564,-1.4379521166810567,1.1315323479784645,-1.1494831326581874,-0.0499440481893395,-1.1012850456290832,-0.3817865569373875,-1.3091038739378722,-0.8196871135103566,-1.6050827178511535,-0.674520575449074,62,208.0,705,eFG|FTR|three_share|three_pa_per_100_team_poss|usg|tov_pct|ast_pct|orb_pct|drb_pct|blk_pct|stl_pct|ast_tov|three_pct|ft_pct
k10__division_zscore__no_height_no_minutes__method-nnls__init-aa_plus_plus__ninit-1,10,division_zscore,"z-score within division, then recombined",six equal groups; per-feature z multiplied by sqrt(group_weight/features_in_group) for fitting; shown z values are unweighted,no_height_no_minutes,nnls,aa_plus_plus,0.2797415661677011,0.019981540440550078,14,height_inches|mins_per_game,10,544,0.1813333333333333,282,262,0.4230523896117759,three_pa_per_100_team_poss=2.52; three_share=1.91; usg=1.53; three_pct=0.39; blk_pct=0.03,tov_pct=-1.58; stl_pct=-1.47; ast_tov=-1.38; ast_pct=-1.14; drb_pct=-0.98,-0.186817007669565,-0.8239706527362624,1.910449802254322,2.5194323945303028,1.5335224123743112,-1.5790665723455253,-1.1365190987845617,-0.6254961209973605,-0.982403833041002,0.0284499043957255,-1.4745996278513007,-1.3786493334250602,0.3868756811334316,-0.3111784140969171,62,208.0,705,eFG|FTR|three_share|three_pa_per_100_team_poss|usg|tov_pct|ast_pct|orb_pct|drb_pct|blk_pct|stl_pct|ast_tov|three_pct|ft_pct
