run_id,k,scaling_mode,feature_set,method,init,n_init,max_iter,tol,features,excluded_features,rss,rss_per_row,n_iter,min_archetype_rows,median_archetype_rows,max_archetype_rows,elapsed_seconds,feature_count,rss_per_row_per_feature
k6__division_zscore__no_height_no_minutes__method-nnls__init-uniform__ninit-1,6,division_zscore,no_height_no_minutes,nnls,uniform,1,80,0.0001,eFG|FTR|three_share|three_pa_per_100_team_poss|usg|tov_pct|ast_pct|orb_pct|drb_pct|blk_pct|stl_pct|ast_tov|three_pct|ft_pct,height_inches|mins_per_game,1145.423961563822,0.3818079871879406,80,148,442.5,875,3.1937670707702637,14,0.0272719990848529
k6__division_zscore__no_height_no_minutes__method-nnls__init-furthest_sum__ninit-1,6,division_zscore,no_height_no_minutes,nnls,furthest_sum,1,80,0.0001,eFG|FTR|three_share|three_pa_per_100_team_poss|usg|tov_pct|ast_pct|orb_pct|drb_pct|blk_pct|stl_pct|ast_tov|three_pct|ft_pct,height_inches|mins_per_game,1117.9776291612377,0.3726592097204125,80,164,425.0,848,3.3242619037628174,14,0.026618514980029463
k6__division_zscore__no_height_no_minutes__method-nnls__init-furthest_first__ninit-1,6,division_zscore,no_height_no_minutes,nnls,furthest_first,1,80,0.0001,eFG|FTR|three_share|three_pa_per_100_team_poss|usg|tov_pct|ast_pct|orb_pct|drb_pct|blk_pct|stl_pct|ast_tov|three_pct|ft_pct,height_inches|mins_per_game,1180.306316852934,0.393435438950978,28,40,466.5,1021,1.1808171272277832,14,0.028102531353641286
k6__division_zscore__no_height_no_minutes__method-nnls__init-aa_plus_plus__ninit-1,6,division_zscore,no_height_no_minutes,nnls,aa_plus_plus,1,80,0.0001,eFG|FTR|three_share|three_pa_per_100_team_poss|usg|tov_pct|ast_pct|orb_pct|drb_pct|blk_pct|stl_pct|ast_tov|three_pct|ft_pct,height_inches|mins_per_game,1118.638635108056,0.3728795450360186,80,147,487.0,775,3.366058111190796,14,0.026634253216858472
k7__division_zscore__no_height_no_minutes__method-nnls__init-uniform__ninit-1,7,division_zscore,no_height_no_minutes,nnls,uniform,1,80,0.0001,eFG|FTR|three_share|three_pa_per_100_team_poss|usg|tov_pct|ast_pct|orb_pct|drb_pct|blk_pct|stl_pct|ast_tov|three_pct|ft_pct,height_inches|mins_per_game,1027.3564453359124,0.3424521484453041,80,186,359.0,876,3.8432507514953618,14,0.02446086774609315
k7__division_zscore__no_height_no_minutes__method-nnls__init-furthest_sum__ninit-1,7,division_zscore,no_height_no_minutes,nnls,furthest_sum,1,80,0.0001,eFG|FTR|three_share|three_pa_per_100_team_poss|usg|tov_pct|ast_pct|orb_pct|drb_pct|blk_pct|stl_pct|ast_tov|three_pct|ft_pct,height_inches|mins_per_game,1038.0833635943998,0.3460277878647999,80,43,467.0,851,4.730648040771484,14,0.02471627056177142
k7__division_zscore__no_height_no_minutes__method-nnls__init-furthest_first__ninit-1,7,division_zscore,no_height_no_minutes,nnls,furthest_first,1,80,0.0001,eFG|FTR|three_share|three_pa_per_100_team_poss|usg|tov_pct|ast_pct|orb_pct|drb_pct|blk_pct|stl_pct|ast_tov|three_pct|ft_pct,height_inches|mins_per_game,1036.2545688189623,0.3454181896063208,80,98,435.0,978,4.358298063278198,14,0.024672727829022915
k7__division_zscore__no_height_no_minutes__method-nnls__init-aa_plus_plus__ninit-1,7,division_zscore,no_height_no_minutes,nnls,aa_plus_plus,1,80,0.0001,eFG|FTR|three_share|three_pa_per_100_team_poss|usg|tov_pct|ast_pct|orb_pct|drb_pct|blk_pct|stl_pct|ast_tov|three_pct|ft_pct,height_inches|mins_per_game,1061.4099543786874,0.3538033181262291,80,32,386.0,826,4.036562919616699,14,0.025271665580444937
k8__division_zscore__no_height_no_minutes__method-nnls__init-uniform__ninit-1,8,division_zscore,no_height_no_minutes,nnls,uniform,1,80,0.0001,eFG|FTR|three_share|three_pa_per_100_team_poss|usg|tov_pct|ast_pct|orb_pct|drb_pct|blk_pct|stl_pct|ast_tov|three_pct|ft_pct,height_inches|mins_per_game,973.093638823666,0.3243645462745553,80,96,369.0,884,4.60733699798584,14,0.023168896162468235
k8__division_zscore__no_height_no_minutes__method-nnls__init-furthest_sum__ninit-1,8,division_zscore,no_height_no_minutes,nnls,furthest_sum,1,80,0.0001,eFG|FTR|three_share|three_pa_per_100_team_poss|usg|tov_pct|ast_pct|orb_pct|drb_pct|blk_pct|stl_pct|ast_tov|three_pct|ft_pct,height_inches|mins_per_game,1011.7694481260312,0.3372564827086771,80,41,237.5,977,4.0538671016693115,14,0.024089748764905505
k8__division_zscore__no_height_no_minutes__method-nnls__init-furthest_first__ninit-1,8,division_zscore,no_height_no_minutes,nnls,furthest_first,1,80,0.0001,eFG|FTR|three_share|three_pa_per_100_team_poss|usg|tov_pct|ast_pct|orb_pct|drb_pct|blk_pct|stl_pct|ast_tov|three_pct|ft_pct,height_inches|mins_per_game,987.3524758601988,0.3291174919533995,80,44,288.0,866,3.8239800930023193,14,0.02350839228238568
k8__division_zscore__no_height_no_minutes__method-nnls__init-aa_plus_plus__ninit-1,8,division_zscore,no_height_no_minutes,nnls,aa_plus_plus,1,80,0.0001,eFG|FTR|three_share|three_pa_per_100_team_poss|usg|tov_pct|ast_pct|orb_pct|drb_pct|blk_pct|stl_pct|ast_tov|three_pct|ft_pct,height_inches|mins_per_game,982.255059165,0.327418353055,80,117,374.5,663,4.751873731613159,14,0.023387025218214286
k9__division_zscore__no_height_no_minutes__method-nnls__init-uniform__ninit-1,9,division_zscore,no_height_no_minutes,nnls,uniform,1,80,0.0001,eFG|FTR|three_share|three_pa_per_100_team_poss|usg|tov_pct|ast_pct|orb_pct|drb_pct|blk_pct|stl_pct|ast_tov|three_pct|ft_pct,height_inches|mins_per_game,887.9499957426872,0.295983331914229,80,108,249.0,753,5.191899061203003,14,0.02114166656530207
k9__division_zscore__no_height_no_minutes__method-nnls__init-furthest_sum__ninit-1,9,division_zscore,no_height_no_minutes,nnls,furthest_sum,1,80,0.0001,eFG|FTR|three_share|three_pa_per_100_team_poss|usg|tov_pct|ast_pct|orb_pct|drb_pct|blk_pct|stl_pct|ast_tov|three_pct|ft_pct,height_inches|mins_per_game,895.234218604632,0.298411406201544,80,30,341.0,1005,3.884298086166382,14,0.021315100442967427
k9__division_zscore__no_height_no_minutes__method-nnls__init-furthest_first__ninit-1,9,division_zscore,no_height_no_minutes,nnls,furthest_first,1,80,0.0001,eFG|FTR|three_share|three_pa_per_100_team_poss|usg|tov_pct|ast_pct|orb_pct|drb_pct|blk_pct|stl_pct|ast_tov|three_pct|ft_pct,height_inches|mins_per_game,883.4751702854196,0.2944917234284732,80,36,318.0,978,3.9676878452301025,14,0.021035123102033797
k9__division_zscore__no_height_no_minutes__method-nnls__init-aa_plus_plus__ninit-1,9,division_zscore,no_height_no_minutes,nnls,aa_plus_plus,1,80,0.0001,eFG|FTR|three_share|three_pa_per_100_team_poss|usg|tov_pct|ast_pct|orb_pct|drb_pct|blk_pct|stl_pct|ast_tov|three_pct|ft_pct,height_inches|mins_per_game,860.693198670808,0.2868977328902693,80,105,253.0,878,5.499247789382935,14,0.02049269520644781
k10__division_zscore__no_height_no_minutes__method-nnls__init-uniform__ninit-1,10,division_zscore,no_height_no_minutes,nnls,uniform,1,80,0.0001,eFG|FTR|three_share|three_pa_per_100_team_poss|usg|tov_pct|ast_pct|orb_pct|drb_pct|blk_pct|stl_pct|ast_tov|three_pct|ft_pct,height_inches|mins_per_game,845.698940853405,0.281899646951135,80,92,290.5,689,4.532128095626831,14,0.020135689067938216
k10__division_zscore__no_height_no_minutes__method-nnls__init-furthest_sum__ninit-1,10,division_zscore,no_height_no_minutes,nnls,furthest_sum,1,80,0.0001,eFG|FTR|three_share|three_pa_per_100_team_poss|usg|tov_pct|ast_pct|orb_pct|drb_pct|blk_pct|stl_pct|ast_tov|three_pct|ft_pct,height_inches|mins_per_game,873.5168083515528,0.2911722694505176,80,17,169.5,1064,4.17059588432312,14,0.020798019246465543
k10__division_zscore__no_height_no_minutes__method-nnls__init-furthest_first__ninit-1,10,division_zscore,no_height_no_minutes,nnls,furthest_first,1,80,0.0001,eFG|FTR|three_share|three_pa_per_100_team_poss|usg|tov_pct|ast_pct|orb_pct|drb_pct|blk_pct|stl_pct|ast_tov|three_pct|ft_pct,height_inches|mins_per_game,861.8339890320051,0.2872779963440017,80,29,201.0,945,11.932162046432495,14,0.020519856881714406
k10__division_zscore__no_height_no_minutes__method-nnls__init-aa_plus_plus__ninit-1,10,division_zscore,no_height_no_minutes,nnls,aa_plus_plus,1,80,0.0001,eFG|FTR|three_share|three_pa_per_100_team_poss|usg|tov_pct|ast_pct|orb_pct|drb_pct|blk_pct|stl_pct|ast_tov|three_pct|ft_pct,height_inches|mins_per_game,839.2246985031034,0.2797415661677011,80,62,208.0,705,23.75230097770691,14,0.019981540440550078
