version,run_id,k,scaling_mode,z_score_basis,sample_size,feature_set,method,init,rss_per_row,rss_per_row_per_feature,feature_count,excluded_features,archetype_id,rows,share,d1_rows,d2_rows,mean_membership_weight,top_z_features,bottom_z_features,usg_z,ast_pct_z,tov_pct_z,ast_tov_z,FTR_z,three_share_z,three_pa_per_100_team_poss_z,orb_pct_z,drb_pct_z,stl_pct_z,blk_pct_z,min_archetype_rows,median_archetype_rows,max_archetype_rows,features,height_inches_z,eFG_z,three_pct_z,ft_pct_z
role_only_no_height,k6__division_zscore__role_only_no_height__method-nnls__init-uniform__ninit-1,6,division_zscore,"z-score within division, then recombined",3000,role_only_no_height,nnls,uniform,0.2677347352386173,0.024339521385328845,11,height_inches|mins_per_game|eFG|three_pct|ft_pct,1,309,0.103,166,143,0.456535662591947,ast_tov=3.61; three_share=1.83; three_pa_per_100_team_poss=0.65; stl_pct=0.48; ast_pct=-0.02,tov_pct=-2.10; usg=-1.93; FTR=-1.50; drb_pct=-1.13; orb_pct=-1.06,-1.934054133073586,-0.0247471379972056,-2.1010596211893833,3.6052039258956543,-1.4985510860078644,1.8306908319410664,0.6470169921259094,-1.0554092152446422,-1.1345802320564355,0.478939474407658,-0.80300193048362,262,463.5,800,usg|ast_pct|tov_pct|ast_tov|FTR|three_share|three_pa_per_100_team_poss|orb_pct|drb_pct|stl_pct|blk_pct,,,,
role_only_no_height,k6__division_zscore__role_only_no_height__method-nnls__init-uniform__ninit-1,6,division_zscore,"z-score within division, then recombined",3000,role_only_no_height,nnls,uniform,0.2677347352386173,0.024339521385328845,11,height_inches|mins_per_game|eFG|three_pct|ft_pct,2,415,0.1383333333333333,223,192,0.4794788410924968,FTR=3.56; orb_pct=0.65; tov_pct=0.49; drb_pct=-0.45; blk_pct=-0.49,three_share=-1.41; three_pa_per_100_team_poss=-1.38; usg=-1.22; ast_pct=-1.20; ast_tov=-1.03,-1.222633056395638,-1.2002312886773556,0.4926171932942928,-1.0323949628868532,3.5624833484563783,-1.409642718188303,-1.3839115049601496,0.6494537852907535,-0.454557741159983,-0.5699039505247658,-0.4946127326489778,262,463.5,800,usg|ast_pct|tov_pct|ast_tov|FTR|three_share|three_pa_per_100_team_poss|orb_pct|drb_pct|stl_pct|blk_pct,,,,
role_only_no_height,k6__division_zscore__role_only_no_height__method-nnls__init-uniform__ninit-1,6,division_zscore,"z-score within division, then recombined",3000,role_only_no_height,nnls,uniform,0.2677347352386173,0.024339521385328845,11,height_inches|mins_per_game|eFG|three_pct|ft_pct,3,800,0.2666666666666666,433,367,0.505250294172251,ast_pct=2.70; usg=2.10; stl_pct=1.74; ast_tov=0.74; FTR=0.70,orb_pct=-0.75; blk_pct=-0.63; three_share=-0.38; drb_pct=-0.30; three_pa_per_100_team_poss=0.11,2.09537077255151,2.695033591485618,0.2029305482981827,0.7403121511441746,0.7041213918830126,-0.3758288579905088,0.1089170684240342,-0.7504861349516863,-0.2958030941399113,1.7362675032370225,-0.6252298185579798,262,463.5,800,usg|ast_pct|tov_pct|ast_tov|FTR|three_share|three_pa_per_100_team_poss|orb_pct|drb_pct|stl_pct|blk_pct,,,,
role_only_no_height,k6__division_zscore__role_only_no_height__method-nnls__init-uniform__ninit-1,6,division_zscore,"z-score within division, then recombined",3000,role_only_no_height,nnls,uniform,0.2677347352386173,0.024339521385328845,11,height_inches|mins_per_game|eFG|three_pct|ft_pct,4,262,0.0873333333333333,135,127,0.4408056532664042,tov_pct=3.80; blk_pct=-0.10; stl_pct=-0.11; ast_pct=-0.43; ast_tov=-0.43,usg=-1.99; FTR=-1.77; three_pa_per_100_team_poss=-1.14; orb_pct=-0.97; three_share=-0.78,-1.994433928117493,-0.4292980656006077,3.8013671686541506,-0.4319226805517384,-1.773064752585978,-0.7770154201791952,-1.1413839202482297,-0.9710488875062632,-0.5402964195615917,-0.1050735723792082,-0.0958921295224284,262,463.5,800,usg|ast_pct|tov_pct|ast_tov|FTR|three_share|three_pa_per_100_team_poss|orb_pct|drb_pct|stl_pct|blk_pct,,,,
role_only_no_height,k6__division_zscore__role_only_no_height__method-nnls__init-uniform__ninit-1,6,division_zscore,"z-score within division, then recombined",3000,role_only_no_height,nnls,uniform,0.2677347352386173,0.024339521385328845,11,height_inches|mins_per_game|eFG|three_pct|ft_pct,5,702,0.234,382,320,0.462743349163797,three_pa_per_100_team_poss=2.47; three_share=2.14; usg=0.44; blk_pct=-0.46; drb_pct=-0.85,tov_pct=-1.66; FTR=-1.52; stl_pct=-1.45; ast_tov=-1.40; ast_pct=-1.37,0.4403632774170289,-1.3747634602537204,-1.6613416760857262,-1.402776144092889,-1.521930396287371,2.1355864290618234,2.4691739877385825,-0.9319955020531908,-0.8499099431520858,-1.4464626704832504,-0.4617406971025853,262,463.5,800,usg|ast_pct|tov_pct|ast_tov|FTR|three_share|three_pa_per_100_team_poss|orb_pct|drb_pct|stl_pct|blk_pct,,,,
role_only_no_height,k6__division_zscore__role_only_no_height__method-nnls__init-uniform__ninit-1,6,division_zscore,"z-score within division, then recombined",3000,role_only_no_height,nnls,uniform,0.2677347352386173,0.024339521385328845,11,height_inches|mins_per_game|eFG|three_pct|ft_pct,6,512,0.1706666666666666,289,223,0.4625975811723234,blk_pct=3.64; orb_pct=2.93; drb_pct=2.72; usg=0.59; FTR=-0.34,three_share=-1.55; three_pa_per_100_team_poss=-1.45; ast_tov=-0.95; tov_pct=-0.91; ast_pct=-0.81,0.589052108361005,-0.8121370189668856,-0.9084274998719806,-0.9453981872497516,-0.3377588147846775,-1.5495117914125347,-1.4475592882179509,2.926857551228898,2.719123946479557,-0.5145323954947832,3.638585139581581,262,463.5,800,usg|ast_pct|tov_pct|ast_tov|FTR|three_share|three_pa_per_100_team_poss|orb_pct|drb_pct|stl_pct|blk_pct,,,,
role_only_no_height,k7__division_zscore__role_only_no_height__method-nnls__init-aa_plus_plus__ninit-1,7,division_zscore,"z-score within division, then recombined",3000,role_only_no_height,nnls,aa_plus_plus,0.238495041324195,0.021681367393108636,11,height_inches|mins_per_game|eFG|three_pct|ft_pct,1,294,0.098,161,133,0.4389883262975242,ast_tov=3.61; three_share=2.21; three_pa_per_100_team_poss=1.08; stl_pct=0.69; ast_pct=-0.21,tov_pct=-2.22; usg=-1.87; FTR=-1.81; drb_pct=-1.35; orb_pct=-1.04,-1.8699821944256445,-0.2139297223721239,-2.216596199353602,3.605203926563031,-1.807596887614968,2.206941454243018,1.0767346774430644,-1.0448731352984704,-1.3451850028798769,0.6857373917703825,-0.8883574311921193,163,330.0,770,usg|ast_pct|tov_pct|ast_tov|FTR|three_share|three_pa_per_100_team_poss|orb_pct|drb_pct|stl_pct|blk_pct,,,,
role_only_no_height,k7__division_zscore__role_only_no_height__method-nnls__init-aa_plus_plus__ninit-1,7,division_zscore,"z-score within division, then recombined",3000,role_only_no_height,nnls,aa_plus_plus,0.238495041324195,0.021681367393108636,11,height_inches|mins_per_game|eFG|three_pct|ft_pct,2,673,0.2243333333333333,362,311,0.4457061235878949,three_pa_per_100_team_poss=2.48; three_share=2.10; usg=0.66; blk_pct=-0.39; drb_pct=-0.86,tov_pct=-1.73; stl_pct=-1.70; ast_tov=-1.40; FTR=-1.38; ast_pct=-1.36,0.6646422587023244,-1.3566915963825423,-1.7259262992409026,-1.4002911747197897,-1.3820170444601263,2.097379977673016,2.4837015377783085,-0.9026252171418442,-0.8578821533424944,-1.7018156953738504,-0.3850710246589505,163,330.0,770,usg|ast_pct|tov_pct|ast_tov|FTR|three_share|three_pa_per_100_team_poss|orb_pct|drb_pct|stl_pct|blk_pct,,,,
role_only_no_height,k7__division_zscore__role_only_no_height__method-nnls__init-aa_plus_plus__ninit-1,7,division_zscore,"z-score within division, then recombined",3000,role_only_no_height,nnls,aa_plus_plus,0.238495041324195,0.021681367393108636,11,height_inches|mins_per_game|eFG|three_pct|ft_pct,3,163,0.0543333333333333,94,69,0.380094578821913,stl_pct=3.24; orb_pct=2.93; drb_pct=1.47; blk_pct=0.61; FTR=0.41,three_share=-1.55; ast_tov=-1.50; three_pa_per_100_team_poss=-1.45; ast_pct=-1.36; tov_pct=0.02,0.0305796469295435,-1.3610998495223892,0.0173649265648479,-1.4968435455892524,0.4055876722035385,-1.5495117922629025,-1.447559289012337,2.92685755283509,1.472686951046043,3.2443099430022504,0.6149046272828271,163,330.0,770,usg|ast_pct|tov_pct|ast_tov|FTR|three_share|three_pa_per_100_team_poss|orb_pct|drb_pct|stl_pct|blk_pct,,,,
role_only_no_height,k7__division_zscore__role_only_no_height__method-nnls__init-aa_plus_plus__ninit-1,7,division_zscore,"z-score within division, then recombined",3000,role_only_no_height,nnls,aa_plus_plus,0.238495041324195,0.021681367393108636,11,height_inches|mins_per_game|eFG|three_pct|ft_pct,4,450,0.15,252,198,0.4636975661184712,blk_pct=3.47; orb_pct=2.89; drb_pct=2.71; usg=0.78; FTR=-0.14,three_share=-1.55; three_pa_per_100_team_poss=-1.45; ast_tov=-0.96; tov_pct=-0.73; ast_pct=-0.71,0.7791308300512548,-0.7130979897273169,-0.7306457640213537,-0.9640958366647258,-0.1396887576787681,-1.5495117916676044,-1.4475592884562123,2.894933528358571,2.707355185176581,-0.6848621207972158,3.4689793860111044,163,330.0,770,usg|ast_pct|tov_pct|ast_tov|FTR|three_share|three_pa_per_100_team_poss|orb_pct|drb_pct|stl_pct|blk_pct,,,,
role_only_no_height,k7__division_zscore__role_only_no_height__method-nnls__init-aa_plus_plus__ninit-1,7,division_zscore,"z-score within division, then recombined",3000,role_only_no_height,nnls,aa_plus_plus,0.238495041324195,0.021681367393108636,11,height_inches|mins_per_game|eFG|three_pct|ft_pct,5,320,0.1066666666666666,168,152,0.4237211426671816,tov_pct=3.75; blk_pct=-0.07; stl_pct=-0.20; ast_pct=-0.25; ast_tov=-0.40,usg=-1.95; FTR=-1.71; orb_pct=-1.05; three_pa_per_100_team_poss=-1.03; drb_pct=-0.56,-1.9477860306753303,-0.2460359588412715,3.754301107051658,-0.4038361868679247,-1.7129921469607154,-0.5004204065624165,-1.0292348654843628,-1.0480258380580003,-0.5554660073265661,-0.2023758731725495,-0.0652331150417615,163,330.0,770,usg|ast_pct|tov_pct|ast_tov|FTR|three_share|three_pa_per_100_team_poss|orb_pct|drb_pct|stl_pct|blk_pct,,,,
role_only_no_height,k7__division_zscore__role_only_no_height__method-nnls__init-aa_plus_plus__ninit-1,7,division_zscore,"z-score within division, then recombined",3000,role_only_no_height,nnls,aa_plus_plus,0.238495041324195,0.021681367393108636,11,height_inches|mins_per_game|eFG|three_pct|ft_pct,6,770,0.2566666666666666,413,357,0.4917715389137663,ast_pct=2.83; usg=2.25; stl_pct=1.15; ast_tov=1.03; FTR=0.75,orb_pct=-0.77; blk_pct=-0.67; drb_pct=-0.37; three_share=-0.35; tov_pct=-0.14,2.2497523852644665,2.8264315079793825,-0.1412501004368367,1.0301063314646337,0.7455000131239059,-0.3456390294603929,0.1925418896592301,-0.7701912642685755,-0.372378325984441,1.1523256273114493,-0.6739689661569503,163,330.0,770,usg|ast_pct|tov_pct|ast_tov|FTR|three_share|three_pa_per_100_team_poss|orb_pct|drb_pct|stl_pct|blk_pct,,,,
role_only_no_height,k7__division_zscore__role_only_no_height__method-nnls__init-aa_plus_plus__ninit-1,7,division_zscore,"z-score within division, then recombined",3000,role_only_no_height,nnls,aa_plus_plus,0.238495041324195,0.021681367393108636,11,height_inches|mins_per_game|eFG|three_pct|ft_pct,7,330,0.11,178,152,0.464452747318702,FTR=3.56; tov_pct=0.56; orb_pct=0.43; blk_pct=-0.50; ast_tov=-0.53,usg=-1.68; three_pa_per_100_team_poss=-1.33; stl_pct=-1.31; three_share=-1.24; ast_pct=-1.16,-1.6810892379996527,-1.1620111415078356,0.5640313273090518,-0.5345776460548219,3.562483349726624,-1.2390968683036123,-1.329152289385333,0.4327107793897785,-0.7976321334269486,-1.3140527902819448,-0.5013191126789797,163,330.0,770,usg|ast_pct|tov_pct|ast_tov|FTR|three_share|three_pa_per_100_team_poss|orb_pct|drb_pct|stl_pct|blk_pct,,,,
role_only_no_height,k8__division_zscore__role_only_no_height__method-nnls__init-furthest_sum__ninit-1,8,division_zscore,"z-score within division, then recombined",3000,role_only_no_height,nnls,furthest_sum,0.2143388262200273,0.0194853478381843,11,height_inches|mins_per_game|eFG|three_pct|ft_pct,1,174,0.058,96,78,0.4213632291929584,FTR=3.42; tov_pct=3.33; drb_pct=0.74; orb_pct=0.16; blk_pct=-0.02,usg=-1.72; stl_pct=-1.48; ast_pct=-1.36; ast_tov=-1.25; three_pa_per_100_team_poss=-1.11,-1.7243195480649895,-1.357371178791912,3.3252341893368,-1.247386847185697,3.417152548975721,-0.6689837264286858,-1.1088491122365691,0.1585421837237481,0.7435802840489382,-1.482447186657773,-0.0168696333787946,99,246.0,996,usg|ast_pct|tov_pct|ast_tov|FTR|three_share|three_pa_per_100_team_poss|orb_pct|drb_pct|stl_pct|blk_pct,,,,
role_only_no_height,k8__division_zscore__role_only_no_height__method-nnls__init-furthest_sum__ninit-1,8,division_zscore,"z-score within division, then recombined",3000,role_only_no_height,nnls,furthest_sum,0.2143388262200273,0.0194853478381843,11,height_inches|mins_per_game|eFG|three_pct|ft_pct,2,471,0.157,263,208,0.443455908590321,ast_pct=2.96; usg=2.48; FTR=0.57; ast_tov=0.40; three_pa_per_100_team_poss=0.35,orb_pct=-0.74; blk_pct=-0.73; drb_pct=-0.46; three_share=-0.44; stl_pct=-0.13,2.4793338680649315,2.9615645175819103,-0.0764997104790936,0.3956564811576193,0.5709379678842037,-0.4373543744267208,0.3481343494656699,-0.7439793905735711,-0.46210161976316,-0.1271401953170722,-0.7312974677634071,99,246.0,996,usg|ast_pct|tov_pct|ast_tov|FTR|three_share|three_pa_per_100_team_poss|orb_pct|drb_pct|stl_pct|blk_pct,,,,
role_only_no_height,k8__division_zscore__role_only_no_height__method-nnls__init-furthest_sum__ninit-1,8,division_zscore,"z-score within division, then recombined",3000,role_only_no_height,nnls,furthest_sum,0.2143388262200273,0.0194853478381843,11,height_inches|mins_per_game|eFG|three_pct|ft_pct,3,99,0.033,49,50,0.3615147922957086,ast_tov=3.61; FTR=3.56; three_share=0.52; ast_pct=-0.06; orb_pct=-0.36,tov_pct=-2.33; usg=-2.19; drb_pct=-1.90; three_pa_per_100_team_poss=-1.22; stl_pct=-0.91,-2.1934469825864187,-0.0611077692612885,-2.3278744791736226,3.605203930513704,3.562483353295348,0.5162742644190074,-1.218785739700424,-0.3640168252915187,-1.900112717545068,-0.9143558452484124,-0.8906493427692228,99,246.0,996,usg|ast_pct|tov_pct|ast_tov|FTR|three_share|three_pa_per_100_team_poss|orb_pct|drb_pct|stl_pct|blk_pct,,,,
role_only_no_height,k8__division_zscore__role_only_no_height__method-nnls__init-furthest_sum__ninit-1,8,division_zscore,"z-score within division, then recombined",3000,role_only_no_height,nnls,furthest_sum,0.2143388262200273,0.0194853478381843,11,height_inches|mins_per_game|eFG|three_pct|ft_pct,4,996,0.332,554,442,0.4510370126653587,three_pa_per_100_team_poss=2.47; three_share=2.21; usg=0.11; blk_pct=-0.63; orb_pct=-0.87,FTR=-1.82; tov_pct=-1.75; stl_pct=-1.57; ast_pct=-1.42; ast_tov=-1.33,0.108957763403417,-1.4170767821076389,-1.7495467517367538,-1.333926884601342,-1.817634907316457,2.2111528295389253,2.4723870359549087,-0.8662525664615939,-1.048552873161348,-1.5674551830585648,-0.6318670256647954,99,246.0,996,usg|ast_pct|tov_pct|ast_tov|FTR|three_share|three_pa_per_100_team_poss|orb_pct|drb_pct|stl_pct|blk_pct,,,,
role_only_no_height,k8__division_zscore__role_only_no_height__method-nnls__init-furthest_sum__ninit-1,8,division_zscore,"z-score within division, then recombined",3000,role_only_no_height,nnls,furthest_sum,0.2143388262200273,0.0194853478381843,11,height_inches|mins_per_game|eFG|three_pct|ft_pct,5,295,0.0983333333333333,159,136,0.3951614789419916,stl_pct=3.50; usg=1.83; FTR=1.54; orb_pct=0.89; tov_pct=0.69,three_share=-1.46; three_pa_per_100_team_poss=-1.35; ast_tov=-0.82; drb_pct=-0.80; blk_pct=-0.21,1.8279043865924711,-0.0136219914218134,0.6855604160372476,-0.8225404154894216,1.543138774189964,-1.458100857269942,-1.3456600930761449,0.888137576719514,-0.7951084817799571,3.4992081390068255,-0.2109866520674227,99,246.0,996,usg|ast_pct|tov_pct|ast_tov|FTR|three_share|three_pa_per_100_team_poss|orb_pct|drb_pct|stl_pct|blk_pct,,,,
role_only_no_height,k8__division_zscore__role_only_no_height__method-nnls__init-furthest_sum__ninit-1,8,division_zscore,"z-score within division, then recombined",3000,role_only_no_height,nnls,furthest_sum,0.2143388262200273,0.0194853478381843,11,height_inches|mins_per_game|eFG|three_pct|ft_pct,6,582,0.194,317,265,0.4426284154009009,blk_pct=3.64; orb_pct=2.93; drb_pct=2.72; usg=0.58; FTR=-0.34,three_share=-1.55; three_pa_per_100_team_poss=-1.45; ast_tov=-0.95; tov_pct=-0.91; ast_pct=-0.82,0.5834840156883699,-0.8153561760004175,-0.9092366797827108,-0.9460183728701288,-0.341446828024478,-1.54951179164904,-1.4475592884388728,2.9268575516755733,2.7191239468945447,-0.5116082548037816,3.6423079871665505,99,246.0,996,usg|ast_pct|tov_pct|ast_tov|FTR|three_share|three_pa_per_100_team_poss|orb_pct|drb_pct|stl_pct|blk_pct,,,,
role_only_no_height,k8__division_zscore__role_only_no_height__method-nnls__init-furthest_sum__ninit-1,8,division_zscore,"z-score within division, then recombined",3000,role_only_no_height,nnls,furthest_sum,0.2143388262200273,0.0194853478381843,11,height_inches|mins_per_game|eFG|three_pct|ft_pct,7,197,0.0656666666666666,98,99,0.377781054808435,ast_tov=3.32; ast_pct=3.03; three_share=2.02; stl_pct=1.68; drb_pct=1.50,FTR=-1.95; orb_pct=-1.35; usg=-1.20; blk_pct=-0.90; tov_pct=0.96,-1.1989237553999754,3.0284158256543496,0.9642477726639496,3.318673690182778,-1.9509725346184137,2.023192010217415,1.1472840486331246,-1.3500353164043573,1.4995228330566046,1.679760237128795,-0.9049894310772324,99,246.0,996,usg|ast_pct|tov_pct|ast_tov|FTR|three_share|three_pa_per_100_team_poss|orb_pct|drb_pct|stl_pct|blk_pct,,,,
role_only_no_height,k8__division_zscore__role_only_no_height__method-nnls__init-furthest_sum__ninit-1,8,division_zscore,"z-score within division, then recombined",3000,role_only_no_height,nnls,furthest_sum,0.2143388262200273,0.0194853478381843,11,height_inches|mins_per_game|eFG|three_pct|ft_pct,8,186,0.062,92,94,0.3914937703684024,tov_pct=3.92; blk_pct=0.40; stl_pct=0.04; drb_pct=-0.79; ast_tov=-0.81,usg=-2.12; FTR=-1.95; three_share=-1.58; three_pa_per_100_team_poss=-1.47; orb_pct=-1.07,-2.1166932492262944,-0.9432030653793504,3.9173647210123663,-0.8055068130048485,-1.948380466370676,-1.582092901300095,-1.4664534262667737,-1.0651859191647153,-0.7881064230801564,0.0360324472919228,0.3994207690732536,99,246.0,996,usg|ast_pct|tov_pct|ast_tov|FTR|three_share|three_pa_per_100_team_poss|orb_pct|drb_pct|stl_pct|blk_pct,,,,
role_only_height_025,k6__division_zscore__role_only_height_025__method-nnls__init-aa_plus_plus__ninit-1,6,division_zscore,"z-score within division, then recombined",3000,role_only_height_025,nnls,aa_plus_plus,0.2951314491359655,0.024594287427997127,12,mins_per_game|eFG|three_pct|ft_pct,1,764,0.2546666666666666,412,352,0.5077027320443918,ast_pct=2.65; usg=2.15; stl_pct=1.83; ast_tov=0.67; FTR=0.59,height_inches=-1.41; orb_pct=-0.79; blk_pct=-0.57; drb_pct=-0.28; three_share=-0.28,2.149813007314874,2.6537096729308476,0.1957355298573106,0.66842193145988,0.5879992746099936,-0.2793459093492558,0.2290516145775264,-0.7895169493697277,-0.2825986044349873,1.8261423413004765,-0.5672342343940645,233,498.5,764,usg|ast_pct|tov_pct|ast_tov|FTR|three_share|three_pa_per_100_team_poss|orb_pct|drb_pct|stl_pct|blk_pct|height_inches,-1.405508490504926,,,
role_only_height_025,k6__division_zscore__role_only_height_025__method-nnls__init-aa_plus_plus__ninit-1,6,division_zscore,"z-score within division, then recombined",3000,role_only_height_025,nnls,aa_plus_plus,0.2951314491359655,0.024594287427997127,12,mins_per_game|eFG|three_pct|ft_pct,2,342,0.114,180,162,0.4838557509063565,FTR=3.56; tov_pct=0.55; orb_pct=0.42; height_inches=0.24; stl_pct=-0.47,usg=-1.46; three_pa_per_100_team_poss=-1.38; three_share=-1.32; ast_pct=-1.19; ast_tov=-0.89,-1.4573117132958924,-1.1919425533077752,0.5475584523733963,-0.894127769571939,3.562483348924907,-1.3207033526438847,-1.3772869858306092,0.4235497103854294,-0.5010268918976459,-0.4720636999204193,-0.5518598587274441,233,498.5,764,usg|ast_pct|tov_pct|ast_tov|FTR|three_share|three_pa_per_100_team_poss|orb_pct|drb_pct|stl_pct|blk_pct|height_inches,0.2422667108937211,,,
role_only_height_025,k6__division_zscore__role_only_height_025__method-nnls__init-aa_plus_plus__ninit-1,6,division_zscore,"z-score within division, then recombined",3000,role_only_height_025,nnls,aa_plus_plus,0.2951314491359655,0.024594287427997127,12,mins_per_game|eFG|three_pct|ft_pct,3,668,0.2226666666666666,366,302,0.4623177469876054,three_pa_per_100_team_poss=2.47; three_share=2.16; usg=0.33; height_inches=0.12; blk_pct=-0.46,tov_pct=-1.67; FTR=-1.58; ast_tov=-1.41; ast_pct=-1.39; stl_pct=-1.34,0.3315811691598785,-1.388158398024002,-1.6744517076152197,-1.4066667972694429,-1.5759670343413457,2.155071724908914,2.47226432417429,-0.936294822230796,-0.8152481428783139,-1.3418420656877657,-0.460216922562927,233,498.5,764,usg|ast_pct|tov_pct|ast_tov|FTR|three_share|three_pa_per_100_team_poss|orb_pct|drb_pct|stl_pct|blk_pct|height_inches,0.1174393731896693,,,
role_only_height_025,k6__division_zscore__role_only_height_025__method-nnls__init-aa_plus_plus__ninit-1,6,division_zscore,"z-score within division, then recombined",3000,role_only_height_025,nnls,aa_plus_plus,0.2951314491359655,0.024594287427997127,12,mins_per_game|eFG|three_pct|ft_pct,4,655,0.2183333333333333,368,287,0.4864090659074885,blk_pct=3.08; drb_pct=2.72; orb_pct=2.64; height_inches=1.84; usg=1.04,three_share=-1.56; three_pa_per_100_team_poss=-1.45; ast_tov=-1.08; stl_pct=-0.79; ast_pct=-0.78,1.0373381345555923,-0.778131977611056,-0.7373794222978809,-1.0761590927479772,0.1836220512710253,-1.5628445188019695,-1.4549781255286,2.6391274356751344,2.7242315011225933,-0.7886872105533393,3.076567777778728,233,498.5,764,usg|ast_pct|tov_pct|ast_tov|FTR|three_share|three_pa_per_100_team_poss|orb_pct|drb_pct|stl_pct|blk_pct|height_inches,1.8356104265849424,,,
role_only_height_025,k6__division_zscore__role_only_height_025__method-nnls__init-aa_plus_plus__ninit-1,6,division_zscore,"z-score within division, then recombined",3000,role_only_height_025,nnls,aa_plus_plus,0.2951314491359655,0.024594287427997127,12,mins_per_game|eFG|three_pct|ft_pct,5,338,0.1126666666666666,178,160,0.4604329118378568,ast_tov=3.57; three_share=2.01; three_pa_per_100_team_poss=0.77; stl_pct=0.09; ast_pct=0.04,tov_pct=-1.91; usg=-1.81; FTR=-1.49; drb_pct=-1.22; orb_pct=-1.07,-1.8066861550667508,0.0390945917880403,-1.9105847029937857,3.5689114282580214,-1.4910990664767172,2.005314301639382,0.7661695371010361,-1.0697857108538578,-1.2206437015227178,0.0928790544049027,-0.8353754125584923,233,498.5,764,usg|ast_pct|tov_pct|ast_tov|FTR|three_share|three_pa_per_100_team_poss|orb_pct|drb_pct|stl_pct|blk_pct|height_inches,-0.7671397129408213,,,
role_only_height_025,k6__division_zscore__role_only_height_025__method-nnls__init-aa_plus_plus__ninit-1,6,division_zscore,"z-score within division, then recombined",3000,role_only_height_025,nnls,aa_plus_plus,0.2951314491359655,0.024594287427997127,12,mins_per_game|eFG|three_pct|ft_pct,6,233,0.0776666666666666,124,109,0.4381247388587916,tov_pct=3.84; blk_pct=-0.01; stl_pct=-0.05; ast_tov=-0.51; ast_pct=-0.57,usg=-2.03; FTR=-1.82; three_pa_per_100_team_poss=-1.23; three_share=-0.98; orb_pct=-0.97,-2.029245434645323,-0.5671189110892291,3.8364907349872057,-0.5076769497010991,-1.8178945951589145,-0.9834274900052068,-1.2250763854372058,-0.971781065602926,-0.5796745813650902,-0.0511051009551131,-0.0112284232260597,233,498.5,764,usg|ast_pct|tov_pct|ast_tov|FTR|three_share|three_pa_per_100_team_poss|orb_pct|drb_pct|stl_pct|blk_pct|height_inches,-0.7818711700282563,,,
role_only_height_025,k7__division_zscore__role_only_height_025__method-nnls__init-furthest_sum__ninit-1,7,division_zscore,"z-score within division, then recombined",3000,role_only_height_025,nnls,furthest_sum,0.263311535831513,0.021942627985959418,12,mins_per_game|eFG|three_pct|ft_pct,1,226,0.0753333333333333,115,111,0.417672088169587,tov_pct=3.88; blk_pct=0.10; stl_pct=0.02; ast_tov=-0.61; drb_pct=-0.63,usg=-2.08; FTR=-1.88; three_pa_per_100_team_poss=-1.34; three_share=-1.26; orb_pct=-0.97,-2.075899225618381,-0.7518457600230717,3.8835627435255424,-0.6103232606259466,-1.8779747901478483,-1.260057445303124,-1.3372396080263105,-0.9739532907154056,-0.6334864033901468,0.0208408493464805,0.1044380139403026,226,373.0,685,usg|ast_pct|tov_pct|ast_tov|FTR|three_share|three_pa_per_100_team_poss|orb_pct|drb_pct|stl_pct|blk_pct|height_inches,-0.6694390013763913,,,
role_only_height_025,k7__division_zscore__role_only_height_025__method-nnls__init-furthest_sum__ninit-1,7,division_zscore,"z-score within division, then recombined",3000,role_only_height_025,nnls,furthest_sum,0.263311535831513,0.021942627985959418,12,mins_per_game|eFG|three_pct|ft_pct,2,295,0.0983333333333333,158,137,0.4357850920342563,ast_tov=3.61; three_share=2.21; three_pa_per_100_team_poss=1.01; stl_pct=0.60; ast_pct=-0.21,tov_pct=-2.15; usg=-1.89; FTR=-1.82; drb_pct=-1.31; orb_pct=-1.04,-1.890660013645567,-0.2110506797563074,-2.1460533654740326,3.605203926400271,-1.8155331366124356,2.2136248121723896,1.010186353878874,-1.0445444140748743,-1.313565378428546,0.604544325503236,-0.8906493417530272,226,373.0,685,usg|ast_pct|tov_pct|ast_tov|FTR|three_share|three_pa_per_100_team_poss|orb_pct|drb_pct|stl_pct|blk_pct|height_inches,-0.5080635944855745,,,
role_only_height_025,k7__division_zscore__role_only_height_025__method-nnls__init-furthest_sum__ninit-1,7,division_zscore,"z-score within division, then recombined",3000,role_only_height_025,nnls,furthest_sum,0.263311535831513,0.021942627985959418,12,mins_per_game|eFG|three_pct|ft_pct,3,330,0.11,173,157,0.4644667356808276,FTR=3.56; tov_pct=0.53; orb_pct=0.47; height_inches=0.24; blk_pct=-0.52,usg=-1.70; three_share=-1.41; three_pa_per_100_team_poss=-1.39; ast_pct=-1.19; stl_pct=-1.08,-1.701512990724143,-1.1868435434876663,0.5326753302484205,-0.6297606119804172,3.562483349357079,-1.4108990062892504,-1.3908519712987883,0.4671461151656296,-0.6284069746838837,-1.0807276984331484,-0.5172276103281247,226,373.0,685,usg|ast_pct|tov_pct|ast_tov|FTR|three_share|three_pa_per_100_team_poss|orb_pct|drb_pct|stl_pct|blk_pct|height_inches,0.2385202801431949,,,
role_only_height_025,k7__division_zscore__role_only_height_025__method-nnls__init-furthest_sum__ninit-1,7,division_zscore,"z-score within division, then recombined",3000,role_only_height_025,nnls,furthest_sum,0.263311535831513,0.021942627985959418,12,mins_per_game|eFG|three_pct|ft_pct,4,685,0.2283333333333333,382,303,0.4756498660866816,blk_pct=3.01; drb_pct=2.72; orb_pct=2.66; height_inches=1.88; usg=1.16,three_share=-1.56; three_pa_per_100_team_poss=-1.45; ast_tov=-1.05; stl_pct=-0.85; tov_pct=-0.73,1.1583218220115277,-0.6930012147534172,-0.7269392575036868,-1.0504982612688911,0.2486182993488399,-1.561945392225544,-1.4544778172976598,2.658531254535697,2.7238870602568266,-0.8496109815413878,3.01336595920609,226,373.0,685,usg|ast_pct|tov_pct|ast_tov|FTR|three_share|three_pa_per_100_team_poss|orb_pct|drb_pct|stl_pct|blk_pct|height_inches,1.8778110692756664,,,
role_only_height_025,k7__division_zscore__role_only_height_025__method-nnls__init-furthest_sum__ninit-1,7,division_zscore,"z-score within division, then recombined",3000,role_only_height_025,nnls,furthest_sum,0.263311535831513,0.021942627985959418,12,mins_per_game|eFG|three_pct|ft_pct,5,413,0.1376666666666666,247,166,0.4565209745922705,ast_pct=3.02; usg=1.94; ast_tov=1.43; three_pa_per_100_team_poss=0.23; tov_pct=0.16,height_inches=-1.46; orb_pct=-1.04; drb_pct=-0.65; blk_pct=-0.60; stl_pct=-0.43,1.938079179971456,3.0238055601000484,0.1599242507558798,1.4328972736038008,-0.2615360018985972,-0.3239817333258719,0.2344419542915921,-1.0405349220638915,-0.6471908592141334,-0.4314797030343538,-0.6022824998070435,226,373.0,685,usg|ast_pct|tov_pct|ast_tov|FTR|three_share|three_pa_per_100_team_poss|orb_pct|drb_pct|stl_pct|blk_pct|height_inches,-1.4567188328438254,,,
role_only_height_025,k7__division_zscore__role_only_height_025__method-nnls__init-furthest_sum__ninit-1,7,division_zscore,"z-score within division, then recombined",3000,role_only_height_025,nnls,furthest_sum,0.263311535831513,0.021942627985959418,12,mins_per_game|eFG|three_pct|ft_pct,6,678,0.226,365,313,0.4478373137453988,three_pa_per_100_team_poss=2.48; three_share=2.14; usg=0.49; height_inches=-0.10; blk_pct=-0.44,tov_pct=-1.73; stl_pct=-1.56; FTR=-1.51; ast_tov=-1.40; ast_pct=-1.37,0.4858346671594158,-1.3715948942270892,-1.7250456449996068,-1.3990814330209655,-1.5083221307220118,2.1365617682830744,2.477780830778167,-0.915899752978191,-0.897585356889929,-1.5640713691246309,-0.4447749673131029,226,373.0,685,usg|ast_pct|tov_pct|ast_tov|FTR|three_share|three_pa_per_100_team_poss|orb_pct|drb_pct|stl_pct|blk_pct|height_inches,-0.0992126984478083,,,
role_only_height_025,k7__division_zscore__role_only_height_025__method-nnls__init-furthest_sum__ninit-1,7,division_zscore,"z-score within division, then recombined",3000,role_only_height_025,nnls,furthest_sum,0.263311535831513,0.021942627985959418,12,mins_per_game|eFG|three_pct|ft_pct,7,373,0.1243333333333333,188,185,0.4477413622519844,stl_pct=3.49; ast_pct=1.68; usg=1.54; FTR=0.84; tov_pct=0.49,height_inches=-1.37; orb_pct=-0.44; blk_pct=-0.38; three_share=-0.31; drb_pct=-0.21,1.5424685864155625,1.6777026847304064,0.4941328574072958,0.0376524633671396,0.843074597412982,-0.3060067188575878,0.1951161712302094,-0.4382348037220537,-0.2054062349912797,3.493854296063412,-0.3843835612323706,226,373.0,685,usg|ast_pct|tov_pct|ast_tov|FTR|three_share|three_pa_per_100_team_poss|orb_pct|drb_pct|stl_pct|blk_pct|height_inches,-1.3676252366486934,,,
role_only_height_025,k8__division_zscore__role_only_height_025__method-nnls__init-furthest_first__ninit-1,8,division_zscore,"z-score within division, then recombined",3000,role_only_height_025,nnls,furthest_first,0.2447094773685976,0.020392456447383134,12,mins_per_game|eFG|three_pct|ft_pct,1,766,0.2553333333333333,411,355,0.4782242069768341,blk_pct=2.78; drb_pct=2.72; orb_pct=2.61; height_inches=2.02; usg=1.09,three_share=-1.56; three_pa_per_100_team_poss=-1.46; ast_tov=-1.11; stl_pct=-0.88; ast_pct=-0.74,1.0877730203009053,-0.7405461539944309,-0.6770774267855998,-1.1126160366630369,0.5206421464848947,-1.5640315575284165,-1.455638639191203,2.613510268796922,2.724686237058673,-0.8815265319205123,2.780384221052197,101,261.5,955,usg|ast_pct|tov_pct|ast_tov|FTR|three_share|three_pa_per_100_team_poss|orb_pct|drb_pct|stl_pct|blk_pct|height_inches,2.018629927570714,,,
role_only_height_025,k8__division_zscore__role_only_height_025__method-nnls__init-furthest_first__ninit-1,8,division_zscore,"z-score within division, then recombined",3000,role_only_height_025,nnls,furthest_first,0.2447094773685976,0.020392456447383134,12,mins_per_game|eFG|three_pct|ft_pct,2,386,0.1286666666666666,228,158,0.4493649554366586,ast_pct=3.02; usg=2.17; ast_tov=1.11; three_pa_per_100_team_poss=0.13; tov_pct=0.10,height_inches=-1.40; orb_pct=-1.03; blk_pct=-0.64; drb_pct=-0.59; three_share=-0.49,2.1725791929747396,3.0230213289161347,0.103179384475987,1.1095217008583806,-0.2316313299247959,-0.4903095265630489,0.1315519984627962,-1.026979157192325,-0.5882833516539863,-0.3123086772924791,-0.6429859285584895,101,261.5,955,usg|ast_pct|tov_pct|ast_tov|FTR|three_share|three_pa_per_100_team_poss|orb_pct|drb_pct|stl_pct|blk_pct|height_inches,-1.4016472080306346,,,
role_only_height_025,k8__division_zscore__role_only_height_025__method-nnls__init-furthest_first__ninit-1,8,division_zscore,"z-score within division, then recombined",3000,role_only_height_025,nnls,furthest_first,0.2447094773685976,0.020392456447383134,12,mins_per_game|eFG|three_pct|ft_pct,3,343,0.1143333333333333,170,173,0.4309408019064346,stl_pct=3.53; usg=1.76; ast_pct=1.11; FTR=0.85; tov_pct=0.37,height_inches=-1.01; drb_pct=-0.78; three_share=-0.54; blk_pct=-0.41; ast_tov=-0.26,1.762417787441501,1.1147925290438114,0.3712078557895981,-0.2576044118332571,0.8468610916509839,-0.5428299388703721,-0.0720395018579764,-0.2443583098398251,-0.7820237586594272,3.53132951547597,-0.4091768813670493,101,261.5,955,usg|ast_pct|tov_pct|ast_tov|FTR|three_share|three_pa_per_100_team_poss|orb_pct|drb_pct|stl_pct|blk_pct|height_inches,-1.010922313724154,,,
role_only_height_025,k8__division_zscore__role_only_height_025__method-nnls__init-furthest_first__ninit-1,8,division_zscore,"z-score within division, then recombined",3000,role_only_height_025,nnls,furthest_first,0.2447094773685976,0.020392456447383134,12,mins_per_game|eFG|three_pct|ft_pct,4,180,0.06,87,93,0.3891629696383583,tov_pct=3.94; blk_pct=0.49; stl_pct=0.07; height_inches=-0.49; drb_pct=-0.82,usg=-2.13; FTR=-1.95; three_share=-1.60; three_pa_per_100_team_poss=-1.47; orb_pct=-1.11,-2.132583820220393,-0.9787399260111886,3.940755474429245,-0.8617533872639319,-1.9509725343661315,-1.5961642566743452,-1.4735184973971522,-1.1111294271210626,-0.8161107142438373,0.0651395134294651,0.4936717009480876,101,261.5,955,usg|ast_pct|tov_pct|ast_tov|FTR|three_share|three_pa_per_100_team_poss|orb_pct|drb_pct|stl_pct|blk_pct|height_inches,-0.4943058677653672,,,
role_only_height_025,k8__division_zscore__role_only_height_025__method-nnls__init-furthest_first__ninit-1,8,division_zscore,"z-score within division, then recombined",3000,role_only_height_025,nnls,furthest_first,0.2447094773685976,0.020392456447383134,12,mins_per_game|eFG|three_pct|ft_pct,5,101,0.0336666666666666,54,47,0.3613966317042416,ast_tov=3.61; FTR=3.56; three_share=0.52; height_inches=0.18; ast_pct=-0.06,tov_pct=-2.33; usg=-2.19; drb_pct=-1.90; three_pa_per_100_team_poss=-1.22; stl_pct=-0.91,-2.193446982385732,-0.0611077692556982,-2.3278744789606653,3.6052039301839103,3.562483352969412,0.5162742643717753,-1.218785739588918,-0.3640168252582168,-1.9001127173712216,-0.9143558451647668,-0.8906493426877652,101,261.5,955,usg|ast_pct|tov_pct|ast_tov|FTR|three_share|three_pa_per_100_team_poss|orb_pct|drb_pct|stl_pct|blk_pct|height_inches,0.1816897790517463,,,
role_only_height_025,k8__division_zscore__role_only_height_025__method-nnls__init-furthest_first__ninit-1,8,division_zscore,"z-score within division, then recombined",3000,role_only_height_025,nnls,furthest_first,0.2447094773685976,0.020392456447383134,12,mins_per_game|eFG|three_pct|ft_pct,6,955,0.3183333333333333,530,425,0.449595980804347,three_pa_per_100_team_poss=2.47; three_share=2.22; usg=0.15; height_inches=-0.12; blk_pct=-0.71,FTR=-1.82; tov_pct=-1.79; stl_pct=-1.61; ast_pct=-1.40; ast_tov=-1.34,0.1536126522228146,-1.4034908945028783,-1.7887555153700136,-1.3372297996786393,-1.815533135896854,2.2217836358833303,2.465840677114844,-0.8351513093768796,-1.107177513143531,-1.6074668078891416,-0.7081579513176623,101,261.5,955,usg|ast_pct|tov_pct|ast_tov|FTR|three_share|three_pa_per_100_team_poss|orb_pct|drb_pct|stl_pct|blk_pct|height_inches,-0.1170889685532009,,,
role_only_height_025,k8__division_zscore__role_only_height_025__method-nnls__init-furthest_first__ninit-1,8,division_zscore,"z-score within division, then recombined",3000,role_only_height_025,nnls,furthest_first,0.2447094773685976,0.020392456447383134,12,mins_per_game|eFG|three_pct|ft_pct,7,163,0.0543333333333333,95,68,0.4262992627745987,FTR=3.41; tov_pct=3.24; height_inches=0.65; drb_pct=0.13; orb_pct=0.07,usg=-1.41; ast_tov=-1.35; ast_pct=-1.21; three_pa_per_100_team_poss=-1.09; stl_pct=-0.95,-1.4095485866603867,-1.2101025753237422,3.2430347736680463,-1.3501865977263037,3.4143720223991676,-0.7268548450246791,-1.0878422995436252,0.0740245571572317,0.1324298916974903,-0.9465383796670602,-0.3682388359601654,101,261.5,955,usg|ast_pct|tov_pct|ast_tov|FTR|three_share|three_pa_per_100_team_poss|orb_pct|drb_pct|stl_pct|blk_pct|height_inches,0.6460320361547435,,,
role_only_height_025,k8__division_zscore__role_only_height_025__method-nnls__init-furthest_first__ninit-1,8,division_zscore,"z-score within division, then recombined",3000,role_only_height_025,nnls,furthest_first,0.2447094773685976,0.020392456447383134,12,mins_per_game|eFG|three_pct|ft_pct,8,106,0.0353333333333333,53,53,0.3601115726474856,ast_tov=3.32; ast_pct=3.03; three_share=2.13; drb_pct=2.09; stl_pct=1.69,FTR=-1.95; orb_pct=-1.51; usg=-1.33; blk_pct=-0.90; height_inches=-0.05,-1.3274062743825408,3.028415827443437,1.33306107324954,3.3186736921433444,-1.950972535770985,2.129045539041096,1.0869918535515806,-1.5053052842181842,2.085901476695641,1.685073635903295,-0.9049894316118708,101,261.5,955,usg|ast_pct|tov_pct|ast_tov|FTR|three_share|three_pa_per_100_team_poss|orb_pct|drb_pct|stl_pct|blk_pct|height_inches,-0.0518690739845947,,,
quality_lite_no_height,k6__division_zscore__quality_lite_no_height__method-nnls__init-aa_plus_plus__ninit-1,6,division_zscore,"z-score within division, then recombined",3000,quality_lite_no_height,nnls,aa_plus_plus,0.3318744542043277,0.023705318157451978,14,height_inches|mins_per_game,1,839,0.2796666666666667,465,374,0.4819226714238443,three_pa_per_100_team_poss=2.47; three_share=1.97; ft_pct=0.74; three_pct=0.68; eFG=0.47,tov_pct=-1.51; ast_pct=-1.38; ast_tov=-1.30; FTR=-1.17; stl_pct=-0.92,0.4330351576492014,-1.378954870642621,-1.5130002809084673,-1.299905296634684,-1.1672494359408192,1.9669731387683191,2.471082394888531,-0.6548258381728059,-0.5108822288174125,-0.9223703308226834,-0.1974971226716563,210,422.0,839,usg|ast_pct|tov_pct|ast_tov|FTR|three_share|three_pa_per_100_team_poss|orb_pct|drb_pct|stl_pct|blk_pct|eFG|three_pct|ft_pct,,0.4679681919592747,0.6776782652638255,0.7362453831973138
quality_lite_no_height,k6__division_zscore__quality_lite_no_height__method-nnls__init-aa_plus_plus__ninit-1,6,division_zscore,"z-score within division, then recombined",3000,quality_lite_no_height,nnls,aa_plus_plus,0.3318744542043277,0.023705318157451978,14,height_inches|mins_per_game,2,210,0.07,106,104,0.4407402226984385,tov_pct=3.78; stl_pct=-0.12; blk_pct=-0.13; ast_pct=-0.39; ast_tov=-0.44,ft_pct=-3.01; eFG=-2.10; usg=-1.92; FTR=-1.75; three_pa_per_100_team_poss=-1.21,-1.921737015159864,-0.3925266018617646,3.781747081338083,-0.4430873091466518,-1.7518255435874517,-0.9584837535516348,-1.21090015933255,-0.9622662668363732,-0.6342236924888053,-0.1175312223682474,-0.1324350487158953,210,422.0,839,usg|ast_pct|tov_pct|ast_tov|FTR|three_share|three_pa_per_100_team_poss|orb_pct|drb_pct|stl_pct|blk_pct|eFG|three_pct|ft_pct,,-2.102950026472919,-1.1818344635824662,-3.009298884683971
quality_lite_no_height,k6__division_zscore__quality_lite_no_height__method-nnls__init-aa_plus_plus__ninit-1,6,division_zscore,"z-score within division, then recombined",3000,quality_lite_no_height,nnls,aa_plus_plus,0.3318744542043277,0.023705318157451978,14,height_inches|mins_per_game,3,459,0.153,256,203,0.4720511160361476,blk_pct=3.64; orb_pct=2.92; drb_pct=2.71; eFG=0.64; usg=0.51,three_pct=-1.93; three_share=-1.55; three_pa_per_100_team_poss=-1.45; ast_tov=-1.02; ast_pct=-0.89,0.513325050336971,-0.8895941001879192,-0.7263234560404138,-1.0152724115439633,-0.2854568132404018,-1.5495117913583154,-1.447559288167261,2.9193059434583186,2.711327584276499,-0.5499792237196282,3.637358700472821,210,422.0,839,usg|ast_pct|tov_pct|ast_tov|FTR|three_share|three_pa_per_100_team_poss|orb_pct|drb_pct|stl_pct|blk_pct|eFG|three_pct|ft_pct,,0.6352639302921681,-1.9281435420879105,-0.4988887007193703
quality_lite_no_height,k6__division_zscore__quality_lite_no_height__method-nnls__init-aa_plus_plus__ninit-1,6,division_zscore,"z-score within division, then recombined",3000,quality_lite_no_height,nnls,aa_plus_plus,0.3318744542043277,0.023705318157451978,14,height_inches|mins_per_game,4,742,0.2473333333333333,404,338,0.5061546064784389,ast_pct=2.68; usg=2.23; stl_pct=1.71; ft_pct=0.73; FTR=0.51,orb_pct=-0.73; blk_pct=-0.54; three_share=-0.35; eFG=-0.26; drb_pct=-0.23,2.2300078761673903,2.679762720898102,0.3472942187650385,0.4076920384565284,0.5139630387160491,-0.3452847791576988,0.1451105660751211,-0.7291766625868271,-0.2284895933330923,1.7096077139029586,-0.544426025552904,210,422.0,839,usg|ast_pct|tov_pct|ast_tov|FTR|three_share|three_pa_per_100_team_poss|orb_pct|drb_pct|stl_pct|blk_pct|eFG|three_pct|ft_pct,,-0.2614076508934439,0.4164786841860279,0.7349699787587828
quality_lite_no_height,k6__division_zscore__quality_lite_no_height__method-nnls__init-aa_plus_plus__ninit-1,6,division_zscore,"z-score within division, then recombined",3000,quality_lite_no_height,nnls,aa_plus_plus,0.3318744542043277,0.023705318157451978,14,height_inches|mins_per_game,5,385,0.1283333333333333,207,178,0.4905553136314093,FTR=3.54; orb_pct=0.68; tov_pct=0.54; eFG=0.35; drb_pct=-0.29,three_pct=-1.58; three_pa_per_100_team_poss=-1.32; three_share=-1.23; ast_pct=-1.21; usg=-1.21,-1.20647909013916,-1.2075433088529817,0.5394004243471272,-1.0963905403684446,3.53891255478352,-1.2278820543399975,-1.321759990573364,0.6818484183497161,-0.2931438461836056,-0.4889608352890355,-0.3616169935399637,210,422.0,839,usg|ast_pct|tov_pct|ast_tov|FTR|three_share|three_pa_per_100_team_poss|orb_pct|drb_pct|stl_pct|blk_pct|eFG|three_pct|ft_pct,,0.3525285156797891,-1.582363621540283,-0.52779869053187
quality_lite_no_height,k6__division_zscore__quality_lite_no_height__method-nnls__init-aa_plus_plus__ninit-1,6,division_zscore,"z-score within division, then recombined",3000,quality_lite_no_height,nnls,aa_plus_plus,0.3318744542043277,0.023705318157451978,14,height_inches|mins_per_game,6,365,0.1216666666666666,190,175,0.4750526939685237,ast_tov=3.61; three_share=1.39; three_pa_per_100_team_poss=0.62; three_pct=0.46; ast_pct=0.34,tov_pct=-1.81; usg=-1.64; drb_pct=-1.04; orb_pct=-1.01; FTR=-0.97,-1.6407209240271925,0.3424552704333736,-1.814119019679774,3.6052039249245342,-0.9724787368875176,1.3924506609483218,0.6218269397311194,-1.0089101391684494,-1.0387821094952256,0.2700384798811016,-0.6995547295531527,210,422.0,839,usg|ast_pct|tov_pct|ast_tov|FTR|three_share|three_pa_per_100_team_poss|orb_pct|drb_pct|stl_pct|blk_pct|eFG|three_pct|ft_pct,,-0.3088913393095811,0.463234174192845,-0.1044042332153723
quality_lite_no_height,k7__division_zscore__quality_lite_no_height__method-nnls__init-uniform__ninit-1,7,division_zscore,"z-score within division, then recombined",3000,quality_lite_no_height,nnls,uniform,0.3057733967215648,0.0218409569086832,14,height_inches|mins_per_game,1,410,0.1366666666666666,223,187,0.4745940911079103,FTR=3.55; orb_pct=0.95; eFG=0.61; tov_pct=0.42; blk_pct=-0.15,three_pct=-1.71; three_pa_per_100_team_poss=-1.36; usg=-1.32; three_share=-1.32; ast_pct=-1.15,-1.323681239947813,-1.1536706218780453,0.4204769251088396,-0.8315509180885552,3.552110749749883,-1.3234673281595553,-1.358673288490614,0.946063770924171,-0.1680824281930769,-0.8966767088800406,-0.1466093503658046,224,389.0,836,usg|ast_pct|tov_pct|ast_tov|FTR|three_share|three_pa_per_100_team_poss|orb_pct|drb_pct|stl_pct|blk_pct|eFG|three_pct|ft_pct,,0.6114403724834567,-1.7079654655596246,-0.6729538151803396
quality_lite_no_height,k7__division_zscore__quality_lite_no_height__method-nnls__init-uniform__ninit-1,7,division_zscore,"z-score within division, then recombined",3000,quality_lite_no_height,nnls,uniform,0.3057733967215648,0.0218409569086832,14,height_inches|mins_per_game,2,836,0.2786666666666667,458,378,0.4601655417019247,three_pa_per_100_team_poss=2.44; three_share=1.96; ft_pct=0.84; three_pct=0.69; usg=0.59,tov_pct=-1.62; ast_tov=-1.34; stl_pct=-1.33; ast_pct=-1.32; FTR=-0.98,0.5937897486028602,-1.3181357462161436,-1.6156083773028005,-1.335050468082192,-0.9823453824445368,1.957104764576442,2.4418633174259767,-0.5486156432765661,-0.3613162616732044,-1.332813993011206,-0.1136857903777788,224,389.0,836,usg|ast_pct|tov_pct|ast_tov|FTR|three_share|three_pa_per_100_team_poss|orb_pct|drb_pct|stl_pct|blk_pct|eFG|three_pct|ft_pct,,0.5653469599814769,0.6938839146507894,0.8377761904789888
quality_lite_no_height,k7__division_zscore__quality_lite_no_height__method-nnls__init-uniform__ninit-1,7,division_zscore,"z-score within division, then recombined",3000,quality_lite_no_height,nnls,uniform,0.3057733967215648,0.0218409569086832,14,height_inches|mins_per_game,3,389,0.1296666666666666,219,170,0.4576771015188351,blk_pct=3.93; orb_pct=2.92; drb_pct=2.71; eFG=0.49; usg=0.05,three_pct=-1.93; three_share=-1.55; three_pa_per_100_team_poss=-1.45; ast_pct=-1.16; ast_tov=-1.08,0.0543106362620683,-1.1622693267182365,-0.7511745773517116,-1.0797149209547103,-0.5672766070186024,-1.549511791767536,-1.447559288549564,2.9176691922045292,2.709637784353194,-0.3252255258651913,3.933017625906172,224,389.0,836,usg|ast_pct|tov_pct|ast_tov|FTR|three_share|three_pa_per_100_team_poss|orb_pct|drb_pct|stl_pct|blk_pct|eFG|three_pct|ft_pct,,0.4874661312898147,-1.9281435425971851,-0.6862081288471159
quality_lite_no_height,k7__division_zscore__quality_lite_no_height__method-nnls__init-uniform__ninit-1,7,division_zscore,"z-score within division, then recombined",3000,quality_lite_no_height,nnls,uniform,0.3057733967215648,0.0218409569086832,14,height_inches|mins_per_game,4,335,0.1116666666666666,174,161,0.469291657365989,ast_tov=3.61; three_share=1.69; three_pa_per_100_team_poss=0.96; three_pct=0.46; stl_pct=0.38,tov_pct=-1.85; usg=-1.57; drb_pct=-1.20; FTR=-1.19; orb_pct=-0.99,-1.5703174007848342,0.2087197061530117,-1.8491798550414251,3.6052039256265664,-1.1925964789243586,1.6888203611578685,0.957546956923155,-0.9934319854863586,-1.2005363948293857,0.3829986944360458,-0.7678441315140431,224,389.0,836,usg|ast_pct|tov_pct|ast_tov|FTR|three_share|three_pa_per_100_team_poss|orb_pct|drb_pct|stl_pct|blk_pct|eFG|three_pct|ft_pct,,-0.1809281940570025,0.4647823756534887,-0.4291689174408324
quality_lite_no_height,k7__division_zscore__quality_lite_no_height__method-nnls__init-uniform__ninit-1,7,division_zscore,"z-score within division, then recombined",3000,quality_lite_no_height,nnls,uniform,0.3057733967215648,0.0218409569086832,14,height_inches|mins_per_game,5,339,0.113,178,161,0.4399483238331194,stl_pct=3.47; usg=1.59; ast_pct=1.55; FTR=0.80; three_pct=0.51,drb_pct=-0.83; orb_pct=-0.69; blk_pct=-0.57; eFG=-0.42; three_share=-0.10,1.585542650386896,1.5506882764645684,0.4320782715746492,-0.0129338240941905,0.8028052288050156,-0.10399863677499,0.3959313618005562,-0.6914125319102679,-0.8312276545534916,3.4697831569855775,-0.5705731230080685,224,389.0,836,usg|ast_pct|tov_pct|ast_tov|FTR|three_share|three_pa_per_100_team_poss|orb_pct|drb_pct|stl_pct|blk_pct|eFG|three_pct|ft_pct,,-0.4177173242185724,0.5057496722091198,0.332408318214428
quality_lite_no_height,k7__division_zscore__quality_lite_no_height__method-nnls__init-uniform__ninit-1,7,division_zscore,"z-score within division, then recombined",3000,quality_lite_no_height,nnls,uniform,0.3057733967215648,0.0218409569086832,14,height_inches|mins_per_game,6,224,0.0746666666666666,112,112,0.4250744613967529,tov_pct=3.79; stl_pct=-0.11; blk_pct=-0.11; ast_pct=-0.42; ast_tov=-0.45,ft_pct=-3.10; eFG=-2.15; usg=-1.94; FTR=-1.76; three_pct=-1.24,-1.9433157178297915,-0.4220184546249078,3.791552194071547,-0.4510287839246827,-1.763493256952888,-0.9500057253113044,-1.2083674706396923,-0.9629616347972456,-0.6181991389931804,-0.1059649391267194,-0.1137348235302147,224,389.0,836,usg|ast_pct|tov_pct|ast_tov|FTR|three_share|three_pa_per_100_team_poss|orb_pct|drb_pct|stl_pct|blk_pct|eFG|three_pct|ft_pct,,-2.1471948777656995,-1.2434635263891365,-3.1023498538882395
quality_lite_no_height,k7__division_zscore__quality_lite_no_height__method-nnls__init-uniform__ninit-1,7,division_zscore,"z-score within division, then recombined",3000,quality_lite_no_height,nnls,uniform,0.3057733967215648,0.0218409569086832,14,height_inches|mins_per_game,7,467,0.1556666666666666,264,203,0.4500973109087519,ast_pct=3.02; usg=2.12; ast_tov=1.05; ft_pct=0.66; FTR=0.21,orb_pct=-0.76; three_share=-0.65; blk_pct=-0.58; stl_pct=-0.30; three_pa_per_100_team_poss=-0.18,2.121565992159995,3.0154452849586724,0.1783460658506006,1.0479440604786612,0.2086389177158736,-0.6542632044391511,-0.1816384635517447,-0.7582587412843687,0.2082896683599645,-0.3043628715875034,-0.5755165609764333,224,389.0,836,usg|ast_pct|tov_pct|ast_tov|FTR|three_share|three_pa_per_100_team_poss|orb_pct|drb_pct|stl_pct|blk_pct|eFG|three_pct|ft_pct,,0.1456338878452228,0.0426582963250864,0.6613644046090431
quality_lite_no_height,k8__division_zscore__quality_lite_no_height__method-nnls__init-uniform__ninit-1,8,division_zscore,"z-score within division, then recombined",3000,quality_lite_no_height,nnls,uniform,0.2783043367516002,0.019878881196542873,14,height_inches|mins_per_game,1,241,0.0803333333333333,113,128,0.435758447968365,stl_pct=3.42; FTR=2.22; tov_pct=1.44; ast_pct=1.32; usg=0.93,three_share=-0.62; three_pa_per_100_team_poss=-0.58; orb_pct=-0.51; drb_pct=-0.47; blk_pct=-0.27,0.9302163439412792,1.3216719065555258,1.4421593509598716,-0.0037532965745386,2.224551165475795,-0.6242217858515747,-0.5773931491556384,-0.5136659041578621,-0.4748406247333038,3.4222561294511995,-0.2702168817057639,189,263.0,929,usg|ast_pct|tov_pct|ast_tov|FTR|three_share|three_pa_per_100_team_poss|orb_pct|drb_pct|stl_pct|blk_pct|eFG|three_pct|ft_pct,,-0.1709729075812611,-0.1903895814767899,-0.1558878129723498
quality_lite_no_height,k8__division_zscore__quality_lite_no_height__method-nnls__init-uniform__ninit-1,8,division_zscore,"z-score within division, then recombined",3000,quality_lite_no_height,nnls,uniform,0.2783043367516002,0.019878881196542873,14,height_inches|mins_per_game,2,189,0.063,107,82,0.4564765187094199,FTR=3.56; tov_pct=0.65; orb_pct=0.39; eFG=0.32; blk_pct=0.30,usg=-2.08; three_pct=-1.70; stl_pct=-1.67; three_pa_per_100_team_poss=-1.33; three_share=-1.23,-2.077021766781044,-1.1777860049568698,0.6542983930052615,-0.3155718798434492,3.5579667654391174,-1.2273616723979262,-1.334929783141313,0.3921655341430032,-1.1304213745625782,-1.6713082121576803,0.3031102739100272,189,263.0,929,usg|ast_pct|tov_pct|ast_tov|FTR|three_share|three_pa_per_100_team_poss|orb_pct|drb_pct|stl_pct|blk_pct|eFG|three_pct|ft_pct,,0.319489032241786,-1.6965700591510195,-0.9207979002346046
quality_lite_no_height,k8__division_zscore__quality_lite_no_height__method-nnls__init-uniform__ninit-1,8,division_zscore,"z-score within division, then recombined",3000,quality_lite_no_height,nnls,uniform,0.2783043367516002,0.019878881196542873,14,height_inches|mins_per_game,3,488,0.1626666666666666,284,204,0.454393699196468,ast_pct=3.03; usg=2.02; ast_tov=1.49; ft_pct=1.05; three_pa_per_100_team_poss=0.45,orb_pct=-0.98; drb_pct=-0.65; blk_pct=-0.59; FTR=-0.46; stl_pct=-0.40,2.023247352730891,3.0269394146815243,-0.1074292765132148,1.4886414036778552,-0.4634358873169313,-0.2852825894144012,0.4496398003120009,-0.9842492399510328,-0.6464315514890431,-0.4031253996105721,-0.5897726981287635,189,263.0,929,usg|ast_pct|tov_pct|ast_tov|FTR|three_share|three_pa_per_100_team_poss|orb_pct|drb_pct|stl_pct|blk_pct|eFG|three_pct|ft_pct,,0.2093295360733952,0.4238938863269407,1.0467174533300825
quality_lite_no_height,k8__division_zscore__quality_lite_no_height__method-nnls__init-uniform__ninit-1,8,division_zscore,"z-score within division, then recombined",3000,quality_lite_no_height,nnls,uniform,0.2783043367516002,0.019878881196542873,14,height_inches|mins_per_game,4,247,0.0823333333333333,144,103,0.482946233677228,blk_pct=4.02; orb_pct=2.28; drb_pct=2.05; eFG=1.12; tov_pct=-0.29,three_pct=-1.94; three_share=-1.55; three_pa_per_100_team_poss=-1.45; ast_pct=-1.13; ast_tov=-1.12,-0.3573796322625,-1.1340697632946564,-0.2853379084270866,-1.117673628997682,-0.6983375873409863,-1.5530142664061548,-1.4495081988102607,2.2824362603410986,2.0538529398679457,-0.5429366878066878,4.017325348648048,189,263.0,929,usg|ast_pct|tov_pct|ast_tov|FTR|three_share|three_pa_per_100_team_poss|orb_pct|drb_pct|stl_pct|blk_pct|eFG|three_pct|ft_pct,,1.1210909465542984,-1.939355429342904,-0.7778809039704154
quality_lite_no_height,k8__division_zscore__quality_lite_no_height__method-nnls__init-uniform__ninit-1,8,division_zscore,"z-score within division, then recombined",3000,quality_lite_no_height,nnls,uniform,0.2783043367516002,0.019878881196542873,14,height_inches|mins_per_game,5,929,0.3096666666666666,517,412,0.4733175390766912,three_pa_per_100_team_poss=2.49; three_share=1.97; ft_pct=0.87; three_pct=0.64; usg=0.44,tov_pct=-1.48; ast_pct=-1.35; FTR=-1.23; ast_tov=-1.19; orb_pct=-0.85,0.4448671863639285,-1.351866971282284,-1.475428900030666,-1.1866712746954042,-1.2266349836315211,1.9730332607560368,2.4914464938099643,-0.8536928169199395,-0.6685094313095311,-0.6893296186477225,-0.2444039317815499,189,263.0,929,usg|ast_pct|tov_pct|ast_tov|FTR|three_share|three_pa_per_100_team_poss|orb_pct|drb_pct|stl_pct|blk_pct|eFG|three_pct|ft_pct,,0.3713245735552246,0.639000476272085,0.8691125276925467
quality_lite_no_height,k8__division_zscore__quality_lite_no_height__method-nnls__init-uniform__ninit-1,8,division_zscore,"z-score within division, then recombined",3000,quality_lite_no_height,nnls,uniform,0.2783043367516002,0.019878881196542873,14,height_inches|mins_per_game,6,279,0.093,143,136,0.468210645804107,ast_tov=3.59; three_share=1.56; three_pa_per_100_team_poss=0.77; three_pct=0.49; stl_pct=0.38,tov_pct=-1.89; usg=-1.64; FTR=-1.16; drb_pct=-1.11; orb_pct=-0.95,-1.6433463798593355,0.1966996866575599,-1.890010423069328,3.5924314270977935,-1.15776489913878,1.5644255378029357,0.7691801387794797,-0.9534557820005344,-1.1122545346900388,0.3756123664074616,-0.7497129157223036,189,263.0,929,usg|ast_pct|tov_pct|ast_tov|FTR|three_share|three_pa_per_100_team_poss|orb_pct|drb_pct|stl_pct|blk_pct|eFG|three_pct|ft_pct,,-0.159235318556434,0.4871015718905769,-0.731035058092472
quality_lite_no_height,k8__division_zscore__quality_lite_no_height__method-nnls__init-uniform__ninit-1,8,division_zscore,"z-score within division, then recombined",3000,quality_lite_no_height,nnls,uniform,0.2783043367516002,0.019878881196542873,14,height_inches|mins_per_game,7,199,0.0663333333333333,95,104,0.416259482813419,tov_pct=3.81; stl_pct=0.02; ast_tov=-0.24; drb_pct=-0.34; ast_pct=-0.55,ft_pct=-3.27; eFG=-2.36; usg=-1.99; FTR=-1.80; three_pct=-1.45,-1.9901698111905777,-0.5458034157514395,3.8097704970445383,-0.2406308538716303,-1.80219742674148,-1.0667500175714373,-1.2568065479927524,-0.6327354619931169,-0.3442300588491288,0.019984427540429,-0.5757613328738111,189,263.0,929,usg|ast_pct|tov_pct|ast_tov|FTR|three_share|three_pa_per_100_team_poss|orb_pct|drb_pct|stl_pct|blk_pct|eFG|three_pct|ft_pct,,-2.3641832498862523,-1.451712741509218,-3.2655387388964177
quality_lite_no_height,k8__division_zscore__quality_lite_no_height__method-nnls__init-uniform__ninit-1,8,division_zscore,"z-score within division, then recombined",3000,quality_lite_no_height,nnls,uniform,0.2783043367516002,0.019878881196542873,14,height_inches|mins_per_game,8,428,0.1426666666666666,225,203,0.4376478601277311,orb_pct=2.78; drb_pct=2.65; FTR=1.72; usg=1.37; blk_pct=0.73,three_share=-1.31; three_pa_per_100_team_poss=-1.19; ast_tov=-1.02; tov_pct=-0.76; ast_pct=-0.66,1.3685422635718951,-0.6642939647480038,-0.762686502297833,-1.018279244600197,1.72321323936847,-1.3087395895481029,-1.1929976787623011,2.781222642159592,2.6469866677909777,-0.404432056488785,0.7271785999062468,189,263.0,929,usg|ast_pct|tov_pct|ast_tov|FTR|three_share|three_pa_per_100_team_poss|orb_pct|drb_pct|stl_pct|blk_pct|eFG|three_pct|ft_pct,,0.5884487514577241,-0.2107625897656469,0.0531601934700326
quality_lite_height_025,k6__division_zscore__quality_lite_height_025__method-nnls__init-uniform__ninit-1,6,division_zscore,"z-score within division, then recombined",3000,quality_lite_height_025,nnls,uniform,0.3613318451462657,0.024088789676417713,15,mins_per_game,1,391,0.1303333333333333,203,188,0.4777166882017243,ast_tov=3.59; three_share=1.42; three_pa_per_100_team_poss=0.75; three_pct=0.49; ast_pct=0.40,tov_pct=-1.67; usg=-1.48; drb_pct=-1.14; FTR=-1.05; orb_pct=-0.97,-1.4844810825214163,0.4017137876139916,-1.667341935539646,3.5933933913557405,-1.0465811056555991,1.4177424575468458,0.7549925401421,-0.9677576131606278,-1.1434587028940677,0.2300065829078384,-0.7138627836047868,184,495.0,803,usg|ast_pct|tov_pct|ast_tov|FTR|three_share|three_pa_per_100_team_poss|orb_pct|drb_pct|stl_pct|blk_pct|eFG|three_pct|ft_pct|height_inches,-0.8879499906813161,-0.1688799402040498,0.4926266649435001,0.0438604241959508
quality_lite_height_025,k6__division_zscore__quality_lite_height_025__method-nnls__init-uniform__ninit-1,6,division_zscore,"z-score within division, then recombined",3000,quality_lite_height_025,nnls,uniform,0.3613318451462657,0.024088789676417713,15,mins_per_game,2,326,0.1086666666666666,172,154,0.4943497310566704,FTR=3.52; tov_pct=0.75; orb_pct=0.52; height_inches=0.33; eFG=0.23,three_pct=-1.55; usg=-1.42; three_pa_per_100_team_poss=-1.31; three_share=-1.25; ast_pct=-1.19,-1.4211658612401046,-1.1887372663704867,0.7473587716291342,-0.9899474560474844,3.5208956931227866,-1.2537508087124845,-1.3147303221476352,0.5225109888443977,-0.4167661537821232,-0.4937712981928731,-0.3055776592538247,184,495.0,803,usg|ast_pct|tov_pct|ast_tov|FTR|three_share|three_pa_per_100_team_poss|orb_pct|drb_pct|stl_pct|blk_pct|eFG|three_pct|ft_pct|height_inches,0.3307656637391906,0.2332620242710259,-1.5452156409699247,-0.7687524829118685
quality_lite_height_025,k6__division_zscore__quality_lite_height_025__method-nnls__init-uniform__ninit-1,6,division_zscore,"z-score within division, then recombined",3000,quality_lite_height_025,nnls,uniform,0.3613318451462657,0.024088789676417713,15,mins_per_game,3,697,0.2323333333333333,378,319,0.5064797994274349,ast_pct=2.65; usg=2.21; stl_pct=1.82; ft_pct=0.87; FTR=0.53,height_inches=-1.49; orb_pct=-0.79; blk_pct=-0.56; eFG=-0.27; drb_pct=-0.27,2.2149682437205342,2.645199032250518,0.2979481837226266,0.4017416421420025,0.5250623934667962,-0.2126560372989678,0.3125443904674329,-0.7919606209666324,-0.2716899885340692,1.8237088130568249,-0.5584519804083405,184,495.0,803,usg|ast_pct|tov_pct|ast_tov|FTR|three_share|three_pa_per_100_team_poss|orb_pct|drb_pct|stl_pct|blk_pct|eFG|three_pct|ft_pct|height_inches,-1.4874340284306489,-0.2719596420368403,0.3496780007806794,0.8748986350630688
quality_lite_height_025,k6__division_zscore__quality_lite_height_025__method-nnls__init-uniform__ninit-1,6,division_zscore,"z-score within division, then recombined",3000,quality_lite_height_025,nnls,uniform,0.3613318451462657,0.024088789676417713,15,mins_per_game,4,184,0.0613333333333333,98,86,0.4379973419907649,tov_pct=3.82; blk_pct=-0.03; stl_pct=-0.04; ast_tov=-0.53; ast_pct=-0.56,ft_pct=-3.26; eFG=-2.36; usg=-1.99; FTR=-1.80; three_pct=-1.44,-1.9858422645230591,-0.5551131014042118,3.816076330151146,-0.5256448608919269,-1.802200791568037,-1.0481051188246748,-1.2472040059142666,-0.9577563092442536,-0.6045626908593732,-0.0446710083405295,-0.0256993973902506,184,495.0,803,usg|ast_pct|tov_pct|ast_tov|FTR|three_share|three_pa_per_100_team_poss|orb_pct|drb_pct|stl_pct|blk_pct|eFG|three_pct|ft_pct|height_inches,-0.7934538889337497,-2.3564000486215524,-1.440343272369954,-3.2583901004514098
quality_lite_height_025,k6__division_zscore__quality_lite_height_025__method-nnls__init-uniform__ninit-1,6,division_zscore,"z-score within division, then recombined",3000,quality_lite_height_025,nnls,uniform,0.3613318451462657,0.024088789676417713,15,mins_per_game,5,803,0.2676666666666666,443,360,0.480580169897724,three_pa_per_100_team_poss=2.48; three_share=1.98; ft_pct=0.71; three_pct=0.67; usg=0.50,tov_pct=-1.54; ast_pct=-1.33; ast_tov=-1.24; FTR=-1.18; stl_pct=-0.95,0.4983964163221626,-1.3346022354138742,-1.5387816205648954,-1.2445783234619376,-1.1826994557306665,1.9804535654756872,2.4763613571967493,-0.665418521785345,-0.5356855808324227,-0.9543710673037812,-0.2115729053790292,184,495.0,803,usg|ast_pct|tov_pct|ast_tov|FTR|three_share|three_pa_per_100_team_poss|orb_pct|drb_pct|stl_pct|blk_pct|eFG|three_pct|ft_pct|height_inches,0.4609642494643829,0.4567774656185058,0.6651288549999911,0.7065338005987699
quality_lite_height_025,k6__division_zscore__quality_lite_height_025__method-nnls__init-uniform__ninit-1,6,division_zscore,"z-score within division, then recombined",3000,quality_lite_height_025,nnls,uniform,0.3613318451462657,0.024088789676417713,15,mins_per_game,6,599,0.1996666666666666,334,265,0.4881832539556246,blk_pct=3.07; drb_pct=2.70; orb_pct=2.65; height_inches=1.84; usg=1.04,three_pct=-1.94; three_share=-1.56; three_pa_per_100_team_poss=-1.45; ast_tov=-1.06; stl_pct=-0.79,1.0422701972629649,-0.7533373025078536,-0.727092849676041,-1.0608176797178044,0.1993387147906707,-1.5617306579686732,-1.4542624816290994,2.65216647081266,2.6980912974822737,-0.7946631581692705,3.072543612853518,184,495.0,803,usg|ast_pct|tov_pct|ast_tov|FTR|three_share|three_pa_per_100_team_poss|orb_pct|drb_pct|stl_pct|blk_pct|eFG|three_pct|ft_pct|height_inches,1.8368373906183049,0.9588436465065276,-1.93916668644695,-0.3101801041586432
quality_lite_height_025,k7__division_zscore__quality_lite_height_025__method-nnls__init-furthest_first__ninit-1,7,division_zscore,"z-score within division, then recombined",3000,quality_lite_height_025,nnls,furthest_first,0.3332879083767823,0.022219193891785487,15,mins_per_game,1,398,0.1326666666666666,205,193,0.4805340497010158,ast_tov=3.61; three_share=1.24; three_pa_per_100_team_poss=0.62; ast_pct=0.62; three_pct=0.56,tov_pct=-1.50; usg=-1.35; drb_pct=-1.08; orb_pct=-0.97; FTR=-0.89,-1.347272173794201,0.6163226049420475,-1.5037262445005295,3.6052039248081647,-0.8927340876645616,1.2410001027146849,0.6178327378272034,-0.971653539346902,-1.0762801128427608,-0.0659516549432089,-0.6857561867236855,175,398.0,854,usg|ast_pct|tov_pct|ast_tov|FTR|three_share|three_pa_per_100_team_poss|orb_pct|drb_pct|stl_pct|blk_pct|eFG|three_pct|ft_pct|height_inches,-0.8537128503575269,-0.0468660103590088,0.5594428839408807,0.0947635082096761
quality_lite_height_025,k7__division_zscore__quality_lite_height_025__method-nnls__init-furthest_first__ninit-1,7,division_zscore,"z-score within division, then recombined",3000,quality_lite_height_025,nnls,furthest_first,0.3332879083767823,0.022219193891785487,15,mins_per_game,2,222,0.074,127,95,0.5051952142821888,blk_pct=4.04; height_inches=1.77; orb_pct=1.71; eFG=1.28; drb_pct=0.94,three_pct=-1.99; three_share=-1.52; three_pa_per_100_team_poss=-1.42; ast_tov=-1.29; ast_pct=-1.28,-0.7260799063529914,-1.2818619654110568,0.0255928663784312,-1.2860286932798843,-0.0501700529367602,-1.522829749439261,-1.4165687642956402,1.7051020722711228,0.9429627089089396,-0.0948909467054239,4.04274855441852,175,398.0,854,usg|ast_pct|tov_pct|ast_tov|FTR|three_share|three_pa_per_100_team_poss|orb_pct|drb_pct|stl_pct|blk_pct|eFG|three_pct|ft_pct|height_inches,1.7702772017907489,1.2842119546275337,-1.992699200211075,-0.6138360618380907
quality_lite_height_025,k7__division_zscore__quality_lite_height_025__method-nnls__init-furthest_first__ninit-1,7,division_zscore,"z-score within division, then recombined",3000,quality_lite_height_025,nnls,furthest_first,0.3332879083767823,0.022219193891785487,15,mins_per_game,3,273,0.091,147,126,0.4735424091120179,FTR=3.53; tov_pct=0.94; orb_pct=0.11; height_inches=-0.00; eFG=-0.04,usg=-1.66; three_pct=-1.58; three_pa_per_100_team_poss=-1.30; ast_pct=-1.28; three_share=-1.16,-1.661717500446532,-1.2837164936351242,0.936198805694956,-1.0521985133214156,3.5293678216256943,-1.160754890903453,-1.2976764981577291,0.1073827667004718,-0.7340407380578904,-0.702864396137794,-0.2900302496216541,175,398.0,854,usg|ast_pct|tov_pct|ast_tov|FTR|three_share|three_pa_per_100_team_poss|orb_pct|drb_pct|stl_pct|blk_pct|eFG|three_pct|ft_pct|height_inches,-0.0002834688005028,-0.0402763264715535,-1.5760104345423378,-0.7944571039890295
quality_lite_height_025,k7__division_zscore__quality_lite_height_025__method-nnls__init-furthest_first__ninit-1,7,division_zscore,"z-score within division, then recombined",3000,quality_lite_height_025,nnls,furthest_first,0.3332879083767823,0.022219193891785487,15,mins_per_game,4,175,0.0583333333333333,92,83,0.4269945695100422,tov_pct=3.83; stl_pct=0.05; ast_tov=-0.21; drb_pct=-0.34; ast_pct=-0.56,ft_pct=-3.37; eFG=-2.40; usg=-2.00; FTR=-1.81; three_pct=-1.47,-2.0020810881072237,-0.5579823123099352,3.8314269078129426,-0.2091479006723336,-1.8130128729723276,-1.0770863933466284,-1.261362155960939,-0.6392165293258073,-0.3355186191542332,0.0539001721636503,-0.6270941512283602,175,398.0,854,usg|ast_pct|tov_pct|ast_tov|FTR|three_share|three_pa_per_100_team_poss|orb_pct|drb_pct|stl_pct|blk_pct|eFG|three_pct|ft_pct|height_inches,-0.8813953632257393,-2.3998355854702047,-1.472462175664475,-3.366977516643336
quality_lite_height_025,k7__division_zscore__quality_lite_height_025__method-nnls__init-furthest_first__ninit-1,7,division_zscore,"z-score within division, then recombined",3000,quality_lite_height_025,nnls,furthest_first,0.3332879083767823,0.022219193891785487,15,mins_per_game,5,854,0.2846666666666667,482,372,0.4805535786718281,three_pa_per_100_team_poss=2.48; three_share=2.02; ft_pct=0.65; three_pct=0.63; eFG=0.40,tov_pct=-1.55; FTR=-1.32; ast_pct=-1.31; ast_tov=-1.13; stl_pct=-0.81,0.3842526981604399,-1.3062954202997952,-1.5482905753472502,-1.1256328237269986,-1.317819182956418,2.018791006611088,2.4848140695107843,-0.7952689614829573,-0.6368057878100636,-0.808685410894833,-0.3133575264731617,175,398.0,854,usg|ast_pct|tov_pct|ast_tov|FTR|three_share|three_pa_per_100_team_poss|orb_pct|drb_pct|stl_pct|blk_pct|eFG|three_pct|ft_pct|height_inches,0.3397556055836701,0.4030600111874327,0.6287743182467939,0.6517992567363868
quality_lite_height_025,k7__division_zscore__quality_lite_height_025__method-nnls__init-furthest_first__ninit-1,7,division_zscore,"z-score within division, then recombined",3000,quality_lite_height_025,nnls,furthest_first,0.3332879083767823,0.022219193891785487,15,mins_per_game,6,593,0.1976666666666666,321,272,0.4906332213699976,ast_pct=2.50; stl_pct=2.28; usg=2.21; ft_pct=1.07; three_pa_per_100_team_poss=0.48,height_inches=-1.63; orb_pct=-0.88; blk_pct=-0.46; drb_pct=-0.41; eFG=-0.26,2.2147635207144796,2.50099923321811,0.3554655763334032,0.267717288497951,0.406487336859289,-0.0673687856235978,0.4842381616017105,-0.8844131959811345,-0.4074410761600086,2.284327686390294,-0.4631685337091345,175,398.0,854,usg|ast_pct|tov_pct|ast_tov|FTR|three_share|three_pa_per_100_team_poss|orb_pct|drb_pct|stl_pct|blk_pct|eFG|three_pct|ft_pct|height_inches,-1.6253327116272964,-0.2550995084746216,0.3434069470924874,1.072427329942241
quality_lite_height_025,k7__division_zscore__quality_lite_height_025__method-nnls__init-furthest_first__ninit-1,7,division_zscore,"z-score within division, then recombined",3000,quality_lite_height_025,nnls,furthest_first,0.3332879083767823,0.022219193891785487,15,mins_per_game,7,485,0.1616666666666666,254,231,0.4543727744579504,orb_pct=2.80; drb_pct=2.70; usg=2.00; height_inches=1.69; blk_pct=1.51,three_share=-1.45; three_pa_per_100_team_poss=-1.33; three_pct=-0.82; stl_pct=-0.70; ast_tov=-0.62,1.9951046886753092,0.3935259183253914,-0.4739804088977991,-0.6229859203830341,0.8923171459445046,-1.4488254019319378,-1.3281324359263502,2.8032118675624615,2.702029533824704,-0.7022721642074611,1.5084218465850932,175,398.0,854,usg|ast_pct|tov_pct|ast_tov|FTR|three_share|three_pa_per_100_team_poss|orb_pct|drb_pct|stl_pct|blk_pct|eFG|three_pct|ft_pct|height_inches,1.6917173445718354,0.9358200049232266,-0.8233643621073924,-0.1256074668996041
quality_lite_height_025,k8__division_zscore__quality_lite_height_025__method-nnls__init-aa_plus_plus__ninit-1,8,division_zscore,"z-score within division, then recombined",3000,quality_lite_height_025,nnls,aa_plus_plus,0.3103732990195132,0.02069155326796755,15,mins_per_game,1,911,0.3036666666666666,501,410,0.4645766389877503,three_pa_per_100_team_poss=2.49; three_share=2.00; ft_pct=0.81; three_pct=0.68; usg=0.53,tov_pct=-1.58; ast_pct=-1.29; FTR=-1.23; ast_tov=-1.22; stl_pct=-0.94,0.5278464505437253,-1.2887871687068289,-1.5816586880559698,-1.2192089106884485,-1.2329083745644558,2.004674957401093,2.4876901190087657,-0.6195516870716505,-0.4295982847808778,-0.939994251738391,-0.164716764225686,74,307.0,911,usg|ast_pct|tov_pct|ast_tov|FTR|three_share|three_pa_per_100_team_poss|orb_pct|drb_pct|stl_pct|blk_pct|eFG|three_pct|ft_pct|height_inches,0.4905929323344742,0.4931366570304286,0.6783132447111934,0.8114712590816028
quality_lite_height_025,k8__division_zscore__quality_lite_height_025__method-nnls__init-aa_plus_plus__ninit-1,8,division_zscore,"z-score within division, then recombined",3000,quality_lite_height_025,nnls,aa_plus_plus,0.3103732990195132,0.02069155326796755,15,mins_per_game,2,173,0.0576666666666666,93,80,0.4312188994505668,FTR=3.56; orb_pct=0.15; stl_pct=0.09; height_inches=-0.22; blk_pct=-0.68,three_pct=-1.93; ast_pct=-1.40; three_pa_per_100_team_poss=-1.32; three_share=-1.27; ft_pct=-1.23,-1.0050698199177377,-1.3975493525521816,-0.7287386806965553,-1.2019020147184862,3.5624833511789618,-1.267328708548626,-1.3223675113827456,0.1523047400296224,-0.9872496430232012,0.089847510198603,-0.6759157816546654,74,307.0,911,usg|ast_pct|tov_pct|ast_tov|FTR|three_share|three_pa_per_100_team_poss|orb_pct|drb_pct|stl_pct|blk_pct|eFG|three_pct|ft_pct|height_inches,-0.2222144605298671,-0.8495707965926121,-1.9281435434942091,-1.2287921084073037
quality_lite_height_025,k8__division_zscore__quality_lite_height_025__method-nnls__init-aa_plus_plus__ninit-1,8,division_zscore,"z-score within division, then recombined",3000,quality_lite_height_025,nnls,aa_plus_plus,0.3103732990195132,0.02069155326796755,15,mins_per_game,3,296,0.0986666666666666,150,146,0.4639393315254951,ast_tov=3.60; three_share=1.74; three_pa_per_100_team_poss=1.00; three_pct=0.46; stl_pct=0.45,tov_pct=-1.88; usg=-1.58; FTR=-1.29; drb_pct=-1.25; orb_pct=-0.99,-1.5815143191076269,0.1628518939342557,-1.8765456477431488,3.598674164451564,-1.2870554142840356,1.7423336372142282,1.0007035442618422,-0.986579444715624,-1.248432889028596,0.4534062863893418,-0.7812903671952279,74,307.0,911,usg|ast_pct|tov_pct|ast_tov|FTR|three_share|three_pa_per_100_team_poss|orb_pct|drb_pct|stl_pct|blk_pct|eFG|three_pct|ft_pct|height_inches,-0.8448616136631852,-0.144902488439905,0.4620033463777147,-0.7680438730574248
quality_lite_height_025,k8__division_zscore__quality_lite_height_025__method-nnls__init-aa_plus_plus__ninit-1,8,division_zscore,"z-score within division, then recombined",3000,quality_lite_height_025,nnls,aa_plus_plus,0.3103732990195132,0.02069155326796755,15,mins_per_game,4,318,0.106,160,158,0.4405207440516877,stl_pct=3.44; ast_pct=1.70; usg=1.64; FTR=0.62; tov_pct=0.39,height_inches=-1.04; three_share=-0.55; blk_pct=-0.38; eFG=-0.18; orb_pct=-0.15,1.6398913002967752,1.7011991346774589,0.3887173502683873,0.0776608205700216,0.6248576703923171,-0.549987211146274,-0.1275612646009558,-0.1493356356625513,0.1580110906150088,3.4397765189613425,-0.3778746511554426,74,307.0,911,usg|ast_pct|tov_pct|ast_tov|FTR|three_share|three_pa_per_100_team_poss|orb_pct|drb_pct|stl_pct|blk_pct|eFG|three_pct|ft_pct|height_inches,-1.0421172507242646,-0.1781912241855345,0.0764985250023515,0.0205973936094232
quality_lite_height_025,k8__division_zscore__quality_lite_height_025__method-nnls__init-aa_plus_plus__ninit-1,8,division_zscore,"z-score within division, then recombined",3000,quality_lite_height_025,nnls,aa_plus_plus,0.3103732990195132,0.02069155326796755,15,mins_per_game,5,394,0.1313333333333333,234,160,0.45240876322191,ast_pct=3.01; usg=2.09; ast_tov=1.48; ft_pct=0.91; three_pct=0.57,height_inches=-1.79; drb_pct=-0.90; orb_pct=-0.86; blk_pct=-0.64; FTR=-0.42,2.086076596147109,3.01346986939683,-0.4210971141032813,1.4803690369580205,-0.4221510570063912,-0.255435392548751,0.5436350943731927,-0.8636664275298496,-0.8982005765997059,-0.1775870916286185,-0.6426245737217567,74,307.0,911,usg|ast_pct|tov_pct|ast_tov|FTR|three_share|three_pa_per_100_team_poss|orb_pct|drb_pct|stl_pct|blk_pct|eFG|three_pct|ft_pct|height_inches,-1.791452374177119,0.0692085948156307,0.5720710897286139,0.9126925212882994
quality_lite_height_025,k8__division_zscore__quality_lite_height_025__method-nnls__init-aa_plus_plus__ninit-1,8,division_zscore,"z-score within division, then recombined",3000,quality_lite_height_025,nnls,aa_plus_plus,0.3103732990195132,0.02069155326796755,15,mins_per_game,6,128,0.0426666666666666,67,61,0.4026688218899011,tov_pct=3.94; blk_pct=0.28; stl_pct=0.10; height_inches=-0.53; drb_pct=-0.72,ft_pct=-3.97; eFG=-3.17; usg=-2.13; three_pct=-2.08; FTR=-1.95,-2.1325838201537595,-0.9766711745445428,3.940755474306109,-0.7547616118245012,-1.9509725343051711,-1.5961642566244671,-1.4735184973511104,-0.9975326588744736,-0.717116375928984,0.1015447161389126,0.2836821929410755,74,307.0,911,usg|ast_pct|tov_pct|ast_tov|FTR|three_share|three_pa_per_100_team_poss|orb_pct|drb_pct|stl_pct|blk_pct|eFG|three_pct|ft_pct|height_inches,-0.5268367002390891,-3.1693259766238984,-2.0774842775677693,-3.9723473192046974
quality_lite_height_025,k8__division_zscore__quality_lite_height_025__method-nnls__init-aa_plus_plus__ninit-1,8,division_zscore,"z-score within division, then recombined",3000,quality_lite_height_025,nnls,aa_plus_plus,0.3103732990195132,0.02069155326796755,15,mins_per_game,7,706,0.2353333333333333,390,316,0.4885986109697126,blk_pct=2.87; orb_pct=2.65; drb_pct=2.60; height_inches=1.99; eFG=1.26,three_pct=-1.81; three_share=-1.55; three_pa_per_100_team_poss=-1.45; ast_tov=-1.03; stl_pct=-1.01,0.9112304104385692,-0.5698083754560588,-0.4350647773367936,-1.0279202968393877,0.4900695455424876,-1.55031584988295,-1.447615711059655,2.647641815093259,2.600884310209518,-1.008165413423015,2.8721955829488044,74,307.0,911,usg|ast_pct|tov_pct|ast_tov|FTR|three_share|three_pa_per_100_team_poss|orb_pct|drb_pct|stl_pct|blk_pct|eFG|three_pct|ft_pct|height_inches,1.9880779640688675,1.26385774586902,-1.8115005967876576,-0.2739405924774126
quality_lite_height_025,k8__division_zscore__quality_lite_height_025__method-nnls__init-aa_plus_plus__ninit-1,8,division_zscore,"z-score within division, then recombined",3000,quality_lite_height_025,nnls,aa_plus_plus,0.3103732990195132,0.02069155326796755,15,mins_per_game,8,74,0.0246666666666666,33,41,0.3686186568139477,tov_pct=3.57; FTR=3.10; eFG=2.23; three_pct=1.57; ast_pct=1.12,usg=-1.60; orb_pct=-1.51; stl_pct=-1.25; three_pa_per_100_team_poss=-1.13; height_inches=-1.04,-1.5973780246355207,1.117634523684505,3.57031183753407,0.5476631942782655,3.0974003919309565,-0.1639213766438126,-1.1342871110522228,-1.5053052835279248,0.4996138901335556,-1.2518519957301617,-0.9049894311968872,74,307.0,911,usg|ast_pct|tov_pct|ast_tov|FTR|three_share|three_pa_per_100_team_poss|orb_pct|drb_pct|stl_pct|blk_pct|eFG|three_pct|ft_pct|height_inches,-1.0405377246169756,2.2339450439540167,1.566985819839516,-0.2575437716941823
