run_id,k,scaling_mode,feature_set,method,init,n_init,max_iter,tol,features,excluded_features,rss,rss_per_row,n_iter,min_archetype_rows,median_archetype_rows,max_archetype_rows,elapsed_seconds,version,feature_count,rss_per_row_per_feature
k6__division_zscore__quality_lite_residual_bucketed_height_025__method-nnls__init-uniform__ninit-1,6,division_zscore,quality_lite_residual_bucketed_height_025,nnls,uniform,1,100,0.0001,usg|ast_pct|tov_pct|ast_tov|FTR|three_share|three_pa_per_100_team_poss|resid_three_share_height|orb_pct|drb_pct|resid_orb_pct_height|resid_drb_pct_height|stl_pct|blk_pct|eFG|three_pct|resid_three_pct_shot_mix|ft_pct|height_inches,mins_per_game,1185.6734512005394,0.3952244837335131,61,214,421.0,824,3.4281740188598633,quality_lite_residual_bucketed_height_025,19,0.020801288617553322
k6__division_zscore__quality_lite_residual_bucketed_height_025__method-nnls__init-aa_plus_plus__ninit-1,6,division_zscore,quality_lite_residual_bucketed_height_025,nnls,aa_plus_plus,1,100,0.0001,usg|ast_pct|tov_pct|ast_tov|FTR|three_share|three_pa_per_100_team_poss|resid_three_share_height|orb_pct|drb_pct|resid_orb_pct_height|resid_drb_pct_height|stl_pct|blk_pct|eFG|three_pct|resid_three_pct_shot_mix|ft_pct|height_inches,mins_per_game,1185.6742000860772,0.3952247333620257,78,214,421.0,824,5.435296058654785,quality_lite_residual_bucketed_height_025,19,0.02080130175589609
k6__division_zscore__quality_lite_residual_bucketed_height_025__method-nnls__init-furthest_first__ninit-1,6,division_zscore,quality_lite_residual_bucketed_height_025,nnls,furthest_first,1,100,0.0001,usg|ast_pct|tov_pct|ast_tov|FTR|three_share|three_pa_per_100_team_poss|resid_three_share_height|orb_pct|drb_pct|resid_orb_pct_height|resid_drb_pct_height|stl_pct|blk_pct|eFG|three_pct|resid_three_pct_shot_mix|ft_pct|height_inches,mins_per_game,1185.6745783064523,0.3952248594354842,91,214,421.0,824,4.29170298576355,quality_lite_residual_bucketed_height_025,19,0.020801308391341273
k6__division_zscore__quality_lite_residual_bucketed_height_025__method-nnls__init-furthest_sum__ninit-1,6,division_zscore,quality_lite_residual_bucketed_height_025,nnls,furthest_sum,1,100,0.0001,usg|ast_pct|tov_pct|ast_tov|FTR|three_share|three_pa_per_100_team_poss|resid_three_share_height|orb_pct|drb_pct|resid_orb_pct_height|resid_drb_pct_height|stl_pct|blk_pct|eFG|three_pct|resid_three_pct_shot_mix|ft_pct|height_inches,mins_per_game,1185.6746019198397,0.3952248673066131,71,214,421.0,824,3.532492160797119,quality_lite_residual_bucketed_height_025,19,0.020801308805611218
k7__division_zscore__quality_lite_residual_bucketed_height_025__method-nnls__init-aa_plus_plus__ninit-1,7,division_zscore,quality_lite_residual_bucketed_height_025,nnls,aa_plus_plus,1,100,0.0001,usg|ast_pct|tov_pct|ast_tov|FTR|three_share|three_pa_per_100_team_poss|resid_three_share_height|orb_pct|drb_pct|resid_orb_pct_height|resid_drb_pct_height|stl_pct|blk_pct|eFG|three_pct|resid_three_pct_shot_mix|ft_pct|height_inches,mins_per_game,1100.7820450392162,0.3669273483464054,100,224,368.0,777,11.789448976516724,quality_lite_residual_bucketed_height_025,19,0.01931196570244239
k7__division_zscore__quality_lite_residual_bucketed_height_025__method-nnls__init-uniform__ninit-1,7,division_zscore,quality_lite_residual_bucketed_height_025,nnls,uniform,1,100,0.0001,usg|ast_pct|tov_pct|ast_tov|FTR|three_share|three_pa_per_100_team_poss|resid_three_share_height|orb_pct|drb_pct|resid_orb_pct_height|resid_drb_pct_height|stl_pct|blk_pct|eFG|three_pct|resid_three_pct_shot_mix|ft_pct|height_inches,mins_per_game,1107.030776686937,0.3690102588956457,63,149,365.0,818,4.196858167648315,quality_lite_residual_bucketed_height_025,19,0.01942159257345504
k7__division_zscore__quality_lite_residual_bucketed_height_025__method-nnls__init-furthest_sum__ninit-1,7,division_zscore,quality_lite_residual_bucketed_height_025,nnls,furthest_sum,1,100,0.0001,usg|ast_pct|tov_pct|ast_tov|FTR|three_share|three_pa_per_100_team_poss|resid_three_share_height|orb_pct|drb_pct|resid_orb_pct_height|resid_drb_pct_height|stl_pct|blk_pct|eFG|three_pct|resid_three_pct_shot_mix|ft_pct|height_inches,mins_per_game,1130.9078025712374,0.3769692675237458,100,53,364.0,801,7.595847129821777,quality_lite_residual_bucketed_height_025,19,0.019840487764407676
k7__division_zscore__quality_lite_residual_bucketed_height_025__method-nnls__init-furthest_first__ninit-1,7,division_zscore,quality_lite_residual_bucketed_height_025,nnls,furthest_first,1,100,0.0001,usg|ast_pct|tov_pct|ast_tov|FTR|three_share|three_pa_per_100_team_poss|resid_three_share_height|orb_pct|drb_pct|resid_orb_pct_height|resid_drb_pct_height|stl_pct|blk_pct|eFG|three_pct|resid_three_pct_shot_mix|ft_pct|height_inches,mins_per_game,1141.831466738175,0.3806104889127251,100,13,390.0,845,6.131907939910889,quality_lite_residual_bucketed_height_025,19,0.020032130995406582
k8__division_zscore__quality_lite_residual_bucketed_height_025__method-nnls__init-furthest_first__ninit-1,8,division_zscore,quality_lite_residual_bucketed_height_025,nnls,furthest_first,1,100,0.0001,usg|ast_pct|tov_pct|ast_tov|FTR|three_share|three_pa_per_100_team_poss|resid_three_share_height|orb_pct|drb_pct|resid_orb_pct_height|resid_drb_pct_height|stl_pct|blk_pct|eFG|three_pct|resid_three_pct_shot_mix|ft_pct|height_inches,mins_per_game,1022.6457220451944,0.3408819073483981,100,61,328.0,829,8.363664865493774,quality_lite_residual_bucketed_height_025,19,0.017941153018336743
k8__division_zscore__quality_lite_residual_bucketed_height_025__method-nnls__init-uniform__ninit-1,8,division_zscore,quality_lite_residual_bucketed_height_025,nnls,uniform,1,100,0.0001,usg|ast_pct|tov_pct|ast_tov|FTR|three_share|three_pa_per_100_team_poss|resid_three_share_height|orb_pct|drb_pct|resid_orb_pct_height|resid_drb_pct_height|stl_pct|blk_pct|eFG|three_pct|resid_three_pct_shot_mix|ft_pct|height_inches,mins_per_game,1022.8072204755454,0.3409357401585151,100,59,323.5,833,7.982712030410767,quality_lite_residual_bucketed_height_025,19,0.017943986324132372
k8__division_zscore__quality_lite_residual_bucketed_height_025__method-nnls__init-aa_plus_plus__ninit-1,8,division_zscore,quality_lite_residual_bucketed_height_025,nnls,aa_plus_plus,1,100,0.0001,usg|ast_pct|tov_pct|ast_tov|FTR|three_share|three_pa_per_100_team_poss|resid_three_share_height|orb_pct|drb_pct|resid_orb_pct_height|resid_drb_pct_height|stl_pct|blk_pct|eFG|three_pct|resid_three_pct_shot_mix|ft_pct|height_inches,mins_per_game,1024.523926828694,0.3415079756095647,100,79,347.0,832,7.022860050201416,quality_lite_residual_bucketed_height_025,19,0.017974103979450772
k8__division_zscore__quality_lite_residual_bucketed_height_025__method-nnls__init-furthest_sum__ninit-1,8,division_zscore,quality_lite_residual_bucketed_height_025,nnls,furthest_sum,1,100,0.0001,usg|ast_pct|tov_pct|ast_tov|FTR|three_share|three_pa_per_100_team_poss|resid_three_share_height|orb_pct|drb_pct|resid_orb_pct_height|resid_drb_pct_height|stl_pct|blk_pct|eFG|three_pct|resid_three_pct_shot_mix|ft_pct|height_inches,mins_per_game,1065.3312440839318,0.3551104146946439,100,43,262.5,1151,7.370292901992798,quality_lite_residual_bucketed_height_025,19,0.018690021826033888
k6__division_zscore__role_residual_bucketed_height_025__method-nnls__init-furthest_sum__ninit-1,6,division_zscore,role_residual_bucketed_height_025,nnls,furthest_sum,1,100,0.0001,usg|ast_pct|tov_pct|ast_tov|FTR|three_share|three_pa_per_100_team_poss|resid_three_share_height|orb_pct|drb_pct|resid_orb_pct_height|resid_drb_pct_height|stl_pct|blk_pct|height_inches,mins_per_game|eFG|three_pct|ft_pct|resid_three_pct_shot_mix,993.5251007926656,0.3311750335975552,94,225,431.0,848,3.910428047180176,role_residual_bucketed_height_025,15,0.022078335573170346
k6__division_zscore__role_residual_bucketed_height_025__method-nnls__init-uniform__ninit-1,6,division_zscore,role_residual_bucketed_height_025,nnls,uniform,1,100,0.0001,usg|ast_pct|tov_pct|ast_tov|FTR|three_share|three_pa_per_100_team_poss|resid_three_share_height|orb_pct|drb_pct|resid_orb_pct_height|resid_drb_pct_height|stl_pct|blk_pct|height_inches,mins_per_game|eFG|three_pct|ft_pct|resid_three_pct_shot_mix,993.525725909926,0.3311752419699753,78,225,430.5,848,3.8505239486694336,role_residual_bucketed_height_025,15,0.02207834946466502
k6__division_zscore__role_residual_bucketed_height_025__method-nnls__init-furthest_first__ninit-1,6,division_zscore,role_residual_bucketed_height_025,nnls,furthest_first,1,100,0.0001,usg|ast_pct|tov_pct|ast_tov|FTR|three_share|three_pa_per_100_team_poss|resid_three_share_height|orb_pct|drb_pct|resid_orb_pct_height|resid_drb_pct_height|stl_pct|blk_pct|height_inches,mins_per_game|eFG|three_pct|ft_pct|resid_three_pct_shot_mix,993.5259416573886,0.3311753138857962,89,225,431.0,848,3.748764991760254,role_residual_bucketed_height_025,15,0.02207835425905308
k6__division_zscore__role_residual_bucketed_height_025__method-nnls__init-aa_plus_plus__ninit-1,6,division_zscore,role_residual_bucketed_height_025,nnls,aa_plus_plus,1,100,0.0001,usg|ast_pct|tov_pct|ast_tov|FTR|three_share|three_pa_per_100_team_poss|resid_three_share_height|orb_pct|drb_pct|resid_orb_pct_height|resid_drb_pct_height|stl_pct|blk_pct|height_inches,mins_per_game|eFG|three_pct|ft_pct|resid_three_pct_shot_mix,1063.8260345899669,0.3546086781966556,100,132,393.0,999,6.075056791305542,role_residual_bucketed_height_025,15,0.023640578546443705
k7__division_zscore__role_residual_bucketed_height_025__method-nnls__init-uniform__ninit-1,7,division_zscore,role_residual_bucketed_height_025,nnls,uniform,1,100,0.0001,usg|ast_pct|tov_pct|ast_tov|FTR|three_share|three_pa_per_100_team_poss|resid_three_share_height|orb_pct|drb_pct|resid_orb_pct_height|resid_drb_pct_height|stl_pct|blk_pct|height_inches,mins_per_game|eFG|three_pct|ft_pct|resid_three_pct_shot_mix,891.6327355573396,0.2972109118524465,56,189,284.0,830,3.4137399196624756,role_residual_bucketed_height_025,15,0.019814060790163103
k7__division_zscore__role_residual_bucketed_height_025__method-nnls__init-furthest_first__ninit-1,7,division_zscore,role_residual_bucketed_height_025,nnls,furthest_first,1,100,0.0001,usg|ast_pct|tov_pct|ast_tov|FTR|three_share|three_pa_per_100_team_poss|resid_three_share_height|orb_pct|drb_pct|resid_orb_pct_height|resid_drb_pct_height|stl_pct|blk_pct|height_inches,mins_per_game|eFG|three_pct|ft_pct|resid_three_pct_shot_mix,897.3702832855417,0.2991234277618472,100,247,281.0,780,5.972912788391113,role_residual_bucketed_height_025,15,0.019941561850789814
k7__division_zscore__role_residual_bucketed_height_025__method-nnls__init-aa_plus_plus__ninit-1,7,division_zscore,role_residual_bucketed_height_025,nnls,aa_plus_plus,1,100,0.0001,usg|ast_pct|tov_pct|ast_tov|FTR|three_share|three_pa_per_100_team_poss|resid_three_share_height|orb_pct|drb_pct|resid_orb_pct_height|resid_drb_pct_height|stl_pct|blk_pct|height_inches,mins_per_game|eFG|three_pct|ft_pct|resid_three_pct_shot_mix,897.7689026709836,0.2992563008903278,100,220,313.0,787,9.190661668777466,role_residual_bucketed_height_025,15,0.019950420059355187
k7__division_zscore__role_residual_bucketed_height_025__method-nnls__init-furthest_sum__ninit-1,7,division_zscore,role_residual_bucketed_height_025,nnls,furthest_sum,1,100,0.0001,usg|ast_pct|tov_pct|ast_tov|FTR|three_share|three_pa_per_100_team_poss|resid_three_share_height|orb_pct|drb_pct|resid_orb_pct_height|resid_drb_pct_height|stl_pct|blk_pct|height_inches,mins_per_game|eFG|three_pct|ft_pct|resid_three_pct_shot_mix,914.7529130583764,0.3049176376861254,89,51,419.0,776,5.8074071407318115,role_residual_bucketed_height_025,15,0.02032784251240836
k8__division_zscore__role_residual_bucketed_height_025__method-nnls__init-uniform__ninit-1,8,division_zscore,role_residual_bucketed_height_025,nnls,uniform,1,100,0.0001,usg|ast_pct|tov_pct|ast_tov|FTR|three_share|three_pa_per_100_team_poss|resid_three_share_height|orb_pct|drb_pct|resid_orb_pct_height|resid_drb_pct_height|stl_pct|blk_pct|height_inches,mins_per_game|eFG|three_pct|ft_pct|resid_three_pct_shot_mix,809.3364839152038,0.2697788279717346,100,134,258.5,804,8.197362899780273,role_residual_bucketed_height_025,15,0.017985255198115637
k8__division_zscore__role_residual_bucketed_height_025__method-nnls__init-furthest_sum__ninit-1,8,division_zscore,role_residual_bucketed_height_025,nnls,furthest_sum,1,100,0.0001,usg|ast_pct|tov_pct|ast_tov|FTR|three_share|three_pa_per_100_team_poss|resid_three_share_height|orb_pct|drb_pct|resid_orb_pct_height|resid_drb_pct_height|stl_pct|blk_pct|height_inches,mins_per_game|eFG|three_pct|ft_pct|resid_three_pct_shot_mix,831.4754945172449,0.2771584981724149,100,89,263.5,804,6.700544595718384,role_residual_bucketed_height_025,15,0.018477233211494325
k8__division_zscore__role_residual_bucketed_height_025__method-nnls__init-aa_plus_plus__ninit-1,8,division_zscore,role_residual_bucketed_height_025,nnls,aa_plus_plus,1,100,0.0001,usg|ast_pct|tov_pct|ast_tov|FTR|three_share|three_pa_per_100_team_poss|resid_three_share_height|orb_pct|drb_pct|resid_orb_pct_height|resid_drb_pct_height|stl_pct|blk_pct|height_inches,mins_per_game|eFG|three_pct|ft_pct|resid_three_pct_shot_mix,840.7753662944281,0.280258455431476,100,111,393.5,525,8.444777011871338,role_residual_bucketed_height_025,15,0.018683897028765065
k8__division_zscore__role_residual_bucketed_height_025__method-nnls__init-furthest_first__ninit-1,8,division_zscore,role_residual_bucketed_height_025,nnls,furthest_first,1,100,0.0001,usg|ast_pct|tov_pct|ast_tov|FTR|three_share|three_pa_per_100_team_poss|resid_three_share_height|orb_pct|drb_pct|resid_orb_pct_height|resid_drb_pct_height|stl_pct|blk_pct|height_inches,mins_per_game|eFG|three_pct|ft_pct|resid_three_pct_shot_mix,908.7241627720572,0.3029080542573524,95,26,204.0,1079,5.973808765411377,role_residual_bucketed_height_025,15,0.02019387028382349
