version,k,archetype_id,basketball_label,junk_flag,fragile_flag,junk_reason,rows,share,d1_rows,d2_rows,label_rationale,run_id,scaling_mode,feature_set,method,init,rss_per_row,rss_per_row_per_feature,feature_count,excluded_features,mean_membership_weight,top_z_features,bottom_z_features,usg_mean,usg_median,usg_z,ast_pct_mean,ast_pct_median,ast_pct_z,tov_pct_mean,tov_pct_median,tov_pct_z,ast_tov_mean,ast_tov_median,ast_tov_z,FTR_mean,FTR_median,FTR_z,three_share_mean,three_share_median,three_share_z,three_pa_per_100_team_poss_mean,three_pa_per_100_team_poss_median,three_pa_per_100_team_poss_z,resid_three_share_height_mean,resid_three_share_height_median,resid_three_share_height_z,orb_pct_mean,orb_pct_median,orb_pct_z,drb_pct_mean,drb_pct_median,drb_pct_z,resid_orb_pct_height_mean,resid_orb_pct_height_median,resid_orb_pct_height_z,resid_drb_pct_height_mean,resid_drb_pct_height_median,resid_drb_pct_height_z,stl_pct_mean,stl_pct_median,stl_pct_z,blk_pct_mean,blk_pct_median,blk_pct_z,eFG_mean,eFG_median,eFG_z,three_pct_mean,three_pct_median,three_pct_z,resid_three_pct_shot_mix_mean,resid_three_pct_shot_mix_median,resid_three_pct_shot_mix_z,ft_pct_mean,ft_pct_median,ft_pct_z,height_inches_mean,height_inches_median,height_inches_z
quality_lite_residual_bucketed_height_025,6,1,Low-usage connector spacer,False,False,,399,0.133,211,188,Top: ast_tov=3.56; three_share=1.62; resid_three_share_height=1.51; three_pa_per_100_team_poss=1.03; stl_pct=0.47. Bottom: drb_pct=-1.35; FTR=-1.36; usg=-1.45; height_inches=-1.46; tov_pct=-1.64.,k6__division_zscore__quality_lite_residual_bucketed_height_025__method-nnls__init-uniform__ninit-1,division_zscore,quality_lite_residual_bucketed_height_025,nnls,uniform,0.3952244837335131,0.020801288617553322,19,mins_per_game,0.4730662913059493,ast_tov=3.56; three_share=1.62; resid_three_share_height=1.51; three_pa_per_100_team_poss=1.03; stl_pct=0.47,tov_pct=-1.64; height_inches=-1.46; usg=-1.45; FTR=-1.36; drb_pct=-1.35,15.053934463659145,14.9,-1.4485431873430257,12.59229194736842,11.998742,0.2247650446813635,13.385208749373431,13.277693,-1.6350462171419486,2.164399750250627,1.866667,3.5551825191294273,22.241703045112786,21.7,-1.3576078945340262,0.5669665388471178,0.571429,1.6237200041087516,7.388175704260652,6.908391,1.025677566076835,0.1307007861577094,0.1314199640933572,1.5098405806961068,3.288403145363408,2.688868,-0.9035070623250774,10.155680669172934,9.5,-1.3455300156701009,-0.447477394690728,-0.6513262599469496,-0.3592958392171722,-1.1268760261866555,-1.3875826251180357,-0.7660827083613281,1.953012127819549,1.8,0.4654447473990203,0.8094559373433584,0.530186,-0.7557909523333183,49.09818104010025,50.0,-0.1805253561875375,0.330067260651629,0.333,0.4145946053291281,0.0086049709249366,0.010443396226415,0.1455659943515078,0.6951356516290726,0.744,-0.1390758923597988,74.84461152882206,75.0,-1.459303959527522
quality_lite_residual_bucketed_height_025,6,2,Foul-drawing paint finisher,False,False,,349,0.1163333333333333,185,164,Top: FTR=3.52; height_inches=0.74; orb_pct=0.73; tov_pct=0.57; eFG=0.38. Bottom: ast_pct=-1.15; three_pa_per_100_team_poss=-1.38; three_share=-1.42; usg=-1.49; three_pct=-1.55.,k6__division_zscore__quality_lite_residual_bucketed_height_025__method-nnls__init-uniform__ninit-1,division_zscore,quality_lite_residual_bucketed_height_025,nnls,uniform,0.3952244837335131,0.020801288617553322,19,mins_per_game,0.4915999885620037,FTR=3.52; height_inches=0.74; orb_pct=0.73; tov_pct=0.57; eFG=0.38,three_pct=-1.55; usg=-1.49; three_share=-1.42; three_pa_per_100_team_poss=-1.38; ast_pct=-1.15,15.857864925501431,15.484582,-1.486289979861847,7.470469148997135,7.0,-1.1489808719787669,19.350520378223493,18.63354,0.5700287054683222,0.8367570012607449,0.72973,-0.7697928011270986,64.21123693696275,58.1,3.519711085845227,0.1576369684813753,0.101124,-1.4188874835237577,1.6462519237822353,0.985257,-1.3797916816460567,-0.1511025215568788,-0.1685812680672268,-1.111892276858759,7.685942217765044,7.890843,0.7253186473819168,13.359919,13.5,-0.5448708542436048,0.97784933560498,0.7538655462184884,0.2143504208015179,-1.4009548748944016,-1.5188235294117651,-1.097895165606861,1.6446223810888252,1.4,-0.7635523016388926,2.236389570200573,1.790471,-0.0409460335023263,52.09415331805158,52.7,0.3821133740065056,0.1838493553008596,0.133,-1.5452298048371729,-0.0011164551982325,-0.0114097363083164,-0.0983362504485426,0.6105422893982808,0.624,-0.9604568325437812,78.7593123209169,79.0,0.7370582125542867
quality_lite_residual_bucketed_height_025,6,3,Small lead creator,False,False,,824,0.2746666666666666,453,371,Top: ast_pct=2.61; usg=2.14; stl_pct=1.65; resid_drb_pct_height=0.95; ft_pct=0.80. Bottom: three_share=-0.46; orb_pct=-0.64; blk_pct=-0.66; resid_three_share_height=-0.95; height_inches=-1.45.,k6__division_zscore__quality_lite_residual_bucketed_height_025__method-nnls__init-uniform__ninit-1,division_zscore,quality_lite_residual_bucketed_height_025,nnls,uniform,0.3952244837335131,0.020801288617553322,19,mins_per_game,0.501900181028704,ast_pct=2.61; usg=2.14; stl_pct=1.65; resid_drb_pct_height=0.95; ft_pct=0.80,height_inches=-1.45; resid_three_share_height=-0.95; blk_pct=-0.66; orb_pct=-0.64; three_share=-0.46,22.85458606553398,22.633802000000003,2.1437593464981006,18.544650044902912,17.914776500000002,2.6077273913849233,18.159928199029125,17.6040445,0.387176334948471,1.3251455908859224,1.270452355,0.3253560417400095,35.262453711165044,33.987179499999996,0.5815493761219865,0.3420164684466019,0.34268,-0.4643235386091955,6.1003779963592235,5.79959,-0.0009639272929173,-0.0961251577568541,-0.0958269015996347,-0.9460407050327284,3.6587105800970874,2.96959,-0.6404098646516243,12.20681394538835,11.6,0.0184644414879524,0.0651851444909217,-0.2513262599469494,0.1992903702212081,1.1124464920595143,0.8132068917569155,0.9458766190644002,2.4628638422330096,2.3,1.654290277751452,0.9501655339805826,0.6532585,-0.6564246397232273,48.62995241019417,48.6,-0.3519586774884498,0.3145805655339805,0.3257905,0.3314011741244193,0.0039373925649687,0.004085761684285,0.1108228912329283,0.7369321371359223,0.75,0.7991224707298703,74.61407766990291,75.0,-1.4516744921220026
quality_lite_residual_bucketed_height_025,6,4,Low-usage turnover/noise bucket,True,False,Dominated by very high TOV% with low usage and no strong positive role or residual signal.,214,0.0713333333333333,108,106,Top: tov_pct=3.78; stl_pct=-0.09; blk_pct=-0.10; resid_drb_pct_height=-0.31; height_inches=-0.51. Bottom: FTR=-1.50; three_pct=-1.59; usg=-2.02; eFG=-2.22; ft_pct=-2.94.,k6__division_zscore__quality_lite_residual_bucketed_height_025__method-nnls__init-uniform__ninit-1,division_zscore,quality_lite_residual_bucketed_height_025,nnls,uniform,0.3952244837335131,0.020801288617553322,19,mins_per_game,0.4403929689473806,tov_pct=3.78; stl_pct=-0.09; blk_pct=-0.10; resid_drb_pct_height=-0.31; height_inches=-0.51,ft_pct=-2.94; eFG=-2.22; usg=-2.02; three_pct=-1.59; FTR=-1.50,13.977067747663554,13.7232945,-2.0154566048049283,9.58218798130841,8.5909945,-0.6694267278631617,28.20630239719626,26.809242,3.77942927156518,0.8324382019158878,0.8,-0.6213518068696846,23.12222185514019,23.564706,-1.4961533576594062,0.299669476635514,0.27178,-0.9955878438306894,3.034287231308411,2.8693125,-1.236169433728029,-0.0809539584393477,-0.0950889678316001,-1.1624585991542915,4.6042691448598125,4.222076,-0.8175793004839296,12.006718616822427,11.8142905,-0.5887857213122195,-0.4513762319351228,-0.63709121636716,-0.5848090689089351,-0.851012149431868,-1.0610361653272102,-0.3099599905319217,1.841259285046729,1.6,-0.0869968401039391,1.468925345794393,1.1,-0.1044836221562549,43.65488141121495,44.5472975,-2.219235271397056,0.2140834485981308,0.2331665,-1.5892154994398573,-0.027076527930357,-0.0348695652173912,-0.5737311481506536,0.5537719672897197,0.587,-2.9397290404326055,76.59813084112149,77.0,-0.5132544239847041
quality_lite_residual_bucketed_height_025,6,5,Floor spacer / shooting specialist,False,False,,771,0.257,420,351,Top: three_pa_per_100_team_poss=2.48; resid_three_share_height=2.41; three_share=1.94; height_inches=0.96; three_pct=0.80. Bottom: resid_drb_pct_height=-1.09; ast_pct=-1.41; ast_tov=-1.44; tov_pct=-1.53; resid_orb_pct_height=-1.61.,k6__division_zscore__quality_lite_residual_bucketed_height_025__method-nnls__init-uniform__ninit-1,division_zscore,quality_lite_residual_bucketed_height_025,nnls,uniform,0.3952244837335131,0.020801288617553322,19,mins_per_game,0.4648561235650095,three_pa_per_100_team_poss=2.48; resid_three_share_height=2.41; three_share=1.94; height_inches=0.96; three_pct=0.80,resid_orb_pct_height=-1.61; tov_pct=-1.53; ast_tov=-1.44; ast_pct=-1.41; resid_drb_pct_height=-1.09,18.62935705706874,18.49724,0.5034913942591367,7.638204706874189,7.4,-1.4069448962397073,14.476758486381325,14.2,-1.5333579757470124,0.8662805514396886,0.85718571,-1.441707232913206,22.385317304798964,22.178988,-1.0595985678701154,0.5720015667963683,0.571429,1.944698843531604,9.201333714656291,8.959926,2.476082189263682,0.2119329025215645,0.1967099905571294,2.414705065951998,3.9345643605706866,3.500525,-0.6571998533583987,11.99563971076524,11.6,-0.302239446740422,-1.7567860333144505,-1.7042940770811916,-1.6052685741701926,-1.6665101648003702,-1.810943579766537,-1.0900157253821852,1.4978761699092091,1.489438,-1.0252756179775862,1.420365778210117,1.1,-0.01693313500254,50.16737777821012,50.925926,0.6365246008042786,0.3373071128404669,0.346154,0.7972588163883534,0.0039738947954425,0.009327536231884,0.4226881309713047,0.7194227911802854,0.747,0.6721698111648767,77.52788586251621,78.0,0.9568343659133596
quality_lite_residual_bucketed_height_025,6,6,Interior rim protector / rebounder big,False,False,,443,0.1476666666666666,251,192,Top: blk_pct=3.32; drb_pct=2.71; orb_pct=2.71; resid_orb_pct_height=2.61; resid_drb_pct_height=2.56. Bottom: resid_three_share_height=-1.05; ast_tov=-1.06; three_pa_per_100_team_poss=-1.45; three_share=-1.56; three_pct=-1.96.,k6__division_zscore__quality_lite_residual_bucketed_height_025__method-nnls__init-uniform__ninit-1,division_zscore,quality_lite_residual_bucketed_height_025,nnls,uniform,0.3952244837335131,0.020801288617553322,19,mins_per_game,0.4697382230780533,blk_pct=3.32; drb_pct=2.71; orb_pct=2.71; resid_orb_pct_height=2.61; resid_drb_pct_height=2.56,three_pct=-1.96; three_share=-1.56; three_pa_per_100_team_poss=-1.45; ast_tov=-1.06; resid_three_share_height=-1.05,19.62024674040632,19.4,0.7804725150029966,8.338550367945825,7.7,-0.8633132783205196,16.935700618510158,16.492578,-0.7969781418024857,0.7662948581715576,0.66670001,-1.055476793116624,38.009698322799096,37.3,-0.0406893700060931,0.1202040902934537,0.072,-1.5597092744297998,1.8831128954853271,1.145218,-1.4532335561740763,-0.1394263778796038,-0.1554494428312159,-1.0479019366102222,10.220493426636567,9.8,2.7069564445882253,18.83534485778781,18.955244,2.714635786618826,2.5370830931268324,2.0538655462184874,2.613672086745269,3.0066032104363347,2.8958108013986035,2.555002834848891,1.5354688487584651,1.463902,-0.6392499430957082,4.897343158013545,4.201024,3.319366763769847,54.40075779006772,54.241071,0.8062242950250808,0.1766248013544018,0.2,-1.9607870399112937,-0.007491662586294,-0.0114097363083164,-0.1755313757318905,0.6151317404063207,0.63,-0.3972572798830145,80.09480812641084,80.0,1.6457921574236083
quality_lite_residual_bucketed_height_025,7,1,Small lead creator,False,False,,536,0.1786666666666666,297,239,Top: ast_pct=3.00; usg=2.13; ast_tov=1.24; ft_pct=0.74; resid_drb_pct_height=0.70. Bottom: three_share=-0.53; blk_pct=-0.61; orb_pct=-0.79; resid_three_share_height=-1.01; height_inches=-1.26.,k7__division_zscore__quality_lite_residual_bucketed_height_025__method-nnls__init-aa_plus_plus__ninit-1,division_zscore,quality_lite_residual_bucketed_height_025,nnls,aa_plus_plus,0.3669273483464054,0.01931196570244239,19,mins_per_game,0.4669809303706854,ast_pct=3.00; usg=2.13; ast_tov=1.24; ft_pct=0.74; resid_drb_pct_height=0.70,height_inches=-1.26; resid_three_share_height=-1.01; orb_pct=-0.79; blk_pct=-0.61; three_share=-0.53,22.846810244402985,22.871391000000003,2.1284991101115067,20.671788597014924,19.753319,3.000509204379756,17.716427684701497,17.296439,-0.0272409166268977,1.5325095465485077,1.456499825,1.2406994328904823,33.08020233395523,32.010912000000005,0.0189503303811366,0.3377989906716417,0.3362615,-0.5271142744943947,6.079299020522389,5.788436,0.0474686356780718,-0.0952332450199699,-0.1015554062986385,-1.01496334062924,3.322973218283582,2.6,-0.7917913508883095,11.914856735074627,11.2,-0.113799678069988,-0.3173027313974292,-0.3797971472071083,-0.0917555958819151,0.7951829780584808,0.4189464925339452,0.7048010363586712,1.869355244402985,1.8338015,-0.1332690524530247,0.8680959402985076,0.5238035,-0.6069533983427524,49.13276562126865,48.925824,0.2664182391512065,0.3204943078358209,0.3295,0.3529676492185372,0.0103145142184808,0.0092333867963143,0.2728993196180869,0.7453784085820896,0.759,0.7414567451009381,74.6026119402985,74.0,-1.2562309361579376
quality_lite_residual_bucketed_height_025,7,2,Interior rim protector / rebounder big,False,False,,435,0.145,244,191,Top: blk_pct=3.31; drb_pct=2.72; orb_pct=2.72; resid_orb_pct_height=2.65; resid_drb_pct_height=2.57. Bottom: ast_tov=-1.05; resid_three_share_height=-1.06; three_pa_per_100_team_poss=-1.45; three_share=-1.56; three_pct=-1.96.,k7__division_zscore__quality_lite_residual_bucketed_height_025__method-nnls__init-aa_plus_plus__ninit-1,division_zscore,quality_lite_residual_bucketed_height_025,nnls,aa_plus_plus,0.3669273483464054,0.01931196570244239,19,mins_per_game,0.4642208016602736,blk_pct=3.31; drb_pct=2.72; orb_pct=2.72; resid_orb_pct_height=2.65; resid_drb_pct_height=2.57,three_pct=-1.96; three_share=-1.56; three_pa_per_100_team_poss=-1.45; resid_three_share_height=-1.06; ast_tov=-1.05,19.89928867356322,19.7,0.7924937826633071,8.169298728735633,7.7,-0.8565693912077998,16.795119643678163,16.4,-0.8026467939121806,0.7443109906896552,0.66666669,-1.0527800021300888,38.68534094482759,37.906137,-0.041469067974897,0.1228014137931034,0.07554,-1.559107177797094,1.953159491264368,1.16279,-1.4528985267269616,-0.1414686864241061,-0.1554494428312159,-1.062342265238258,10.28417136091954,9.863494,2.7197820226303016,18.886881291954023,19.0,2.722799785821077,2.686621272777394,2.169635385534967,2.6476686246061805,3.1460064659418885,3.0159846872890874,2.574162018076067,1.5741703264367817,1.504667,-0.6492473702968129,4.835590652873564,4.14127,3.313795459579949,54.019950898850574,53.9,0.7969623684267486,0.180183648275862,0.2,-1.9588596483381533,-0.0070144245067181,-0.0114097363083164,-0.1708675959273034,0.6199544505747127,0.635,-0.3896030229174843,80.00229885057472,80.0,1.6417040151074291
quality_lite_residual_bucketed_height_025,7,3,Floor spacer / shooting specialist,False,False,,777,0.259,425,352,Top: three_pa_per_100_team_poss=2.47; resid_three_share_height=2.41; three_share=1.93; height_inches=0.96; three_pct=0.84. Bottom: resid_drb_pct_height=-1.08; ast_pct=-1.39; ast_tov=-1.41; tov_pct=-1.54; resid_orb_pct_height=-1.63.,k7__division_zscore__quality_lite_residual_bucketed_height_025__method-nnls__init-aa_plus_plus__ninit-1,division_zscore,quality_lite_residual_bucketed_height_025,nnls,aa_plus_plus,0.3669273483464054,0.01931196570244239,19,mins_per_game,0.4511478122644251,three_pa_per_100_team_poss=2.47; resid_three_share_height=2.41; three_share=1.93; height_inches=0.96; three_pct=0.84,resid_orb_pct_height=-1.63; tov_pct=-1.54; ast_tov=-1.41; ast_pct=-1.39; resid_drb_pct_height=-1.08,18.740694980694983,18.5,0.5167855526400765,7.738851545688545,7.481915,-1.393487510217796,14.427997337194338,14.1,-1.5353510741162093,0.873006234054054,0.8709744,-1.4137721203830464,22.426411821106825,22.054381,-1.00791380829366,0.570473438867439,0.566667,1.9336877226049616,9.229809916344916,9.02737,2.473237241917506,0.2085769480185977,0.1936416779475982,2.4076115226979415,3.8680612972972974,3.470538,-0.6623451362563678,12.0248724002574,11.7,-0.2867255438857353,-1.779567774692497,-1.714808743169399,-1.6301423293252857,-1.578914563531694,-1.7637347130762002,-1.0815234302817591,1.4644445148005147,1.497094,-1.0779220163145564,1.423545326898327,1.1,-0.012956126759761,50.32201597297297,51.142857,0.7410221716386376,0.3394554478764479,0.348,0.8448431360240675,0.0060448278599881,0.0102628786407766,0.4906910483135797,0.7223913745173745,0.75,0.8155060036625489,77.45817245817246,78.0,0.964830679489994
quality_lite_residual_bucketed_height_025,7,4,Low-usage connector spacer,False,False,,315,0.105,172,143,Top: ast_tov=3.59; three_share=2.12; resid_three_share_height=2.01; three_pa_per_100_team_poss=1.47; stl_pct=0.51. Bottom: usg=-1.42; drb_pct=-1.47; height_inches=-1.48; FTR=-1.55; tov_pct=-1.78.,k7__division_zscore__quality_lite_residual_bucketed_height_025__method-nnls__init-aa_plus_plus__ninit-1,division_zscore,quality_lite_residual_bucketed_height_025,nnls,aa_plus_plus,0.3669273483464054,0.01931196570244239,19,mins_per_game,0.4563268562320033,ast_tov=3.59; three_share=2.12; resid_three_share_height=2.01; three_pa_per_100_team_poss=1.47; stl_pct=0.51,tov_pct=-1.78; FTR=-1.55; height_inches=-1.48; drb_pct=-1.47; usg=-1.42,14.66845501904762,14.591483,-1.417630214929717,11.988434628571428,11.5,0.0341969367489003,12.744874114285714,12.7,-1.775951811709814,2.263855842412698,1.9545021,3.59451990680918,20.5029908984127,20.0,-1.5461313829203618,0.6014034793650793,0.611111,2.1226906737732385,7.805477523809523,7.59899,1.4650443879214037,0.1644063003831591,0.1610752336956521,2.014124655694322,3.2062606698412695,2.666374,-0.9431994944224416,9.989261047619047,9.466998,-1.4665982514752172,-0.5051779345473443,-0.7218549448818887,-0.3048398058380109,-1.267634545970715,-1.5841684484083416,-0.8445830370194376,1.8958017492063493,1.83082,0.5114067959517016,0.7683796190476191,0.49788,-0.8701551320530517,48.9650228,50.0,-0.1019531843080799,0.330107,0.333,0.4010613478724538,0.0056631080369158,0.0065791304347825,-0.0595332793326267,0.6880289682539683,0.741,-0.6150471475264351,74.81904761904762,75.0,-1.4765829942497328
quality_lite_residual_bucketed_height_025,7,5,Foul-drawing paint finisher,False,False,,345,0.115,185,160,Top: FTR=3.54; height_inches=0.93; orb_pct=0.81; eFG=0.65; tov_pct=0.58. Bottom: stl_pct=-1.27; three_pa_per_100_team_poss=-1.41; three_share=-1.46; three_pct=-1.75; usg=-1.76.,k7__division_zscore__quality_lite_residual_bucketed_height_025__method-nnls__init-aa_plus_plus__ninit-1,division_zscore,quality_lite_residual_bucketed_height_025,nnls,aa_plus_plus,0.3669273483464054,0.01931196570244239,19,mins_per_game,0.4675216531814609,FTR=3.54; height_inches=0.93; orb_pct=0.81; eFG=0.65; tov_pct=0.58,usg=-1.76; three_pct=-1.75; three_share=-1.46; three_pa_per_100_team_poss=-1.41; stl_pct=-1.27,15.804147834782608,15.470144,-1.762959721049078,7.600441173913043,7.14845,-1.187311367420894,19.191628142028986,18.6,0.5838344791268746,0.8583883168405797,0.74999998,-0.5390002919387739,62.837856231884054,56.5,3.5387470658566476,0.1583298347826087,0.101124,-1.4554546611336314,1.6709797026086957,1.002024,-1.4103818580025822,-0.1453837261717363,-0.1685812680672268,-1.0482313688108191,7.610847704347827,7.7,0.8117432910774065,13.38884707826087,13.4,-0.6201811015135789,0.8081082577908866,0.5019910403185657,0.1046975812154086,-1.4707993952761096,-1.5188235294117651,-1.2628197418232363,1.3894971188405798,1.374616,-1.270927477473718,2.285295973913043,1.818721,0.1510421139841331,52.51249653043479,53.2,0.6532215247393649,0.1892556811594203,0.154,-1.750390288894444,0.0033780304637654,-0.0114097363083164,0.0084877855750659,0.6178965565217391,0.625,-0.9774687256306904,78.89275362318841,79.0,0.927007987714984
quality_lite_residual_bucketed_height_025,7,6,Disruptive guard / slasher,False,False,,368,0.1226666666666666,197,171,Top: stl_pct=3.41; usg=1.20; ast_pct=1.09; FTR=0.69; tov_pct=0.53. Bottom: orb_pct=-0.53; blk_pct=-0.63; eFG=-0.65; resid_three_share_height=-0.74; height_inches=-1.54.,k7__division_zscore__quality_lite_residual_bucketed_height_025__method-nnls__init-aa_plus_plus__ninit-1,division_zscore,quality_lite_residual_bucketed_height_025,nnls,aa_plus_plus,0.3669273483464054,0.01931196570244239,19,mins_per_game,0.4440114333411888,stl_pct=3.41; usg=1.20; ast_pct=1.09; FTR=0.69; tov_pct=0.53,height_inches=-1.54; resid_three_share_height=-0.74; eFG=-0.65; blk_pct=-0.63; orb_pct=-0.53,20.82486334782609,20.777448,1.200695067296375,14.218991605978262,13.3,1.0855111311566894,18.56120541576087,17.8,0.5302529805416542,1.1127410948913043,1.0626251450000002,-0.2419285677978221,38.69985208967391,36.9,0.692246626500668,0.356534625,0.3630485,-0.264233195879349,5.710411567934783,5.416157,0.1220409403817336,-0.0795165502774811,-0.0730190644229278,-0.7390398548357812,4.474562970108695,3.8258315,-0.5329889876400544,12.368895845108696,12.1731105,-0.4438077711376169,0.6865782429511883,0.3674296396721335,0.267755362048044,0.9778440189176688,0.9420949417938074,0.3896265664475233,3.62777975,3.1,3.405277935677623,1.1635510516304348,0.94262,-0.6282794899637638,48.31131036956522,48.3,-0.6463509422052962,0.2931062663043478,0.313,-0.0367919527025782,-0.0094835648735857,-0.0060941813562517,-0.2246545216741273,0.6961753614130434,0.724607,0.0156385817743396,75.01358695652173,75.0,-1.5420227636640318
quality_lite_residual_bucketed_height_025,7,7,Low-usage turnover/noise bucket,True,False,Dominated by very high TOV% with low usage and no strong positive role or residual signal.,224,0.0746666666666666,108,116,Top: tov_pct=3.77; blk_pct=0.04; stl_pct=-0.11; resid_drb_pct_height=-0.27; height_inches=-0.50. Bottom: three_pct=-1.64; FTR=-1.64; usg=-2.00; eFG=-2.31; ft_pct=-3.05.,k7__division_zscore__quality_lite_residual_bucketed_height_025__method-nnls__init-aa_plus_plus__ninit-1,division_zscore,quality_lite_residual_bucketed_height_025,nnls,aa_plus_plus,0.3669273483464054,0.01931196570244239,19,mins_per_game,0.4184669485370267,tov_pct=3.77; blk_pct=0.04; stl_pct=-0.11; resid_drb_pct_height=-0.27; height_inches=-0.50,ft_pct=-3.05; eFG=-2.31; usg=-2.00; FTR=-1.64; three_pct=-1.64,14.370735772321426,14.05,-2.000313096911937,10.125100075892858,9.441023,-0.6834517734049356,28.03280694642857,26.709242,3.770759689370765,0.8517091020982142,0.81534091,-0.6667166746964707,22.42175308482143,22.8083335,-1.6400159104919911,0.3055448303571429,0.2839545,-1.0533015859389487,3.1722519531249995,3.2005350000000004,-1.2560859867505338,-0.0773703583715378,-0.0930365423259355,-1.2158962579532715,4.523303379464286,4.1413495000000005,-0.8005983169136699,11.929782196428572,11.8046,-0.5606569703530637,-0.4416033929190517,-0.5283368574545294,-0.5635616105804363,-0.7946508473946485,-0.98942953097273,-0.2739690913061851,1.6765208660714286,1.6018845000000002,-0.1092097764380357,1.4814945625,0.953566,0.035929144652443,43.34571425446428,43.361658000000006,-2.310421575831468,0.2148898973214285,0.232,-1.635244157294955,-0.0285475110856237,-0.0348695652173912,-0.5371393476808004,0.5658880267857144,0.6,-3.054622700527436,76.41071428571429,76.0,-0.4957955054518831
quality_lite_residual_bucketed_height_025,8,1,Interior scorer / rebounder,False,False,,392,0.1306666666666666,214,178,Top: resid_orb_pct_height=3.08; resid_drb_pct_height=2.88; orb_pct=2.86; drb_pct=2.71; usg=1.72. Bottom: ast_tov=-0.76; stl_pct=-0.91; three_pa_per_100_team_poss=-1.35; resid_three_share_height=-1.43; three_share=-1.46.,k8__division_zscore__quality_lite_residual_bucketed_height_025__method-nnls__init-furthest_first__ninit-1,division_zscore,quality_lite_residual_bucketed_height_025,nnls,furthest_first,0.3408819073483981,0.017941153018336743,19,mins_per_game,0.430214890356741,resid_orb_pct_height=3.08; resid_drb_pct_height=2.88; orb_pct=2.86; drb_pct=2.71; usg=1.72,three_share=-1.46; resid_three_share_height=-1.43; three_pa_per_100_team_poss=-1.35; stl_pct=-0.91; ast_tov=-0.76,21.336884375,21.05,1.7170049155650111,9.748040658163266,9.0,-0.0478170284186495,16.5391591122449,15.8697465,-0.454936211873172,0.8296223476530612,0.766084285,-0.7553969764720491,41.71889429591837,40.9980845,0.8053749232531227,0.1482461530612245,0.1135485,-1.4551553034172868,2.496632513010204,1.7667305,-1.3463699449148223,-0.1512946677902906,-0.1629759104831052,-1.4310930608832453,10.251242658163266,9.8,2.86355591722625,19.273718691326533,19.0,2.7051769625074913,3.245294248785848,2.879629899340253,3.0798699156156557,4.14903502784652,3.948130428437656,2.8836777034115526,1.5946095051020406,1.5,-0.907429611062096,2.9331839183673467,2.6323815,1.4313867022981226,53.20110630357143,53.650000000000006,0.941233135784649,0.2260502091836734,0.255451,-0.7414401880701921,0.0128771345378914,-0.0114097363083164,0.7418528723822143,0.6439748750000001,0.657,-0.4110108025515291,79.16326530612245,79.0,1.5347716057177363
quality_lite_residual_bucketed_height_025,8,2,Low-usage connector spacer,False,False,,393,0.131,204,189,Top: ast_tov=3.56; three_share=1.65; resid_three_share_height=1.52; three_pa_per_100_team_poss=1.10; three_pct=0.45. Bottom: drb_pct=-1.25; height_inches=-1.33; FTR=-1.38; usg=-1.42; tov_pct=-1.73.,k8__division_zscore__quality_lite_residual_bucketed_height_025__method-nnls__init-furthest_first__ninit-1,division_zscore,quality_lite_residual_bucketed_height_025,nnls,furthest_first,0.3408819073483981,0.017941153018336743,19,mins_per_game,0.4582960753920876,ast_tov=3.56; three_share=1.65; resid_three_share_height=1.52; three_pa_per_100_team_poss=1.10; three_pct=0.45,tov_pct=-1.73; usg=-1.42; FTR=-1.38; height_inches=-1.33; drb_pct=-1.25,15.094695470737912,14.962103,-1.4164789093236223,12.57956241475827,12.086161,0.1660999143678262,13.220495391857508,13.277693,-1.731894521971755,2.17311744173028,1.8749334,3.5610220107650075,22.769849076335877,22.4,-1.3816007377512682,0.5548851221374046,0.558824,1.645529701777136,7.21972710178117,6.870262,1.100623064029832,0.123470301238872,0.1250029640933572,1.5220781881317087,3.50506206870229,2.981547,-0.8626739345179035,10.38366186768448,9.708729,-1.253935991170782,-0.3567616273539226,-0.5853143556531282,-0.3289854244092066,-1.0540255031109684,-1.4020962271325796,-0.704480539059663,1.8455249389312975,1.8,0.3350156730094317,0.8695930330788805,0.564315,-0.6975453103865399,49.250084610687026,50.0,-0.1228367342206093,0.3298448880407125,0.333,0.4491350440739123,0.0092956902762121,0.0131453895348837,0.154762849466227,0.6953743511450381,0.745,-0.4108522959560021,75.01017811704834,75.0,-1.3333398034275603
quality_lite_residual_bucketed_height_025,8,3,Foul-drawing paint finisher,False,False,,202,0.0673333333333333,109,93,Top: FTR=3.56; resid_orb_pct_height=0.59; orb_pct=0.32; stl_pct=0.24; height_inches=-0.27. Bottom: three_pa_per_100_team_poss=-1.27; resid_three_share_height=-1.28; ast_pct=-1.36; resid_three_pct_shot_mix=-1.50; three_pct=-1.93.,k8__division_zscore__quality_lite_residual_bucketed_height_025__method-nnls__init-furthest_first__ninit-1,division_zscore,quality_lite_residual_bucketed_height_025,nnls,furthest_first,0.3408819073483981,0.017941153018336743,19,mins_per_game,0.4227786322277308,FTR=3.56; resid_orb_pct_height=0.59; orb_pct=0.32; stl_pct=0.24; height_inches=-0.27,three_pct=-1.93; resid_three_pct_shot_mix=-1.50; ast_pct=-1.36; resid_three_share_height=-1.28; three_pa_per_100_team_poss=-1.27,16.328158698019802,15.5244865,-0.9678454820112228,7.304948707920792,6.65,-1.3643505523705115,17.57253876732673,16.95,-0.7720972774803899,0.8599338909900991,0.739865,-1.0872936920224878,66.91371802970296,59.800386,3.562483351410935,0.1779412475247524,0.145307,-1.111476924273461,1.9900393217821783,1.488604,-1.267867625965158,-0.180248796868133,-0.1968187022464104,-1.2785687250886169,6.994137415841585,6.895393,0.3171500918230655,12.333958975247526,12.45173,-0.9486561527916716,1.2445611453541832,1.254917632276979,0.5913940002847902,-1.3758032813451753,-1.6368700140874397,-0.932445953300129,2.1112908366336636,1.7177034999999998,0.2444449108764084,1.5560756287128712,1.3,-0.5931678645029349,48.123366217821776,48.6243245,-1.086094763811047,0.1382826237623762,0.1026315,-1.928143543619783,-0.0681279312758635,-0.0505659516819571,-1.4959803474155893,0.6138348564356437,0.6325000000000001,-1.1432459524951433,77.60396039603961,78.0,-0.2723737752701293
quality_lite_residual_bucketed_height_025,8,4,Context-adjusted shooting overperformer,False,True,"Not junk, but small population; inspect top assigned players before trusting the label.",61,0.0203333333333333,28,33,Top: tov_pct=3.57; FTR=3.10; eFG=2.21; resid_three_pct_shot_mix=1.83; three_pct=1.57. Bottom: resid_orb_pct_height=-1.00; three_pa_per_100_team_poss=-1.09; stl_pct=-1.29; orb_pct=-1.41; usg=-1.55.,k8__division_zscore__quality_lite_residual_bucketed_height_025__method-nnls__init-furthest_first__ninit-1,division_zscore,quality_lite_residual_bucketed_height_025,nnls,furthest_first,0.3408819073483981,0.017941153018336743,19,mins_per_game,0.3938075635801744,tov_pct=3.57; FTR=3.10; eFG=2.21; resid_three_pct_shot_mix=1.83; three_pct=1.57,usg=-1.55; orb_pct=-1.41; stl_pct=-1.29; three_pa_per_100_team_poss=-1.09; resid_orb_pct_height=-1.00,14.470064163934426,14.4,-1.550154991456662,13.909627442622952,14.3,0.9646196784051684,28.296118163934427,26.7,3.565574768292287,1.20070779147541,1.130435,0.4264978253900714,57.32048627868852,51.8,3.097400393237509,0.3463066557377049,0.360656,-0.0892044693712464,2.97749668852459,2.695381,-1.0940837680378124,-0.0377063575480403,-0.0619317663043478,-0.4598202288008141,3.63862562295082,3.4,-1.4065955624968007,12.421030950819668,12.239445,0.3992896824951103,-1.2755050389610805,-1.3030342028725317,-0.998504287515416,-0.2453105445512621,-0.6161956521739125,1.155432008253251,1.3763215573770493,1.488709,-1.2893089253657262,0.8330813278688525,0.501199,-0.904989431578633,53.37305957377049,52.9,2.2142490857377712,0.3839374918032787,0.364,1.5669858205005005,0.1288120657406337,0.0892294061135371,1.8344828218630431,0.6674720819672131,0.704,-0.2610044593182596,76.14754098360656,77.0,-0.920192611452232
quality_lite_residual_bucketed_height_025,8,5,Low-usage turnover/noise bucket,True,False,Dominated by very high TOV% with low usage and no strong positive role or residual signal.,150,0.05,78,72,Top: tov_pct=3.89; resid_drb_pct_height=0.30; stl_pct=0.27; resid_orb_pct_height=0.09; drb_pct=-0.18. Bottom: FTR=-1.93; three_pct=-2.05; usg=-2.05; eFG=-2.96; ft_pct=-3.73.,k8__division_zscore__quality_lite_residual_bucketed_height_025__method-nnls__init-furthest_first__ninit-1,division_zscore,quality_lite_residual_bucketed_height_025,nnls,furthest_first,0.3408819073483981,0.017941153018336743,19,mins_per_game,0.4010188074941261,tov_pct=3.89; resid_drb_pct_height=0.30; stl_pct=0.27; resid_orb_pct_height=0.09; drb_pct=-0.18,ft_pct=-3.73; eFG=-2.96; usg=-2.05; three_pct=-2.05; FTR=-1.93,13.975201773333335,13.612855,-2.049790716371276,9.958606666666665,8.942751000000001,-0.9792846718952156,28.758069146666664,26.929511,3.890525472127293,0.8498390709999999,0.8138687899999999,-0.3456876111084001,23.704528033333336,23.814706,-1.926819275420247,0.25955942,0.247807,-1.4983168213488691,2.5983617166666666,2.3850925,-1.4277911686252018,-0.1429915284164322,-0.1622587915623806,-1.6758398040448197,4.802260573333334,4.4420945,-0.3767811015771388,12.381333753333337,12.137054,-0.1751036894361799,0.1969787792444242,-0.1800955494112637,0.0877152511390326,0.0503236769729526,-0.3742717898832683,0.298847773475126,1.83716164,1.797434,0.2693084173674234,1.2234859066666666,0.8578509999999999,-0.6574053615678688,41.25324092666667,42.796093,-2.9630278819608895,0.1785693466666666,0.176409,-2.049289191468585,-0.0524497038237625,-0.0505659516819571,-0.6035880332387493,0.5224368466666668,0.5635,-3.731553873566482,76.06,76.0,-0.5478632930436519
quality_lite_residual_bucketed_height_025,8,6,Floor spacer / shooting specialist,False,False,,829,0.2763333333333333,453,376,Top: three_pa_per_100_team_poss=2.47; resid_three_share_height=2.44; three_share=1.96; height_inches=0.97; three_pct=0.73. Bottom: FTR=-1.15; ast_pct=-1.43; ast_tov=-1.44; tov_pct=-1.52; resid_orb_pct_height=-1.64.,k8__division_zscore__quality_lite_residual_bucketed_height_025__method-nnls__init-furthest_first__ninit-1,division_zscore,quality_lite_residual_bucketed_height_025,nnls,furthest_first,0.3408819073483981,0.017941153018336743,19,mins_per_game,0.4567297808320393,three_pa_per_100_team_poss=2.47; resid_three_share_height=2.44; three_share=1.96; height_inches=0.97; three_pct=0.73,resid_orb_pct_height=-1.64; tov_pct=-1.52; ast_tov=-1.44; ast_pct=-1.43; FTR=-1.15,18.353878334137516,18.1,0.4004669164572005,7.666560168878167,7.4,-1.4332099251640102,15.032262890229193,14.610728,-1.5169920140205109,0.8623806444149577,0.857143,-1.435415533020619,22.398459367913148,21.8,-1.1462841162162574,0.5684221930036188,0.566667,1.9599724121575677,8.980374030156815,8.75378,2.474284686639966,0.2028036515748854,0.1869653927563499,2.4447593115862856,3.875675428226779,3.5,-0.689454844208725,11.949729712907116,11.6,-0.3307517302286481,-1.6999253565379513,-1.6354615243309003,-1.64113493226064,-1.5962105528236097,-1.7183122271325804,-1.1326913552859692,1.508310287092883,1.475633,-0.9309199700619992,1.3302249758745477,1.1,-0.0829909135189812,49.815914264173706,50.4,0.4944241656963608,0.3351294101326899,0.344,0.7322708292094887,0.0033994605696674,0.0083205016286644,0.328486398645834,0.7132617539203862,0.743,0.5057202228677707,77.40289505428227,78.0,0.9659933476105562
quality_lite_residual_bucketed_height_025,8,7,Small lead creator,False,False,,709,0.2363333333333333,387,322,Top: ast_pct=2.56; usg=2.17; stl_pct=1.94; ft_pct=1.04; ast_tov=0.54. Bottom: blk_pct=-0.48; drb_pct=-0.52; resid_three_share_height=-0.61; orb_pct=-0.91; height_inches=-1.61.,k8__division_zscore__quality_lite_residual_bucketed_height_025__method-nnls__init-furthest_first__ninit-1,division_zscore,quality_lite_residual_bucketed_height_025,nnls,furthest_first,0.3408819073483981,0.017941153018336743,19,mins_per_game,0.4853920522464342,ast_pct=2.56; usg=2.17; stl_pct=1.94; ft_pct=1.04; ast_tov=0.54,height_inches=-1.61; orb_pct=-0.91; resid_three_share_height=-0.61; drb_pct=-0.52; blk_pct=-0.48,22.976278758815234,22.847695,2.171759823076482,19.36194734273625,18.884522,2.560285004548993,18.165274401974617,17.631579,0.0547008759095478,1.374259781480959,1.31582091,0.5368177452830494,33.690953322990126,32.291667,0.2548692881964354,0.3541898589562764,0.355769,-0.1800849364215478,6.411096622002821,6.10879,0.4053309897874864,-0.0889165822094548,-0.0885206136107986,-0.6065229213307051,3.1594305641748943,2.6,-0.9120000383209552,11.445582425952043,11.0,-0.5215790540902584,-0.2425767055214162,-0.3513262599469495,-0.1177702583203555,0.6139127948098009,0.3848725334549883,0.340240579441288,2.6312177658674187,2.4,1.9409702839036356,0.9393508349788434,0.6,-0.4829902432055845,48.54960268970381,48.5,-0.2588000060285162,0.3172587447108603,0.327,0.4004094830477378,0.0035731236164668,0.0030444028103044,0.0260753032220802,0.7426630141043724,0.757,1.043724647667981,74.28490832157969,74.0,-1.614694121077901
quality_lite_residual_bucketed_height_025,8,8,Mixed role archetype,False,False,,264,0.088,155,109,Top: blk_pct=4.02; height_inches=2.15; eFG=1.82; orb_pct=1.00; drb_pct=0.70. Bottom: stl_pct=-1.06; ast_tov=-1.09; three_pa_per_100_team_poss=-1.43; three_share=-1.54; three_pct=-1.70.,k8__division_zscore__quality_lite_residual_bucketed_height_025__method-nnls__init-furthest_first__ninit-1,division_zscore,quality_lite_residual_bucketed_height_025,nnls,furthest_first,0.3408819073483981,0.017941153018336743,19,mins_per_game,0.4717613331662954,blk_pct=4.02; height_inches=2.15; eFG=1.82; orb_pct=1.00; drb_pct=0.70,three_pct=-1.70; three_share=-1.54; three_pa_per_100_team_poss=-1.43; ast_tov=-1.09; stl_pct=-1.06,16.43987390909091,15.930742,-0.8360644749381458,7.120662125,6.628397,-1.0607509169323812,19.50264643939394,18.5178405,0.4498191810505749,0.720150860378788,0.615118685,-1.0925235936333395,41.89238127651515,38.716197,0.5628158846804348,0.1019761553030303,0.031373,-1.5366045442951766,1.3156079545454546,0.3274745,-1.4315118220661098,-0.112203317964137,-0.1432437300809689,-0.5720110618355698,8.90805603030303,8.7319705,1.001171011172103,15.801565928030303,15.75,0.7018121561593641,0.5129711347719266,0.4254614339029436,-0.28923200675786,-0.7418154093370586,-0.8188235294117643,-0.3707019826110848,1.3614322310606062,1.282137,-1.063275759259,6.274249272727273,5.898619500000001,4.0205170234287335,56.32197808712122,55.8166665,1.8249915656195752,0.1517384242424242,0.0,-1.6968725436192604,-0.0001588537869756,-0.0114097363083164,-0.2566510180240947,0.5936276212121212,0.5945115,-0.8671416798844108,81.07575757575758,81.0,2.1473731766984647
role_residual_bucketed_height_025,6,1,Foul-drawing paint finisher,False,False,,375,0.125,201,174,Top: FTR=3.55; height_inches=0.75; orb_pct=0.69; tov_pct=0.39; resid_orb_pct_height=0.13. Bottom: resid_three_share_height=-1.09; ast_pct=-1.27; three_pa_per_100_team_poss=-1.40; three_share=-1.43; usg=-1.50.,k6__division_zscore__role_residual_bucketed_height_025__method-nnls__init-furthest_sum__ninit-1,division_zscore,role_residual_bucketed_height_025,nnls,furthest_sum,0.3311750335975552,0.022078335573170346,15,mins_per_game|eFG|three_pct|ft_pct|resid_three_pct_shot_mix,0.4812507680037219,FTR=3.55; height_inches=0.75; orb_pct=0.69; tov_pct=0.39; resid_orb_pct_height=0.13,usg=-1.50; three_share=-1.43; three_pa_per_100_team_poss=-1.40; ast_pct=-1.27; resid_three_share_height=-1.09,15.895565597333334,15.6,-1.4991215865288845,7.290042797333333,6.9,-1.2691009942255786,19.26451645066667,18.6,0.392245103413901,0.81948096264,0.70366669,-0.9058214266745112,62.29096908799999,56.862745,3.546047223494253,0.17575948,0.117647,-1.426081110965679,1.904618009066667,1.1212,-1.3957130646765632,-0.1356051340321505,-0.1615339118881119,-1.0884408026505652,7.466467362666666,7.370551,0.6940597121236451,13.301507354666668,13.260334,-0.499217933466163,0.7934860552635333,0.4236528381322966,0.1278007613459843,-1.4266117397564266,-1.5930473127109115,-1.0294796734219729,1.625044928,1.4,-0.6904768205554597,2.1501971413333334,1.681938,-0.1273019304214094,,,,,,,,,,,,,78.73866666666666,79.0,0.7498076886077135
role_residual_bucketed_height_025,6,2,Low-usage turnover/noise bucket,True,False,Dominated by very high TOV% with low usage and no strong positive role or residual signal.,225,0.075,121,104,Top: tov_pct=3.86; stl_pct=-0.00; blk_pct=-0.00; resid_drb_pct_height=-0.10; ast_tov=-0.50. Bottom: three_share=-1.06; three_pa_per_100_team_poss=-1.26; resid_three_share_height=-1.29; FTR=-1.80; usg=-2.03.,k6__division_zscore__role_residual_bucketed_height_025__method-nnls__init-furthest_sum__ninit-1,division_zscore,role_residual_bucketed_height_025,nnls,furthest_sum,0.3311750335975552,0.022078335573170346,15,mins_per_game|eFG|three_pct|ft_pct|resid_three_pct_shot_mix,0.4375352831311541,tov_pct=3.86; stl_pct=-0.00; blk_pct=-0.00; resid_drb_pct_height=-0.10; ast_tov=-0.50,usg=-2.03; FTR=-1.80; resid_three_share_height=-1.29; three_pa_per_100_team_poss=-1.26; three_share=-1.06,14.07735972,13.746589,-2.033400212076693,10.011695475555555,8.9,-0.5790808653327035,28.48212984,26.9,3.8612466235561937,0.8543461812444444,0.81818182,-0.5039585653830069,23.34601276444444,23.333333,-1.798682175377788,0.3076239866666666,0.284404,-1.0580190345829428,3.156665251111111,2.97295,-1.258666581622817,-0.0767803274480658,-0.0810486931942919,-1.2918859309846162,4.45365828,4.016805,-0.961867701748006,12.119861453333334,11.9,-0.5654090408321998,-0.4977202809471918,-0.6513262599469496,-0.5646771993094722,-0.5954973953394657,-0.7530185295875675,-0.1014598541105261,1.767292404444445,1.7,-0.000749724738243,1.4760807688888888,0.958531,-0.0047193634102272,,,,,,,,,,,,,76.47555555555556,77.0,-0.6950872608416366
role_residual_bucketed_height_025,6,3,Small lead creator,False,False,,848,0.2826666666666667,463,385,Top: ast_pct=2.64; usg=2.06; stl_pct=1.72; resid_drb_pct_height=0.77; FTR=0.65. Bottom: three_share=-0.43; orb_pct=-0.63; blk_pct=-0.65; resid_three_share_height=-0.92; height_inches=-1.42.,k6__division_zscore__role_residual_bucketed_height_025__method-nnls__init-furthest_sum__ninit-1,division_zscore,role_residual_bucketed_height_025,nnls,furthest_sum,0.3311750335975552,0.022078335573170346,15,mins_per_game|eFG|three_pct|ft_pct|resid_three_pct_shot_mix,0.5082987127011802,ast_pct=2.64; usg=2.06; stl_pct=1.72; resid_drb_pct_height=0.77; FTR=0.65,height_inches=-1.42; resid_three_share_height=-0.92; blk_pct=-0.65; orb_pct=-0.63; three_share=-0.43,22.63327771816037,22.432551,2.063688046620391,18.646996324292456,17.968563,2.636619368543764,17.895279525943398,17.3805555,0.3403600992578984,1.374117233773585,1.32259033,0.6027519503814592,35.021549227594335,33.6,0.6497724202890489,0.350689570754717,0.351433,-0.4305287449103037,6.199064613207548,5.880305,0.0500323429258483,-0.0885188360811048,-0.0929959695511007,-0.9192441822786932,3.570073824292453,2.9,-0.6297069983456381,12.022977028301886,11.4,-0.1345135323173831,0.0144157693602984,-0.2513262599469494,0.2136995053367746,0.9790200566561698,0.6938758581235707,0.7669566942941993,2.535527786556604,2.301658,1.7219807324122507,0.931348570754717,0.637211,-0.6545505804816214,,,,,,,,,,,,,74.55306603773585,74.0,-1.4235430379983338
role_residual_bucketed_height_025,6,4,Floor spacer,False,False,,715,0.2383333333333333,387,328,Top: three_pa_per_100_team_poss=2.47; resid_three_share_height=2.35; three_share=2.08; height_inches=0.50; usg=0.30. Bottom: ast_pct=-1.44; ast_tov=-1.44; FTR=-1.45; resid_orb_pct_height=-1.46; tov_pct=-1.64.,k6__division_zscore__role_residual_bucketed_height_025__method-nnls__init-furthest_sum__ninit-1,division_zscore,role_residual_bucketed_height_025,nnls,furthest_sum,0.3311750335975552,0.022078335573170346,15,mins_per_game|eFG|three_pct|ft_pct|resid_three_pct_shot_mix,0.4666907608784416,three_pa_per_100_team_poss=2.47; resid_three_share_height=2.35; three_share=2.08; height_inches=0.50; usg=0.30,tov_pct=-1.64; resid_orb_pct_height=-1.46; FTR=-1.45; ast_tov=-1.44; ast_pct=-1.44,18.72896215944056,18.7,0.2983177437012589,7.662513793006994,7.4,-1.4365367915554927,14.234700523076924,14.0,-1.6406996439156816,0.8694854597482518,0.87175914,-1.44214953961142,20.9843148993007,20.769231,-1.4517668287695051,0.5864586503496503,0.583333,2.0806996877455917,9.56246155944056,9.2426,2.4702197805546113,0.2162668780082441,0.2008779112676056,2.350550007595836,3.685090065734266,3.209539,-0.961835470444876,11.595311172027971,11.2,-0.6010586722771261,-1.7608784998020048,-1.6754850770811918,-1.4591068132468883,-1.7769977524893856,-1.884644808743172,-1.0311849229526926,1.5005906811188812,1.460062,-1.0937422447916418,1.3201278951048951,1.034916,-0.298463413958657,,,,,,,,,,,,,77.21818181818182,77.0,0.4976296737363515
role_residual_bucketed_height_025,6,5,Interior rim protector / rebounder big,False,False,,487,0.1623333333333333,272,215,Top: blk_pct=3.21; drb_pct=2.72; orb_pct=2.64; resid_drb_pct_height=2.56; resid_orb_pct_height=2.44. Bottom: ast_pct=-0.89; resid_three_share_height=-1.02; ast_tov=-1.10; three_pa_per_100_team_poss=-1.45; three_share=-1.56.,k6__division_zscore__role_residual_bucketed_height_025__method-nnls__init-furthest_sum__ninit-1,division_zscore,role_residual_bucketed_height_025,nnls,furthest_sum,0.3311750335975552,0.022078335573170346,15,mins_per_game|eFG|three_pct|ft_pct|resid_three_pct_shot_mix,0.4713862282635157,blk_pct=3.21; drb_pct=2.72; orb_pct=2.64; resid_drb_pct_height=2.56; resid_orb_pct_height=2.44,three_share=-1.56; three_pa_per_100_team_poss=-1.45; ast_tov=-1.10; resid_three_share_height=-1.02; ast_pct=-0.89,19.801712626283365,19.5,0.8350765965592625,8.321832468172484,7.780978,-0.8938826968418263,16.843011176591375,16.4,-0.76733051642939,0.7616711421355236,0.674419,-1.0977360736116657,37.90457027720739,36.9,0.048472844069789,0.1392188706365503,0.098446,-1.5627743238098328,2.193029147227926,1.42573,-1.4549390664075963,-0.1232218773079196,-0.1488058529182879,-1.016660182836778,10.057634379876797,9.695291,2.640642298372448,18.71193495893224,18.639687,2.7242046107109976,2.417783734066252,1.853865546218488,2.439300408548033,2.917237306341937,2.729802176063304,2.5603204102426,1.541661636550308,1.482736,-0.6822635751875875,4.701848143737167,4.0,3.2131815089122475,,,,,,,,,,,,,80.01848049281314,80.0,1.7343386682470776
role_residual_bucketed_height_025,6,6,Low-usage connector spacer,False,False,,350,0.1166666666666666,184,166,Top: ast_tov=3.56; three_share=1.99; resid_three_share_height=1.87; three_pa_per_100_team_poss=0.73; ast_pct=0.15. Bottom: orb_pct=-1.04; drb_pct=-1.20; FTR=-1.50; usg=-1.76; tov_pct=-1.80.,k6__division_zscore__role_residual_bucketed_height_025__method-nnls__init-furthest_sum__ninit-1,division_zscore,role_residual_bucketed_height_025,nnls,furthest_sum,0.3311750335975552,0.022078335573170346,15,mins_per_game|eFG|three_pct|ft_pct|resid_three_pct_shot_mix,0.4634353619737837,ast_tov=3.56; three_share=1.99; resid_three_share_height=1.87; three_pa_per_100_team_poss=0.73; ast_pct=0.15,tov_pct=-1.80; usg=-1.76; FTR=-1.50; drb_pct=-1.20; orb_pct=-1.04,14.466529111428573,14.4526715,-1.7629451736363768,12.044147254285717,11.372855,0.1542078298829068,13.056652517142854,13.0019505,-1.7987351701160663,2.216159277914286,1.914855,3.557955271884769,21.749724677142854,21.15,-1.4951982301852953,0.5766340742857143,0.5883075,1.9868935311678988,7.258476668571428,6.891681999999999,0.7308702758290688,0.1516789925916555,0.1492415331946006,1.8706372853219664,3.4098777057142855,2.8927069999999997,-1.0449841179163124,10.346852468571427,9.6941195,-1.1980977811472695,-0.6483930554839563,-0.8311744871650855,-0.57410793638307,-1.3381584513965596,-1.647196656355456,-0.8391809543203852,1.802450897142857,1.796492,0.0074023626993198,0.8670490200000002,0.5736945,-0.8325458558470372,,,,,,,,,,,,,75.27142857142857,75.0,-0.8547770945759154
role_residual_bucketed_height_025,7,1,Foul-drawing paint finisher,False,False,,271,0.0903333333333333,145,126,Top: FTR=3.51; height_inches=0.70; tov_pct=0.55; orb_pct=0.47; resid_orb_pct_height=-0.14. Bottom: ast_pct=-1.27; three_pa_per_100_team_poss=-1.32; stl_pct=-1.50; resid_drb_pct_height=-1.54; usg=-1.83.,k7__division_zscore__role_residual_bucketed_height_025__method-nnls__init-uniform__ninit-1,division_zscore,role_residual_bucketed_height_025,nnls,uniform,0.2972109118524465,0.019814060790163103,15,mins_per_game|eFG|three_pct|ft_pct|resid_three_pct_shot_mix,0.4606935430400947,FTR=3.51; height_inches=0.70; tov_pct=0.55; orb_pct=0.47; resid_orb_pct_height=-0.14,usg=-1.83; resid_drb_pct_height=-1.54; stl_pct=-1.50; three_pa_per_100_team_poss=-1.32; ast_pct=-1.27,15.221160011070111,14.7,-1.83087603630269,7.1565072066420665,6.698211,-1.268737664189694,19.46434015498155,18.8,0.5498881058756377,0.8561329877490774,0.74420568,-0.495672230616431,65.58115824354243,58.1,3.5127122974771403,0.1920995793357933,0.137931,-1.2298621284113824,1.9765144885608856,1.26016,-1.3212869303182075,-0.1316189467241012,-0.1579432680672268,-0.9426982937926048,6.929422483394834,6.8,0.4705023010856525,12.509334926199262,12.6,-0.947644362361346,0.5228873336591265,0.1118197971274685,-0.1413405985130358,-1.898178534714066,-1.8637347130762,-1.536224390324196,1.4136309815498154,1.4,-1.499670334438037,1.949883985239852,1.491901,-0.1472161822786435,,,,,,,,,,,,,78.38376383763837,79.0,0.7031638448823968
role_residual_bucketed_height_025,7,2,Floor spacer,False,False,,714,0.238,381,333,Top: three_pa_per_100_team_poss=2.47; resid_three_share_height=2.32; three_share=2.11; height_inches=0.39; usg=0.32. Bottom: resid_orb_pct_height=-1.36; ast_pct=-1.42; ast_tov=-1.45; FTR=-1.52; tov_pct=-1.68.,k7__division_zscore__role_residual_bucketed_height_025__method-nnls__init-uniform__ninit-1,division_zscore,role_residual_bucketed_height_025,nnls,uniform,0.2972109118524465,0.019814060790163103,15,mins_per_game|eFG|three_pct|ft_pct|resid_three_pct_shot_mix,0.4560898845402303,three_pa_per_100_team_poss=2.47; resid_three_share_height=2.32; three_share=2.11; height_inches=0.39; usg=0.32,tov_pct=-1.68; FTR=-1.52; ast_tov=-1.45; ast_pct=-1.42; resid_orb_pct_height=-1.36,18.6903528837535,18.556771,0.3206293505509926,7.486559712885155,7.3,-1.4180693973272394,14.100096831932774,13.8,-1.684516486129738,0.8633215177030812,0.860406885,-1.4504355918680951,21.097201106442576,20.8166665,-1.522336105530905,0.5862456638655462,0.58265,2.112540628280944,9.551664602240898,9.25026,2.4727067886758975,0.2114289427765932,0.1982562721031192,2.322299414273526,3.7429321862745097,3.2710515,-0.9722904314878938,11.593281043417369,11.1732615,-0.6314154716437098,-1.6130480790563164,-1.537013618677043,-1.358993093154495,-1.679632278061472,-1.853616521887788,-0.969089548014405,1.5352432072829132,1.5,-1.1301948313624737,1.2569281694677872,1.028621,-0.310546518385603,,,,,,,,,,,,,77.10224089635854,77.0,0.387813252602025
role_residual_bucketed_height_025,7,3,Interior rim protector / rebounder big,False,False,,481,0.1603333333333333,273,208,Top: blk_pct=3.28; height_inches=2.18; drb_pct=2.16; orb_pct=1.93; resid_drb_pct_height=1.75. Bottom: ast_tov=-1.01; resid_three_share_height=-1.01; stl_pct=-1.40; three_pa_per_100_team_poss=-1.46; three_share=-1.57.,k7__division_zscore__role_residual_bucketed_height_025__method-nnls__init-uniform__ninit-1,division_zscore,role_residual_bucketed_height_025,nnls,uniform,0.2972109118524465,0.019814060790163103,15,mins_per_game|eFG|three_pct|ft_pct|resid_three_pct_shot_mix,0.4728745837975009,blk_pct=3.28; height_inches=2.18; drb_pct=2.16; orb_pct=1.93; resid_drb_pct_height=1.75,three_share=-1.57; three_pa_per_100_team_poss=-1.46; stl_pct=-1.40; resid_three_share_height=-1.01; ast_tov=-1.01,19.46656878170478,19.2,0.5922345169000596,8.576751985446984,8.2,-0.6384566651138873,17.32803020790021,17.1,-0.0949862651338199,0.7789750724532224,0.67532125,-1.0074433567909151,38.75746532640332,37.6,0.6370116023329073,0.1399036943866944,0.086505,-1.5728654170832768,2.1774549893970896,1.291006,-1.460554135158968,-0.0981550074079549,-0.1367775528989838,-1.008334763114091,9.472068272349272,9.082783,1.925013899031484,18.6426802037422,18.5,2.163307649003616,1.4360785127871305,0.9537158984007528,1.260407119831259,2.4463483190014026,2.047635639621703,1.751575219989814,1.3067812619542625,1.278819,-1.4016342672502649,4.933740659043658,4.267797,3.284095885516141,,,,,,,,,,,,,80.50935550935552,80.0,2.177348855384003
role_residual_bucketed_height_025,7,4,Low-usage connector spacer,False,False,,284,0.0946666666666666,149,135,Top: ast_tov=3.61; three_share=2.20; resid_three_share_height=2.14; three_pa_per_100_team_poss=0.77; stl_pct=0.34. Bottom: orb_pct=-1.04; drb_pct=-1.20; FTR=-1.82; tov_pct=-1.92; usg=-1.96.,k7__division_zscore__role_residual_bucketed_height_025__method-nnls__init-uniform__ninit-1,division_zscore,role_residual_bucketed_height_025,nnls,uniform,0.2972109118524465,0.019814060790163103,15,mins_per_game|eFG|three_pct|ft_pct|resid_three_pct_shot_mix,0.4498244958154683,ast_tov=3.61; three_share=2.20; resid_three_share_height=2.14; three_pa_per_100_team_poss=0.77; stl_pct=0.34,usg=-1.96; tov_pct=-1.92; FTR=-1.82; drb_pct=-1.20; orb_pct=-1.04,14.122762228873238,14.0,-1.9591342655493005,11.274289873239436,10.8,-0.1867281881180097,12.484446700704224,12.5984495,-1.9206682804781792,2.276382890809859,1.927261735,3.6052039264282385,20.282568105633803,19.606097499999997,-1.8155331366264944,0.6025948415492958,0.616618,2.2035111495762667,7.508827334507042,7.209415,0.7717067373428865,0.1833156845123628,0.18755427025068,2.1364580943848166,3.478140556338028,2.972735,-1.0445444140829712,10.398812475352113,9.706023,-1.1993874324997913,-0.7550941587438587,-0.944157481481442,-0.6583964377445988,-1.5108625500322592,-1.6954679442776888,-0.9016426388134968,1.9130333239436617,1.7730685,0.3394225259125923,0.90678811971831,0.5736945,-0.8906493417599332,,,,,,,,,,,,,75.52464788732394,76.0,-0.6223494206927077
role_residual_bucketed_height_025,7,5,Plus offensive rebounder for size,False,False,,189,0.063,108,81,Top: stl_pct=3.24; resid_orb_pct_height=3.19; orb_pct=2.93; resid_drb_pct_height=1.62; drb_pct=1.47. Bottom: ast_pct=-1.36; three_pa_per_100_team_poss=-1.45; ast_tov=-1.50; three_share=-1.55; resid_three_share_height=-1.84.,k7__division_zscore__role_residual_bucketed_height_025__method-nnls__init-uniform__ninit-1,division_zscore,role_residual_bucketed_height_025,nnls,uniform,0.2972109118524465,0.019814060790163103,15,mins_per_game|eFG|three_pct|ft_pct|resid_three_pct_shot_mix,0.3911247100413145,stl_pct=3.24; resid_orb_pct_height=3.19; orb_pct=2.93; resid_drb_pct_height=1.62; drb_pct=1.47,resid_three_share_height=-1.84; three_share=-1.55; ast_tov=-1.50; three_pa_per_100_team_poss=-1.45; ast_pct=-1.36,19.0026282010582,18.4,0.0305796469284832,8.032772973544974,7.476667,-1.3610998494752045,16.777291238095238,16.2,0.0173649265642459,0.806090016878307,0.7600173,-1.4968435455373577,40.13446124338625,38.6,0.405587672189479,0.2074267354497354,0.189189,-1.54951179220918,3.0281664645502646,2.58759,-1.4475592889621434,-0.1668998788329511,-0.1796795839675291,-1.8405505462231495,9.423732566137566,9.035128,2.9268575527336056,15.385237343915342,15.6,1.4726869509949847,3.834050505596194,3.5896244131455397,3.1928810208822167,1.770944119512228,1.689056420233463,1.617408314424555,3.0756414285714286,2.7,3.244309942889788,2.017841328042328,1.7,0.6149046272615056,,,,,,,,,,,,,77.51851851851852,78.0,0.181689778927689
role_residual_bucketed_height_025,7,6,Low-usage turnover/noise bucket,True,False,Dominated by very high TOV% with low usage and no strong positive role or residual signal.,231,0.077,123,108,Top: tov_pct=3.81; resid_drb_pct_height=-0.03; blk_pct=-0.04; stl_pct=-0.10; ast_pct=-0.39. Bottom: orb_pct=-1.01; resid_three_share_height=-1.01; three_pa_per_100_team_poss=-1.14; FTR=-1.74; usg=-1.99.,k7__division_zscore__role_residual_bucketed_height_025__method-nnls__init-uniform__ninit-1,division_zscore,role_residual_bucketed_height_025,nnls,uniform,0.2972109118524465,0.019814060790163103,15,mins_per_game|eFG|three_pct|ft_pct|resid_three_pct_shot_mix,0.4336661886751903,tov_pct=3.81; resid_drb_pct_height=-0.03; blk_pct=-0.04; stl_pct=-0.10; ast_pct=-0.39,usg=-1.99; FTR=-1.74; three_pa_per_100_team_poss=-1.14; resid_three_share_height=-1.01; orb_pct=-1.01,14.148737233766232,13.8,-1.9859101205285457,10.66285918181818,10.0,-0.3930863868136008,28.641765645021646,26.9,3.8075131375031854,0.9005432754978355,0.85701018,-0.4431274707346994,23.55387572727272,23.5,-1.7444740392387166,0.3376795108225108,0.321429,-0.7622973132520582,3.481790097402597,3.404028,-1.1378157208564712,-0.05689185816142,-0.0564903220524017,-1.009175762860829,4.044408251082251,3.569015,-1.005003378026374,11.51443278787879,11.4,-0.553050133213737,-0.6467320766967309,-0.9211762028725314,-0.5674654835613228,-0.895806616155044,-1.0470723306544212,-0.0347829494194893,2.021627294372294,1.7,-0.1000349474976294,1.3284711168831171,0.8,-0.0428460851711947,,,,,,,,,,,,,76.0952380952381,76.0,-0.8190868324263388
role_residual_bucketed_height_025,7,7,Small lead creator,False,False,,830,0.2766666666666666,449,381,Top: ast_pct=2.86; usg=2.15; stl_pct=1.06; ast_tov=1.05; FTR=0.64. Bottom: three_share=-0.30; blk_pct=-0.64; resid_three_share_height=-0.78; orb_pct=-0.79; height_inches=-1.42.,k7__division_zscore__role_residual_bucketed_height_025__method-nnls__init-uniform__ninit-1,division_zscore,role_residual_bucketed_height_025,nnls,uniform,0.2972109118524465,0.019814060790163103,15,mins_per_game|eFG|three_pct|ft_pct|resid_three_pct_shot_mix,0.4991826181844833,ast_pct=2.86; usg=2.15; stl_pct=1.06; ast_tov=1.05; FTR=0.64,height_inches=-1.42; orb_pct=-0.79; resid_three_share_height=-0.78; blk_pct=-0.64; three_share=-0.30,22.548438931325304,22.3,2.1528811414503863,19.21986029759036,18.53663,2.858489763097132,17.7689506,17.3382645,-0.0860903213143973,1.4494897581084338,1.380120725,1.0490531560795675,35.08567522168674,33.7,0.6391618165082045,0.3556298638554216,0.3557015,-0.3046796945580145,6.283031965060241,6.004333,0.2263865959088316,-0.0854657723909109,-0.0887053513185812,-0.7763320499256493,3.3087444843373492,2.7,-0.7888319332964607,11.7826609626506,11.2,-0.2726795411230396,-0.1834263093286951,-0.3451603860549777,0.0137412831281228,0.8208512660374733,0.4130034132474334,0.5934801240899239,2.303995828915663,2.2,1.0631039348186255,0.868208604819277,0.6,-0.6393091570519743,,,,,,,,,,,,,74.43855421686747,74.0,-1.4211887096047875
role_residual_bucketed_height_025,8,1,Disruptive guard / slasher,False,True,"Not junk, but small population; inspect top assigned players before trusting the label.",134,0.0446666666666666,64,70,Top: stl_pct=3.26; tov_pct=3.23; FTR=3.14; ast_pct=0.84; usg=0.30. Bottom: orb_pct=-1.19; resid_drb_pct_height=-1.43; resid_three_share_height=-1.43; height_inches=-1.48; drb_pct=-1.86.,k8__division_zscore__role_residual_bucketed_height_025__method-nnls__init-uniform__ninit-1,division_zscore,role_residual_bucketed_height_025,nnls,uniform,0.2697788279717346,0.017985255198115637,15,mins_per_game|eFG|three_pct|ft_pct|resid_three_pct_shot_mix,0.3903878264448893,stl_pct=3.26; tov_pct=3.23; FTR=3.14; ast_pct=0.84; usg=0.30,drb_pct=-1.86; height_inches=-1.48; resid_three_share_height=-1.43; resid_drb_pct_height=-1.43; orb_pct=-1.19,17.930564014925377,17.8204285,0.2968928245902152,14.848369970149252,14.4672815,0.8413582789234377,23.639366791044775,23.005028,3.2326721614877263,1.1196294517910446,1.081096,-0.6620261684320077,52.41695155223881,50.4,3.13647551150445,0.317635828358209,0.324351,-0.9412565198503734,3.736987970149254,3.716837,-1.1155765117491436,-0.1192242414886825,-0.1161589559949464,-1.4320373308180354,3.3228920522388057,2.7618495000000003,-1.18591606836902,10.626645537313433,10.4769885,-1.8639440188088643,-0.3654002156337262,-0.5125921650119294,-0.5927586533445021,-0.5729395762819468,-0.6023818734800876,-1.4268812924558465,3.793226320895523,3.1,3.26434323714274,0.9862142313432838,0.7364955,-0.8093187084901701,,,,,,,,,,,,,74.7089552238806,75.0,-1.480385655535963
role_residual_bucketed_height_025,8,2,Foul-drawing paint finisher,False,False,,170,0.0566666666666666,90,80,Top: FTR=3.56; orb_pct=0.94; height_inches=0.78; resid_orb_pct_height=0.41; ast_tov=0.27. Bottom: resid_drb_pct_height=-1.40; three_pa_per_100_team_poss=-1.45; three_share=-1.55; stl_pct=-2.07; usg=-2.16.,k8__division_zscore__role_residual_bucketed_height_025__method-nnls__init-uniform__ninit-1,division_zscore,role_residual_bucketed_height_025,nnls,uniform,0.2697788279717346,0.017985255198115637,15,mins_per_game|eFG|three_pct|ft_pct|resid_three_pct_shot_mix,0.4224883320954408,FTR=3.56; orb_pct=0.94; height_inches=0.78; resid_orb_pct_height=0.41; ast_tov=0.27,usg=-2.16; stl_pct=-2.07; three_share=-1.55; three_pa_per_100_team_poss=-1.45; resid_drb_pct_height=-1.40,14.24506104705882,13.700982,-2.16350895127759,7.194250476470588,6.358651500000001,-1.1632749686137478,17.502111994117648,16.7114965,-0.3822192426078075,0.9988514245294118,0.9534885,0.2726542483654253,69.18271890588235,60.9347825,3.562483353346512,0.1834360294117647,0.1148775,-1.549511793431214,1.7775625823529413,1.1030950000000002,-1.4475592901037688,-0.1377474984890683,-0.1603872184429084,-1.3001744335848575,7.1547089411764695,7.116174,0.9446900785204304,12.421884729411763,12.1490965,-0.5954688602444315,0.710530756749447,0.4293803755540604,0.4074833466543588,-2.030739630873047,-2.029654804699888,-1.3986843804923612,1.196417594117647,1.2,-2.069540787125439,1.9044978294117647,1.433251,-0.3431751716807636,,,,,,,,,,,,,78.5,78.0,0.779247274682151
role_residual_bucketed_height_025,8,3,Small lead creator,False,False,,569,0.1896666666666666,323,246,Top: ast_pct=3.02; usg=1.89; ast_tov=1.87; resid_drb_pct_height=0.58; three_pa_per_100_team_poss=0.44. Bottom: FTR=-0.52; blk_pct=-0.54; resid_three_share_height=-0.74; orb_pct=-0.84; height_inches=-1.75.,k8__division_zscore__role_residual_bucketed_height_025__method-nnls__init-uniform__ninit-1,division_zscore,role_residual_bucketed_height_025,nnls,uniform,0.2697788279717346,0.017985255198115637,15,mins_per_game|eFG|three_pct|ft_pct|resid_three_pct_shot_mix,0.4588483687416875,ast_pct=3.02; usg=1.89; ast_tov=1.87; resid_drb_pct_height=0.58; three_pa_per_100_team_poss=0.44,height_inches=-1.75; orb_pct=-0.84; resid_three_share_height=-0.74; blk_pct=-0.54; FTR=-0.52,22.579963878734624,22.47835,1.8864193723176856,21.157470010544817,20.1,3.0212080431452137,17.521728240773285,17.1,-0.2640828734748415,1.6157302006502636,1.53523753,1.867981783161584,31.995265119507906,31.3,-0.5181816066216273,0.3605285131810193,0.36036,-0.2563381834821713,6.51146562917399,6.211995,0.4439820156320601,-0.0821467965245081,-0.0906259245742092,-0.7386686233239221,2.971251787346221,2.497283,-0.8353798996147298,11.39266523550088,10.822045,-0.3685614694066379,-0.3602745273261138,-0.3801377726750863,-0.0284911912951658,0.6659204996851671,0.3534035922570009,0.5814508897643383,2.078582613356766,2.0,-0.2570105836128651,0.802702267135325,0.5,-0.5360895656406687,,,,,,,,,,,,,74.1195079086116,74.0,-1.7529491464550202
role_residual_bucketed_height_025,8,4,Mixed role archetype,False,False,,223,0.0743333333333333,123,100,Top: blk_pct=4.05; height_inches=2.11; drb_pct=0.82; orb_pct=0.79; tov_pct=0.78. Bottom: ast_pct=-1.17; ast_tov=-1.23; three_pa_per_100_team_poss=-1.44; three_share=-1.53; stl_pct=-1.69.,k8__division_zscore__role_residual_bucketed_height_025__method-nnls__init-uniform__ninit-1,division_zscore,role_residual_bucketed_height_025,nnls,uniform,0.2697788279717346,0.017985255198115637,15,mins_per_game|eFG|three_pct|ft_pct|resid_three_pct_shot_mix,0.4602767656248945,blk_pct=4.05; height_inches=2.11; drb_pct=0.82; orb_pct=0.79; tov_pct=0.78,stl_pct=-1.69; three_share=-1.53; three_pa_per_100_team_poss=-1.44; ast_tov=-1.23; ast_pct=-1.17,16.541098596412557,15.980104,-1.081778128952074,7.303273121076233,6.795947,-1.1733698694116603,19.831161744394617,19.213382,0.7752748338306507,0.7235759888789237,0.61289072,-1.2340961510584398,38.278785094170395,35.9375,0.0883159287599331,0.135759461883408,0.064516,-1.528579051294101,1.7863951632286996,0.805026,-1.4382827416239732,-0.0822188941677215,-0.1286239627507163,-0.4572741530127006,8.082048103139012,8.0,0.7910103712891481,15.463580605381164,15.3,0.8197422396185106,-0.2389584334979207,-0.3320831019786912,-0.6786262951567971,-1.023871618639352,-1.0530185295875685,-0.4127124845875957,1.283249919282511,1.2,-1.6884311660610116,6.268177318385651,5.797101,4.0466393212672225,,,,,,,,,,,,,80.96412556053812,81.0,2.1102867731917803
role_residual_bucketed_height_025,8,5,Floor spacer,False,False,,804,0.268,442,362,Top: three_pa_per_100_team_poss=2.47; resid_three_share_height=2.29; three_share=2.08; usg=0.45; height_inches=0.30. Bottom: FTR=-1.30; resid_orb_pct_height=-1.35; ast_pct=-1.39; ast_tov=-1.42; tov_pct=-1.50.,k8__division_zscore__role_residual_bucketed_height_025__method-nnls__init-uniform__ninit-1,division_zscore,role_residual_bucketed_height_025,nnls,uniform,0.2697788279717346,0.017985255198115637,15,mins_per_game|eFG|three_pct|ft_pct|resid_three_pct_shot_mix,0.4542302555282581,three_pa_per_100_team_poss=2.47; resid_three_share_height=2.29; three_share=2.08; usg=0.45; height_inches=0.30,tov_pct=-1.50; ast_tov=-1.42; ast_pct=-1.39; resid_orb_pct_height=-1.35; FTR=-1.30,18.809391700248757,18.723989,0.4455583484125945,8.059949106965172,7.8,-1.3875940471660575,14.88171025,14.6,-1.50405759237044,0.8814484700995024,0.86669171,-1.4164087568631645,22.397073297263685,21.65,-1.2974259852344785,0.580906934079602,0.5784345,2.075013591716773,9.387854824626867,9.152002,2.4728417595766197,0.1958033027092078,0.1802572607530529,2.294002782916551,3.411585422885572,3.0,-0.9724613127817476,11.231812212686568,10.806295,-0.6667381994735595,-1.6817027722021265,-1.5513262599469495,-1.3501850155039588,-1.7253116729948557,-1.8364995309727297,-0.9725443395457722,1.5003907810945274,1.4919245,-1.2249541619704574,1.1235428917910448,0.9,-0.3459374504283369,,,,,,,,,,,,,76.78109452736318,77.0,0.3006495993001024
role_residual_bucketed_height_025,8,6,Low-usage connector spacer,False,False,,294,0.098,163,131,Top: ast_tov=3.61; resid_three_share_height=2.24; three_share=2.22; three_pa_per_100_team_poss=1.20; stl_pct=0.82. Bottom: resid_drb_pct_height=-1.28; drb_pct=-1.41; FTR=-1.82; usg=-1.84; tov_pct=-2.33.,k8__division_zscore__role_residual_bucketed_height_025__method-nnls__init-uniform__ninit-1,division_zscore,role_residual_bucketed_height_025,nnls,uniform,0.2697788279717346,0.017985255198115637,15,mins_per_game|eFG|three_pct|ft_pct|resid_three_pct_shot_mix,0.4187774607148855,ast_tov=3.61; resid_three_share_height=2.24; three_share=2.22; three_pa_per_100_team_poss=1.20; stl_pct=0.82,tov_pct=-2.33; usg=-1.84; FTR=-1.82; drb_pct=-1.41; resid_drb_pct_height=-1.28,14.560214346938777,14.467784,-1.8354209346282837,11.540844976190478,11.0515575,-0.2306719535313831,12.767557704081634,12.7,-2.327874476720331,2.2191757701020407,1.88888886,3.605203926714307,21.42689549319728,21.110345,-1.815533136770559,0.5901040136054421,0.5961695,2.2217836369525563,7.478763727891156,7.1731005,1.2025709957572084,0.1721563265567738,0.1680013157331101,2.239984431952849,3.4220629489795917,3.0251194999999997,-1.044544414165855,10.414397530612243,9.83766,-1.405674228549365,-0.8330791449037961,-0.944157481481442,-0.7944454698187456,-1.5178102343302018,-1.8285909546559953,-1.2772240473638852,2.277644323129252,2.0413265000000003,0.8184215666600065,1.013074768707483,0.7,-0.8906493418305819,,,,,,,,,,,,,75.59863945578232,76.0,-0.4158677160959695
role_residual_bucketed_height_025,8,7,Low-usage turnover/noise bucket,True,False,Dominated by very high TOV% with low usage and no strong positive role or residual signal.,195,0.065,91,104,Top: tov_pct=3.79; resid_drb_pct_height=0.41; resid_orb_pct_height=0.23; stl_pct=0.02; ast_tov=-0.08. Bottom: three_share=-1.31; three_pa_per_100_team_poss=-1.35; resid_three_share_height=-1.58; FTR=-1.89; usg=-2.02.,k8__division_zscore__role_residual_bucketed_height_025__method-nnls__init-uniform__ninit-1,division_zscore,role_residual_bucketed_height_025,nnls,uniform,0.2697788279717346,0.017985255198115637,15,mins_per_game|eFG|three_pct|ft_pct|resid_three_pct_shot_mix,0.3991863856786151,tov_pct=3.79; resid_drb_pct_height=0.41; resid_orb_pct_height=0.23; stl_pct=0.02; ast_tov=-0.08,usg=-2.02; FTR=-1.89; resid_three_share_height=-1.58; three_pa_per_100_team_poss=-1.35; three_share=-1.31,14.014189061538463,13.7,-2.019314726487807,10.804404476923075,10.2,-0.6536650079060644,28.30464234871795,26.371308,3.791051714814254,0.9270761539487178,0.884615,-0.0757456600113325,22.66827315897436,22.556391,-1.8911378713815945,0.304030758974359,0.285714,-1.310379564566386,3.070124828205128,3.06542,-1.351098136908481,-0.0947893395181788,-0.1044257663043478,-1.5795302427377946,4.435772738461538,4.1,-0.4271026527668509,12.057767810256411,11.867971,-0.2370164034748474,-0.1601293156936886,-0.3490557129367326,0.2347027553080622,-0.2254646594924271,-0.4045484302384565,0.4138014609472508,1.7355076717948716,1.7,0.0160992750885911,1.072017364102564,0.798792,-0.903668290640364,,,,,,,,,,,,,75.9076923076923,76.0,-0.868395842590046
role_residual_bucketed_height_025,8,8,Interior scorer / rebounder,False,False,,611,0.2036666666666666,332,279,Top: resid_orb_pct_height=2.83; orb_pct=2.63; resid_drb_pct_height=2.42; drb_pct=2.28; usg=1.51. Bottom: ast_pct=-0.46; ast_tov=-1.06; three_pa_per_100_team_poss=-1.16; three_share=-1.34; resid_three_share_height=-1.48.,k8__division_zscore__role_residual_bucketed_height_025__method-nnls__init-uniform__ninit-1,division_zscore,role_residual_bucketed_height_025,nnls,uniform,0.2697788279717346,0.017985255198115637,15,mins_per_game|eFG|three_pct|ft_pct|resid_three_pct_shot_mix,0.4477858364976605,resid_orb_pct_height=2.83; orb_pct=2.63; resid_drb_pct_height=2.42; drb_pct=2.28; usg=1.51,resid_three_share_height=-1.48; three_share=-1.34; three_pa_per_100_team_poss=-1.16; ast_tov=-1.06; ast_pct=-0.46,21.14885191653028,20.9,1.5088386682773265,9.305942471358428,8.7,-0.4628675719512972,16.341811338788872,15.761506,-0.4589311611870887,0.8029644000490999,0.745455,-1.0605476221888552,41.13335256464811,40.0,0.715910155781034,0.1840609590834697,0.168224,-1.3384328920952613,3.069266812929623,2.52965,-1.1601341218632035,-0.1318633248052514,-0.1529321765027322,-1.4765534627186954,9.471852036006547,9.1,2.6283729979565416,18.044691106382977,17.722359,2.2835848132117857,2.7888487931575945,2.4537158984007528,2.8305758525573212,3.2598937128348435,3.093708920187794,2.4228558376735707,1.9914932864157115,1.826653,0.5022865383536617,2.8554992045826513,2.491916,1.2685173948490185,,,,,,,,,,,,,78.78068739770868,79.0,1.2557408959007683
