run_id,k,scaling_mode,feature_set,method,init,n_init,max_iter,tol,features,excluded_features,rss,rss_per_row,n_iter,min_archetype_rows,median_archetype_rows,max_archetype_rows,elapsed_seconds,version
k6__division_zscore__quality_lite_residual_height_025__method-nnls__init-uniform__ninit-1,6,division_zscore,quality_lite_residual_height_025,nnls,uniform,1,120,0.0001,usg|ast_pct|tov_pct|ast_tov|FTR|three_share|three_pa_per_100_team_poss|orb_pct|drb_pct|stl_pct|blk_pct|eFG|three_pct|ft_pct|height_inches|resid_three_pct_shot_mix|resid_orb_pct_height|resid_three_share_height|resid_drb_pct_height,mins_per_game,1182.9903663683192,0.3943301221227731,118,150,499.0,773,7.415027856826782,quality_lite_residual_height_025
k6__division_zscore__quality_lite_residual_height_025__method-nnls__init-furthest_sum__ninit-1,6,division_zscore,quality_lite_residual_height_025,nnls,furthest_sum,1,120,0.0001,usg|ast_pct|tov_pct|ast_tov|FTR|three_share|three_pa_per_100_team_poss|orb_pct|drb_pct|stl_pct|blk_pct|eFG|three_pct|ft_pct|height_inches|resid_three_pct_shot_mix|resid_orb_pct_height|resid_three_share_height|resid_drb_pct_height,mins_per_game,1182.9938831848092,0.3943312943949364,120,150,499.5,773,8.415374040603638,quality_lite_residual_height_025
k6__division_zscore__quality_lite_residual_height_025__method-nnls__init-aa_plus_plus__ninit-1,6,division_zscore,quality_lite_residual_height_025,nnls,aa_plus_plus,1,120,0.0001,usg|ast_pct|tov_pct|ast_tov|FTR|three_share|three_pa_per_100_team_poss|orb_pct|drb_pct|stl_pct|blk_pct|eFG|three_pct|ft_pct|height_inches|resid_three_pct_shot_mix|resid_orb_pct_height|resid_three_share_height|resid_drb_pct_height,mins_per_game,1182.9948764078172,0.3943316254692724,120,150,500.0,773,5.804237127304077,quality_lite_residual_height_025
k6__division_zscore__quality_lite_residual_height_025__method-nnls__init-furthest_first__ninit-1,6,division_zscore,quality_lite_residual_height_025,nnls,furthest_first,1,120,0.0001,usg|ast_pct|tov_pct|ast_tov|FTR|three_share|three_pa_per_100_team_poss|orb_pct|drb_pct|stl_pct|blk_pct|eFG|three_pct|ft_pct|height_inches|resid_three_pct_shot_mix|resid_orb_pct_height|resid_three_share_height|resid_drb_pct_height,mins_per_game,1183.2152249162616,0.3944050749720872,71,143,502.0,769,4.913835048675537,quality_lite_residual_height_025
k7__division_zscore__quality_lite_residual_height_025__method-nnls__init-aa_plus_plus__ninit-1,7,division_zscore,quality_lite_residual_height_025,nnls,aa_plus_plus,1,120,0.0001,usg|ast_pct|tov_pct|ast_tov|FTR|three_share|three_pa_per_100_team_poss|orb_pct|drb_pct|stl_pct|blk_pct|eFG|three_pct|ft_pct|height_inches|resid_three_pct_shot_mix|resid_orb_pct_height|resid_three_share_height|resid_drb_pct_height,mins_per_game,1098.855048890331,0.366285016296777,120,184,414.0,731,6.318601131439209,quality_lite_residual_height_025
k7__division_zscore__quality_lite_residual_height_025__method-nnls__init-uniform__ninit-1,7,division_zscore,quality_lite_residual_height_025,nnls,uniform,1,120,0.0001,usg|ast_pct|tov_pct|ast_tov|FTR|three_share|three_pa_per_100_team_poss|orb_pct|drb_pct|stl_pct|blk_pct|eFG|three_pct|ft_pct|height_inches|resid_three_pct_shot_mix|resid_orb_pct_height|resid_three_share_height|resid_drb_pct_height,mins_per_game,1099.0420926414972,0.3663473642138324,120,183,417.0,735,6.10837197303772,quality_lite_residual_height_025
k7__division_zscore__quality_lite_residual_height_025__method-nnls__init-furthest_first__ninit-1,7,division_zscore,quality_lite_residual_height_025,nnls,furthest_first,1,120,0.0001,usg|ast_pct|tov_pct|ast_tov|FTR|three_share|three_pa_per_100_team_poss|orb_pct|drb_pct|stl_pct|blk_pct|eFG|three_pct|ft_pct|height_inches|resid_three_pct_shot_mix|resid_orb_pct_height|resid_three_share_height|resid_drb_pct_height,mins_per_game,1103.434174943742,0.367811391647914,120,178,389.0,721,5.6840500831604,quality_lite_residual_height_025
k7__division_zscore__quality_lite_residual_height_025__method-nnls__init-furthest_sum__ninit-1,7,division_zscore,quality_lite_residual_height_025,nnls,furthest_sum,1,120,0.0001,usg|ast_pct|tov_pct|ast_tov|FTR|three_share|three_pa_per_100_team_poss|orb_pct|drb_pct|stl_pct|blk_pct|eFG|three_pct|ft_pct|height_inches|resid_three_pct_shot_mix|resid_orb_pct_height|resid_three_share_height|resid_drb_pct_height,mins_per_game,1111.264184822916,0.370421394940972,120,28,549.0,784,5.092334985733032,quality_lite_residual_height_025
k8__division_zscore__quality_lite_residual_height_025__method-nnls__init-aa_plus_plus__ninit-1,8,division_zscore,quality_lite_residual_height_025,nnls,aa_plus_plus,1,120,0.0001,usg|ast_pct|tov_pct|ast_tov|FTR|three_share|three_pa_per_100_team_poss|orb_pct|drb_pct|stl_pct|blk_pct|eFG|three_pct|ft_pct|height_inches|resid_three_pct_shot_mix|resid_orb_pct_height|resid_three_share_height|resid_drb_pct_height,mins_per_game,1049.6356683922695,0.3498785561307565,120,81,333.0,752,5.985242128372192,quality_lite_residual_height_025
k8__division_zscore__quality_lite_residual_height_025__method-nnls__init-furthest_first__ninit-1,8,division_zscore,quality_lite_residual_height_025,nnls,furthest_first,1,120,0.0001,usg|ast_pct|tov_pct|ast_tov|FTR|three_share|three_pa_per_100_team_poss|orb_pct|drb_pct|stl_pct|blk_pct|eFG|three_pct|ft_pct|height_inches|resid_three_pct_shot_mix|resid_orb_pct_height|resid_three_share_height|resid_drb_pct_height,mins_per_game,1069.0402756652804,0.3563467585550934,120,11,321.5,947,5.825144052505493,quality_lite_residual_height_025
k8__division_zscore__quality_lite_residual_height_025__method-nnls__init-furthest_sum__ninit-1,8,division_zscore,quality_lite_residual_height_025,nnls,furthest_sum,1,120,0.0001,usg|ast_pct|tov_pct|ast_tov|FTR|three_share|three_pa_per_100_team_poss|orb_pct|drb_pct|stl_pct|blk_pct|eFG|three_pct|ft_pct|height_inches|resid_three_pct_shot_mix|resid_orb_pct_height|resid_three_share_height|resid_drb_pct_height,mins_per_game,1089.9475056118945,0.3633158352039648,61,10,326.0,872,3.1703572273254395,quality_lite_residual_height_025
k6__division_zscore__role_residual_context_only_height_025__method-nnls__init-furthest_sum__ninit-1,6,division_zscore,role_residual_context_only_height_025,nnls,furthest_sum,1,80,0.0001,usg|ast_pct|tov_pct|ast_tov|FTR|three_pa_per_100_team_poss|stl_pct|blk_pct|height_inches|resid_three_pct_shot_mix|resid_orb_pct_height|resid_three_share_height|resid_drb_pct_height,mins_per_game|eFG|three_share|orb_pct|drb_pct|three_pct|ft_pct,1010.6289923851352,0.3368763307950451,80,256,423.0,792,5.891947031021118,role_residual_context_only_height_025
k6__division_zscore__role_residual_context_only_height_025__method-nnls__init-furthest_first__ninit-1,6,division_zscore,role_residual_context_only_height_025,nnls,furthest_first,1,80,0.0001,usg|ast_pct|tov_pct|ast_tov|FTR|three_pa_per_100_team_poss|stl_pct|blk_pct|height_inches|resid_three_pct_shot_mix|resid_orb_pct_height|resid_three_share_height|resid_drb_pct_height,mins_per_game|eFG|three_share|orb_pct|drb_pct|three_pct|ft_pct,1010.6599166473728,0.3368866388824575,54,256,422.5,792,3.9141461849212646,role_residual_context_only_height_025
k6__division_zscore__role_residual_context_only_height_025__method-nnls__init-aa_plus_plus__ninit-1,6,division_zscore,role_residual_context_only_height_025,nnls,aa_plus_plus,1,80,0.0001,usg|ast_pct|tov_pct|ast_tov|FTR|three_pa_per_100_team_poss|stl_pct|blk_pct|height_inches|resid_three_pct_shot_mix|resid_orb_pct_height|resid_three_share_height|resid_drb_pct_height,mins_per_game|eFG|three_share|orb_pct|drb_pct|three_pct|ft_pct,1010.7473177879906,0.3369157725959968,80,261,422.5,790,6.195991039276123,role_residual_context_only_height_025
k6__division_zscore__role_residual_context_only_height_025__method-nnls__init-uniform__ninit-1,6,division_zscore,role_residual_context_only_height_025,nnls,uniform,1,80,0.0001,usg|ast_pct|tov_pct|ast_tov|FTR|three_pa_per_100_team_poss|stl_pct|blk_pct|height_inches|resid_three_pct_shot_mix|resid_orb_pct_height|resid_three_share_height|resid_drb_pct_height,mins_per_game|eFG|three_share|orb_pct|drb_pct|three_pct|ft_pct,1010.7548536104364,0.3369182845368121,75,261,422.5,790,7.310249090194702,role_residual_context_only_height_025
k7__division_zscore__role_residual_context_only_height_025__method-nnls__init-uniform__ninit-1,7,division_zscore,role_residual_context_only_height_025,nnls,uniform,1,80,0.0001,usg|ast_pct|tov_pct|ast_tov|FTR|three_pa_per_100_team_poss|stl_pct|blk_pct|height_inches|resid_three_pct_shot_mix|resid_orb_pct_height|resid_three_share_height|resid_drb_pct_height,mins_per_game|eFG|three_share|orb_pct|drb_pct|three_pct|ft_pct,908.7340059918308,0.3029113353306103,80,223,360.0,775,6.092422246932983,role_residual_context_only_height_025
k7__division_zscore__role_residual_context_only_height_025__method-nnls__init-furthest_sum__ninit-1,7,division_zscore,role_residual_context_only_height_025,nnls,furthest_sum,1,80,0.0001,usg|ast_pct|tov_pct|ast_tov|FTR|three_pa_per_100_team_poss|stl_pct|blk_pct|height_inches|resid_three_pct_shot_mix|resid_orb_pct_height|resid_three_share_height|resid_drb_pct_height,mins_per_game|eFG|three_share|orb_pct|drb_pct|three_pct|ft_pct,911.988548718994,0.3039961829063313,80,251,409.0,770,7.314446926116943,role_residual_context_only_height_025
k7__division_zscore__role_residual_context_only_height_025__method-nnls__init-aa_plus_plus__ninit-1,7,division_zscore,role_residual_context_only_height_025,nnls,aa_plus_plus,1,80,0.0001,usg|ast_pct|tov_pct|ast_tov|FTR|three_pa_per_100_team_poss|stl_pct|blk_pct|height_inches|resid_three_pct_shot_mix|resid_orb_pct_height|resid_three_share_height|resid_drb_pct_height,mins_per_game|eFG|three_share|orb_pct|drb_pct|three_pct|ft_pct,912.3111816706652,0.304103727223555,80,253,418.0,779,11.711736917495728,role_residual_context_only_height_025
k7__division_zscore__role_residual_context_only_height_025__method-nnls__init-furthest_first__ninit-1,7,division_zscore,role_residual_context_only_height_025,nnls,furthest_first,1,80,0.0001,usg|ast_pct|tov_pct|ast_tov|FTR|three_pa_per_100_team_poss|stl_pct|blk_pct|height_inches|resid_three_pct_shot_mix|resid_orb_pct_height|resid_three_share_height|resid_drb_pct_height,mins_per_game|eFG|three_share|orb_pct|drb_pct|three_pct|ft_pct,951.2983324417268,0.3170994441472423,76,75,354.0,813,12.804858922958374,role_residual_context_only_height_025
k8__division_zscore__role_residual_context_only_height_025__method-nnls__init-uniform__ninit-1,8,division_zscore,role_residual_context_only_height_025,nnls,uniform,1,80,0.0001,usg|ast_pct|tov_pct|ast_tov|FTR|three_pa_per_100_team_poss|stl_pct|blk_pct|height_inches|resid_three_pct_shot_mix|resid_orb_pct_height|resid_three_share_height|resid_drb_pct_height,mins_per_game|eFG|three_share|orb_pct|drb_pct|three_pct|ft_pct,824.7212633322054,0.2749070877774018,80,200,335.0,826,8.040263175964355,role_residual_context_only_height_025
k8__division_zscore__role_residual_context_only_height_025__method-nnls__init-aa_plus_plus__ninit-1,8,division_zscore,role_residual_context_only_height_025,nnls,aa_plus_plus,1,80,0.0001,usg|ast_pct|tov_pct|ast_tov|FTR|three_pa_per_100_team_poss|stl_pct|blk_pct|height_inches|resid_three_pct_shot_mix|resid_orb_pct_height|resid_three_share_height|resid_drb_pct_height,mins_per_game|eFG|three_share|orb_pct|drb_pct|three_pct|ft_pct,843.8708399353318,0.2812902799784439,78,193,356.0,567,7.2065510749816895,role_residual_context_only_height_025
k8__division_zscore__role_residual_context_only_height_025__method-nnls__init-furthest_sum__ninit-1,8,division_zscore,role_residual_context_only_height_025,nnls,furthest_sum,1,80,0.0001,usg|ast_pct|tov_pct|ast_tov|FTR|three_pa_per_100_team_poss|stl_pct|blk_pct|height_inches|resid_three_pct_shot_mix|resid_orb_pct_height|resid_three_share_height|resid_drb_pct_height,mins_per_game|eFG|three_share|orb_pct|drb_pct|three_pct|ft_pct,855.5342990706315,0.2851780996902105,80,153,343.5,736,7.149342060089111,role_residual_context_only_height_025
k8__division_zscore__role_residual_context_only_height_025__method-nnls__init-furthest_first__ninit-1,8,division_zscore,role_residual_context_only_height_025,nnls,furthest_first,1,80,0.0001,usg|ast_pct|tov_pct|ast_tov|FTR|three_pa_per_100_team_poss|stl_pct|blk_pct|height_inches|resid_three_pct_shot_mix|resid_orb_pct_height|resid_three_share_height|resid_drb_pct_height,mins_per_game|eFG|three_share|orb_pct|drb_pct|three_pct|ft_pct,883.8554633003682,0.2946184877667894,80,65,295.0,1004,6.385006904602051,role_residual_context_only_height_025
k6__division_zscore__role_residual_height_025__method-nnls__init-uniform__ninit-1,6,division_zscore,role_residual_height_025,nnls,uniform,1,80,0.0001,usg|ast_pct|tov_pct|ast_tov|FTR|three_share|three_pa_per_100_team_poss|orb_pct|drb_pct|stl_pct|blk_pct|height_inches|resid_three_pct_shot_mix|resid_orb_pct_height|resid_three_share_height|resid_drb_pct_height,mins_per_game|eFG|three_pct|ft_pct,1084.2186658235614,0.3614062219411871,39,202,476.5,821,4.362533092498779,role_residual_height_025
k6__division_zscore__role_residual_height_025__method-nnls__init-furthest_sum__ninit-1,6,division_zscore,role_residual_height_025,nnls,furthest_sum,1,80,0.0001,usg|ast_pct|tov_pct|ast_tov|FTR|three_share|three_pa_per_100_team_poss|orb_pct|drb_pct|stl_pct|blk_pct|height_inches|resid_three_pct_shot_mix|resid_orb_pct_height|resid_three_share_height|resid_drb_pct_height,mins_per_game|eFG|three_pct|ft_pct,1084.2257554860662,0.361408585162022,77,199,478.0,817,6.338906764984131,role_residual_height_025
k6__division_zscore__role_residual_height_025__method-nnls__init-aa_plus_plus__ninit-1,6,division_zscore,role_residual_height_025,nnls,aa_plus_plus,1,80,0.0001,usg|ast_pct|tov_pct|ast_tov|FTR|three_share|three_pa_per_100_team_poss|orb_pct|drb_pct|stl_pct|blk_pct|height_inches|resid_three_pct_shot_mix|resid_orb_pct_height|resid_three_share_height|resid_drb_pct_height,mins_per_game|eFG|three_pct|ft_pct,1084.2258438147892,0.3614086146049297,80,199,478.0,817,6.232671022415161,role_residual_height_025
k6__division_zscore__role_residual_height_025__method-nnls__init-furthest_first__ninit-1,6,division_zscore,role_residual_height_025,nnls,furthest_first,1,80,0.0001,usg|ast_pct|tov_pct|ast_tov|FTR|three_share|three_pa_per_100_team_poss|orb_pct|drb_pct|stl_pct|blk_pct|height_inches|resid_three_pct_shot_mix|resid_orb_pct_height|resid_three_share_height|resid_drb_pct_height,mins_per_game|eFG|three_pct|ft_pct,1168.4642374775206,0.3894880791591735,80,71,440.0,1003,6.057734727859497,role_residual_height_025
k7__division_zscore__role_residual_height_025__method-nnls__init-furthest_first__ninit-1,7,division_zscore,role_residual_height_025,nnls,furthest_first,1,80,0.0001,usg|ast_pct|tov_pct|ast_tov|FTR|three_share|three_pa_per_100_team_poss|orb_pct|drb_pct|stl_pct|blk_pct|height_inches|resid_three_pct_shot_mix|resid_orb_pct_height|resid_three_share_height|resid_drb_pct_height,mins_per_game|eFG|three_pct|ft_pct,986.5151318632048,0.3288383772877349,80,185,305.0,812,13.462469100952148,role_residual_height_025
k7__division_zscore__role_residual_height_025__method-nnls__init-uniform__ninit-1,7,division_zscore,role_residual_height_025,nnls,uniform,1,80,0.0001,usg|ast_pct|tov_pct|ast_tov|FTR|three_share|three_pa_per_100_team_poss|orb_pct|drb_pct|stl_pct|blk_pct|height_inches|resid_three_pct_shot_mix|resid_orb_pct_height|resid_three_share_height|resid_drb_pct_height,mins_per_game|eFG|three_pct|ft_pct,986.6391324835688,0.3288797108278563,80,184,306.0,813,6.131342887878418,role_residual_height_025
k7__division_zscore__role_residual_height_025__method-nnls__init-aa_plus_plus__ninit-1,7,division_zscore,role_residual_height_025,nnls,aa_plus_plus,1,80,0.0001,usg|ast_pct|tov_pct|ast_tov|FTR|three_share|three_pa_per_100_team_poss|orb_pct|drb_pct|stl_pct|blk_pct|height_inches|resid_three_pct_shot_mix|resid_orb_pct_height|resid_three_share_height|resid_drb_pct_height,mins_per_game|eFG|three_pct|ft_pct,996.1053298250137,0.3320351099416712,80,255,432.0,727,11.91898512840271,role_residual_height_025
k7__division_zscore__role_residual_height_025__method-nnls__init-furthest_sum__ninit-1,7,division_zscore,role_residual_height_025,nnls,furthest_sum,1,80,0.0001,usg|ast_pct|tov_pct|ast_tov|FTR|three_share|three_pa_per_100_team_poss|orb_pct|drb_pct|stl_pct|blk_pct|height_inches|resid_three_pct_shot_mix|resid_orb_pct_height|resid_three_share_height|resid_drb_pct_height,mins_per_game|eFG|three_pct|ft_pct,1006.9405242874712,0.3356468414291571,80,45,420.0,826,6.949492931365967,role_residual_height_025
k8__division_zscore__role_residual_height_025__method-nnls__init-aa_plus_plus__ninit-1,8,division_zscore,role_residual_height_025,nnls,aa_plus_plus,1,80,0.0001,usg|ast_pct|tov_pct|ast_tov|FTR|three_share|three_pa_per_100_team_poss|orb_pct|drb_pct|stl_pct|blk_pct|height_inches|resid_three_pct_shot_mix|resid_orb_pct_height|resid_three_share_height|resid_drb_pct_height,mins_per_game|eFG|three_pct|ft_pct,911.9938792295302,0.3039979597431767,79,173,286.5,774,7.534749984741211,role_residual_height_025
k8__division_zscore__role_residual_height_025__method-nnls__init-uniform__ninit-1,8,division_zscore,role_residual_height_025,nnls,uniform,1,80,0.0001,usg|ast_pct|tov_pct|ast_tov|FTR|three_share|three_pa_per_100_team_poss|orb_pct|drb_pct|stl_pct|blk_pct|height_inches|resid_three_pct_shot_mix|resid_orb_pct_height|resid_three_share_height|resid_drb_pct_height,mins_per_game|eFG|three_pct|ft_pct,920.8505926515782,0.306950197550526,80,69,291.0,782,8.447076797485352,role_residual_height_025
k8__division_zscore__role_residual_height_025__method-nnls__init-furthest_first__ninit-1,8,division_zscore,role_residual_height_025,nnls,furthest_first,1,80,0.0001,usg|ast_pct|tov_pct|ast_tov|FTR|three_share|three_pa_per_100_team_poss|orb_pct|drb_pct|stl_pct|blk_pct|height_inches|resid_three_pct_shot_mix|resid_orb_pct_height|resid_three_share_height|resid_drb_pct_height,mins_per_game|eFG|three_pct|ft_pct,939.35133162645,0.31311711054215,80,75,228.0,898,6.353474140167236,role_residual_height_025
k8__division_zscore__role_residual_height_025__method-nnls__init-furthest_sum__ninit-1,8,division_zscore,role_residual_height_025,nnls,furthest_sum,1,80,0.0001,usg|ast_pct|tov_pct|ast_tov|FTR|three_share|three_pa_per_100_team_poss|orb_pct|drb_pct|stl_pct|blk_pct|height_inches|resid_three_pct_shot_mix|resid_orb_pct_height|resid_three_share_height|resid_drb_pct_height,mins_per_game|eFG|three_pct|ft_pct,945.0503586940882,0.3150167862313627,80,60,214.0,1017,6.293514966964722,role_residual_height_025
