version,k,archetype_id,basketball_label,junk_flag,fragile_flag,junk_reason,rows,share,d1_rows,d2_rows,label_rationale,run_id,scaling_mode,feature_set,method,init,rss_per_row,rss_per_row_per_feature,feature_count,excluded_features,mean_membership_weight,top_z_features,bottom_z_features,usg_mean,usg_median,usg_z,ast_pct_mean,ast_pct_median,ast_pct_z,tov_pct_mean,tov_pct_median,tov_pct_z,ast_tov_mean,ast_tov_median,ast_tov_z,FTR_mean,FTR_median,FTR_z,three_share_mean,three_share_median,three_share_z,three_pa_per_100_team_poss_mean,three_pa_per_100_team_poss_median,three_pa_per_100_team_poss_z,orb_pct_mean,orb_pct_median,orb_pct_z,drb_pct_mean,drb_pct_median,drb_pct_z,stl_pct_mean,stl_pct_median,stl_pct_z,blk_pct_mean,blk_pct_median,blk_pct_z,eFG_mean,eFG_median,eFG_z,three_pct_mean,three_pct_median,three_pct_z,ft_pct_mean,ft_pct_median,ft_pct_z,height_inches_mean,height_inches_median,height_inches_z,resid_three_pct_shot_mix_mean,resid_three_pct_shot_mix_median,resid_three_pct_shot_mix_z,resid_orb_pct_height_mean,resid_orb_pct_height_median,resid_orb_pct_height_z,resid_three_share_height_mean,resid_three_share_height_median,resid_three_share_height_z,resid_drb_pct_height_mean,resid_drb_pct_height_median,resid_drb_pct_height_z
quality_lite_residual_height_025,6,1,Low-usage connector spacer,False,False,,446,0.1486666666666666,234,212,Top: ast_tov=3.50; three_share=1.58; resid_three_share_height=1.43; three_pa_per_100_team_poss=1.01; three_pct=0.47. Bottom: FTR=-1.37; usg=-1.38; drb_pct=-1.40; height_inches=-1.46; tov_pct=-1.55.,k6__division_zscore__quality_lite_residual_height_025__method-nnls__init-uniform__ninit-1,division_zscore,quality_lite_residual_height_025,nnls,uniform,0.3943301221227731,,19,mins_per_game,0.4718340729331904,ast_tov=3.50; three_share=1.58; resid_three_share_height=1.43; three_pa_per_100_team_poss=1.01; three_pct=0.47,tov_pct=-1.55; height_inches=-1.46; drb_pct=-1.40; usg=-1.38; FTR=-1.37,15.144254582959642,14.973354,-1.380334457695357,12.576751524663676,12.0644,0.3117777849518476,13.79382792825112,13.7522975,-1.553533295854352,2.0842471676681615,1.800231065,3.495419224014029,22.30602196412556,21.759091,-1.3748165480935366,0.5619923744394618,0.5670765,1.581246730178274,7.336415551569507,6.94533,1.0084927072148346,3.273682820627802,2.7,-0.8951814337861626,9.94447429147982,9.4048625,-1.4019673336842986,2.0079866412556053,1.8,0.383605190241355,0.7786445336322869,0.5121534999999999,-0.7746397737188725,48.93877728251121,50.0,-0.0330740971054518,0.3291312937219731,0.333,0.4739070711161177,0.69266782735426,0.743,-0.0552005443966511,74.7847533632287,75.0,-1.4642768879533137,0.0079466883847356,0.0100528408264108,0.2137822676091966,-0.4382424583870677,-0.6436760130819184,-0.312613193175199,0.1251290624390854,0.1189999376804814,1.4323337393501538,-1.3038669508268617,-1.5452297641102746,-0.8177319158463856
quality_lite_residual_height_025,6,2,Foul-drawing paint finisher,False,False,,318,0.106,171,147,Top: FTR=3.50; tov_pct=0.69; height_inches=0.59; eFG=0.45; orb_pct=0.44. Bottom: resid_drb_pct_height=-1.34; three_pa_per_100_team_poss=-1.36; three_share=-1.38; three_pct=-1.40; usg=-1.54.,k6__division_zscore__quality_lite_residual_height_025__method-nnls__init-uniform__ninit-1,division_zscore,quality_lite_residual_height_025,nnls,uniform,0.3943301221227731,,19,mins_per_game,0.4879865237314554,FTR=3.50; tov_pct=0.69; height_inches=0.59; eFG=0.45; orb_pct=0.44,usg=-1.54; three_pct=-1.40; three_share=-1.38; three_pa_per_100_team_poss=-1.36; resid_drb_pct_height=-1.34,15.546542836477986,15.05,-1.5368661058708766,7.344818864779873,6.7,-1.1709353923820771,19.62127458490566,18.786908,0.6852528283763948,0.835222166446541,0.71132787,-0.8001309029189754,64.67750789308175,58.523828,3.4997022731444725,0.1616271886792452,0.1116305,-1.3800085480304811,1.669823296855346,1.049265,-1.3623279148173728,7.340367292452831,7.3,0.4430620101253498,12.7886105,12.9,-0.8640568312829126,1.647696279874214,1.4,-0.8722191899587683,2.194503018867924,1.7,-0.0144106784964354,52.170622330188685,52.55,0.4488247244411774,0.1892770974842767,0.143,-1.3993394072387346,0.6056691226415094,0.6134515,-0.9073823475400592,78.58176100628931,79.0,0.5920502330926678,-0.0005364789211721,-0.0114097363083164,-0.0696715970227053,0.7919045780860586,0.5019910403185657,-0.0135436809982765,-0.1563073577846251,-0.1708682029086358,-1.157645943001003,-1.8025000383861065,-1.739667159530625,-1.3387709860681285
quality_lite_residual_height_025,6,3,Small lead creator,False,False,,773,0.2576666666666666,423,350,Top: ast_pct=2.59; usg=2.09; stl_pct=1.74; resid_drb_pct_height=0.96; ft_pct=0.84. Bottom: three_share=-0.43; blk_pct=-0.65; orb_pct=-0.68; resid_three_share_height=-0.90; height_inches=-1.50.,k6__division_zscore__quality_lite_residual_height_025__method-nnls__init-uniform__ninit-1,division_zscore,quality_lite_residual_height_025,nnls,uniform,0.3943301221227731,,19,mins_per_game,0.5055253658617865,ast_pct=2.59; usg=2.09; stl_pct=1.74; resid_drb_pct_height=0.96; ft_pct=0.84,height_inches=-1.50; resid_three_share_height=-0.90; orb_pct=-0.68; blk_pct=-0.65; three_share=-0.43,22.772296478654592,22.675874,2.094971717129966,18.91701030012937,18.463339,2.5909084127286524,18.656535445019404,17.9,0.445406435222181,1.3299608414489,1.26829265,0.2918435777905931,35.11939906080207,33.5,0.5552626403284584,0.3443826998706338,0.34375,-0.4279525867779374,6.092961391979302,5.79519,0.0376892044907412,3.37866812160414,2.775062,-0.6817626408939089,11.953447456662357,11.329143,0.0161901561513038,2.481114464424321,2.30117,1.7443876183757496,0.8970065071151359,0.60563,-0.6475268272083217,48.34474591203105,48.3,-0.3837093846451637,0.3156525679172057,0.325,0.3815058709587745,0.7400619689521345,0.753,0.8421534776089771,74.41397153945667,74.0,-1.501066071362047,0.0043445705883974,0.002614260666277,0.1663438921169637,-0.069286932497811,-0.2801377726750862,0.15198384476493,-0.09920298809286,-0.0984207625994694,-0.8994414062134817,1.0345291214612906,0.7838043478260879,0.9555677334722702
quality_lite_residual_height_025,6,4,Low-usage turnover/noise bucket,True,False,Dominated by very high TOV% with low usage and no strong positive role or residual signal.,150,0.05,78,72,Top: tov_pct=3.80; blk_pct=0.17; stl_pct=0.15; height_inches=-0.34; resid_drb_pct_height=-0.57. Bottom: FTR=-1.75; usg=-1.96; three_pct=-1.99; eFG=-2.72; ft_pct=-3.47.,k6__division_zscore__quality_lite_residual_height_025__method-nnls__init-uniform__ninit-1,division_zscore,quality_lite_residual_height_025,nnls,uniform,0.3943301221227731,,19,mins_per_game,0.4339951567489775,tov_pct=3.80; blk_pct=0.17; stl_pct=0.15; height_inches=-0.34; resid_drb_pct_height=-0.57,ft_pct=-3.47; eFG=-2.72; three_pct=-1.99; usg=-1.96; FTR=-1.75,13.667824513333333,13.475617,-1.9599895025202287,8.986495673333332,8.25,-0.9913082304201736,29.137398553333338,27.218521000000003,3.804533528200363,0.7903125895333334,0.739865,-0.8868992334710337,22.318664633333334,23.4313725,-1.749397578655454,0.2886928533333333,0.251012,-1.291603436614581,2.870809823333333,2.64696,-1.3326770231100562,4.295837500000001,4.1413495000000005,-0.8731790913890336,11.425594293333331,11.4,-0.7318834864407915,1.7173944,1.6,0.1452590402108408,1.5787829333333336,1.124308,0.1683613539525668,41.084352980000006,42.3,-2.720721345110539,0.1826662133333333,0.195,-1.985432189291597,0.5018916933333334,0.5,-3.4681256949647485,76.68666666666667,77.0,-0.3446514183162966,-0.0490883416177589,-0.0505659516819571,-0.8286903932478856,-0.7796837498819807,-1.1424199814814415,-0.7751160255400142,-0.0918892123733986,-0.1239175669944032,-1.401044356999962,-1.4541791957211838,-1.5603315309727304,-0.570279621074059
quality_lite_residual_height_025,6,5,High-volume spacer for size,False,False,,761,0.2536666666666666,414,347,Top: three_pa_per_100_team_poss=2.48; resid_three_share_height=2.38; three_share=1.91; height_inches=0.94; ft_pct=0.91. Bottom: stl_pct=-1.06; ast_pct=-1.39; ast_tov=-1.45; tov_pct=-1.52; resid_orb_pct_height=-1.62.,k6__division_zscore__quality_lite_residual_height_025__method-nnls__init-uniform__ninit-1,division_zscore,quality_lite_residual_height_025,nnls,uniform,0.3943301221227731,,19,mins_per_game,0.461036528191439,three_pa_per_100_team_poss=2.48; resid_three_share_height=2.38; three_share=1.91; height_inches=0.94; ft_pct=0.91,resid_orb_pct_height=-1.62; tov_pct=-1.52; ast_tov=-1.45; ast_pct=-1.39; stl_pct=-1.06,18.690502023653085,18.590479,0.611651265413333,7.645230913272011,7.4,-1.394422039734094,14.599281839684624,14.2,-1.5194327038821482,0.859783740565046,0.84991999,-1.4469854017377544,22.387976211563736,22.222222,-0.9500512231324466,0.5745492509855453,0.57047,1.914231571278525,9.27579379106439,9.00802,2.4788451448285085,3.856331296977661,3.5,-0.6741351290595093,12.042118725361366,11.7,-0.2549545844740194,1.5109473810775298,1.494411,-1.0596748755666032,1.414319482260184,1.1,0.0523618289956636,50.21959651642576,51.1,0.6979262288142046,0.3394587174770039,0.347826,0.8386276518351636,0.7257930052562418,0.75,0.9149149317081652,77.45860709592641,78.0,0.9407800312697304,0.0056491245642303,0.010327536231884,0.4815109303463258,-1.7652177024680182,-1.7149979448818886,-1.62098440132193,0.2109554249131207,0.1957268234972677,2.3763034331123247,-1.5433692418820906,-1.710943579766537,-1.0274527782542402
quality_lite_residual_height_025,6,6,Interior rim protector / rebounder big,False,False,,552,0.184,308,244,Top: blk_pct=3.05; drb_pct=2.72; orb_pct=2.70; resid_drb_pct_height=2.61; resid_orb_pct_height=2.59. Bottom: ast_tov=-1.02; resid_three_share_height=-1.06; three_pa_per_100_team_poss=-1.44; three_share=-1.55; three_pct=-1.88.,k6__division_zscore__quality_lite_residual_height_025__method-nnls__init-uniform__ninit-1,division_zscore,quality_lite_residual_height_025,nnls,uniform,0.3943301221227731,,19,mins_per_game,0.4768258023438629,blk_pct=3.05; drb_pct=2.72; orb_pct=2.70; resid_drb_pct_height=2.61; resid_orb_pct_height=2.59,three_pct=-1.88; three_share=-1.55; three_pa_per_100_team_poss=-1.44; resid_three_share_height=-1.06; ast_tov=-1.02,19.645689605072462,19.4,0.9120080561341748,8.71776106884058,8.101391,-0.690105193543579,17.145430947463765,16.6333335,-0.7360982892849987,0.7916294059239131,0.7,-1.0204204016810912,38.655210449275366,37.849999999999994,0.1743579251910251,0.1316297626811594,0.0866484999999999,-1.553887571067119,2.037165619021739,1.279675,-1.4447041408412449,10.091905755434782,9.683448,2.701013800795096,18.687240454710143,18.55,2.722850493123586,1.570395856884058,1.5,-0.665199028243921,4.372746954710145,3.7142595,3.047496137907143,53.9776015652174,54.150000000000006,0.9210105381865966,0.185664768115942,0.2,-1.8808578342637403,0.6198246992753623,0.636364,-0.35873442650111,80.01086956521739,80.0,1.750063553913008,-0.0062117154806949,-0.0114097363083164,-0.1127401570581661,2.439786730310179,1.8620739529119328,2.593938004655391,-0.1298073727899394,-0.1513012764180968,-1.0592065371046704,2.881681055562757,2.738391823237868,2.605224837807154
quality_lite_residual_height_025,7,1,Small lead creator,False,False,,731,0.2436666666666666,408,323,Top: ast_pct=2.74; usg=1.99; stl_pct=1.59; ft_pct=0.88; ast_tov=0.68. Bottom: drb_pct=-0.33; blk_pct=-0.56; resid_three_share_height=-0.70; orb_pct=-0.91; height_inches=-1.60.,k7__division_zscore__quality_lite_residual_height_025__method-nnls__init-aa_plus_plus__ninit-1,division_zscore,quality_lite_residual_height_025,nnls,aa_plus_plus,0.366285016296777,,19,mins_per_game,0.5093574926750019,ast_pct=2.74; usg=1.99; stl_pct=1.59; ft_pct=0.88; ast_tov=0.68,height_inches=-1.60; orb_pct=-0.91; resid_three_share_height=-0.70; blk_pct=-0.56; drb_pct=-0.33,22.571731430916554,22.3,1.993449025451276,19.60605730916553,19.0,2.739879552357096,18.62341041997264,17.942584,0.2313271628043512,1.4054129204377566,1.337349,0.679185858360089,34.364141958960325,32.505643,0.3405792149553272,0.3545434309165526,0.354749,-0.2568332268589117,6.243580222982216,5.96766,0.252796403038613,3.011180779753762,2.540578,-0.9110381268127842,11.380662838577289,10.9,-0.3279978147671192,2.4952059192886455,2.312643,1.5940161385715887,0.8734756908344733,0.591565,-0.5608610966791047,48.496100649794805,48.461538,-0.2717459486579012,0.318533024623803,0.328,0.4779315970561705,0.7450549562243503,0.757,0.8836353797480249,74.18331053351574,74.0,-1.600267553163692,0.0063491765584317,0.0041103491525423,0.2086241827465455,-0.3009803577012121,-0.3801377726750863,-0.1131065026435809,-0.0920629828480001,-0.0931696931942919,-0.6989180584597313,0.6528137244354891,0.3534035922570009,0.5699598124885707
quality_lite_residual_height_025,7,2,High-volume spacer for size,False,False,,730,0.2433333333333333,398,332,Top: three_pa_per_100_team_poss=2.49; resid_three_share_height=2.34; three_share=1.91; ft_pct=0.87; height_inches=0.87. Bottom: resid_drb_pct_height=-0.99; ast_pct=-1.39; ast_tov=-1.52; tov_pct=-1.53; resid_orb_pct_height=-1.64.,k7__division_zscore__quality_lite_residual_height_025__method-nnls__init-aa_plus_plus__ninit-1,division_zscore,quality_lite_residual_height_025,nnls,aa_plus_plus,0.366285016296777,,19,mins_per_game,0.4555683778150854,three_pa_per_100_team_poss=2.49; resid_three_share_height=2.34; three_share=1.91; ft_pct=0.87; height_inches=0.87,resid_orb_pct_height=-1.64; tov_pct=-1.53; ast_tov=-1.52; ast_pct=-1.39; resid_drb_pct_height=-0.99,18.881026563013695,18.7,0.740006971321893,7.605187764383561,7.3834365,-1.3917212863016757,14.624240326027396,14.2662755,-1.5320987181483952,0.841066314260274,0.836362345,-1.5248527485744807,22.2040535,21.9348485,-0.9303797428601563,0.5741905205479453,0.5689154999999999,1.914463220765945,9.38168947671233,9.123795,2.4889594573953486,3.767583423287671,3.4,-0.7533684296909445,11.92835803150685,11.5,-0.2841868190176362,1.5214819479452055,1.4957525,-0.992858214999623,1.3678396356164384,1.1,0.1613401250969271,49.72312880821918,50.3835975,0.5364470982553619,0.3369647506849315,0.346,0.7689947158477838,0.7234581205479451,0.75,0.8723256737690441,77.33013698630137,77.0,0.8722082256609552,0.0023804207131284,0.0066922863485015,0.3813440206669412,-1.7493016216165322,-1.6501909864418411,-1.6401235146072275,0.2061121826109285,0.1926561638490155,2.3430150635896982,-1.535666826623688,-1.708617329789372,-0.993631231108868
quality_lite_residual_height_025,7,3,Foul-drawing paint finisher,False,False,,205,0.0683333333333333,110,95,Top: FTR=3.53; tov_pct=0.95; height_inches=0.30; blk_pct=0.04; orb_pct=-0.05. Bottom: three_pa_per_100_team_poss=-1.33; drb_pct=-1.34; resid_drb_pct_height=-1.56; usg=-1.59; three_pct=-1.67.,k7__division_zscore__quality_lite_residual_height_025__method-nnls__init-aa_plus_plus__ninit-1,division_zscore,quality_lite_residual_height_025,nnls,aa_plus_plus,0.366285016296777,,19,mins_per_game,0.4730010463555472,FTR=3.53; tov_pct=0.95; height_inches=0.30; blk_pct=0.04; orb_pct=-0.05,three_pct=-1.67; usg=-1.59; resid_drb_pct_height=-1.56; drb_pct=-1.34; three_pa_per_100_team_poss=-1.33,14.958731317073171,14.1,-1.5929381509560925,7.466695931707317,7.0,-1.264401394255131,20.503099024390245,20.1,0.9501292364749776,0.8430269788780487,0.71432241,-1.0169257575389583,70.03966741951218,61.5,3.528644330359592,0.1856840146341463,0.133333,-1.2730081739593844,1.8036622604878048,1.20748,-1.33237134043949,6.311994302439024,6.1,-0.0456665734828188,11.811354048780489,11.6,-1.3367953405996862,1.727735278048781,1.484613,-0.9564851642220398,1.9105152439024389,1.4,0.0438543449406277,50.43740819512195,50.581395,-0.2130052854779104,0.1810730243902439,0.118,-1.6738410595732371,0.6234333512195122,0.633,-0.8687188876464322,78.02926829268293,78.0,0.3010956291327422,-0.0117378065750459,-0.0114097363083164,-0.4780551114053111,0.1877017317071672,-0.0761511618677026,-0.4115610859325689,-0.1512878623408375,-0.1727699118881119,-1.1787018288615594,-2.291785276879424,-1.884644808743172,-1.5598413533485511
quality_lite_residual_height_025,7,4,Interior scorer / rebounder,False,False,,471,0.157,247,224,Top: resid_orb_pct_height=2.93; orb_pct=2.77; resid_drb_pct_height=2.65; drb_pct=2.57; FTR=1.40. Bottom: tov_pct=-0.62; ast_tov=-0.90; three_pa_per_100_team_poss=-1.23; resid_three_share_height=-1.26; three_share=-1.35.,k7__division_zscore__quality_lite_residual_height_025__method-nnls__init-aa_plus_plus__ninit-1,division_zscore,quality_lite_residual_height_025,nnls,aa_plus_plus,0.366285016296777,,19,mins_per_game,0.4506954290952387,resid_orb_pct_height=2.93; orb_pct=2.77; resid_drb_pct_height=2.65; drb_pct=2.57; FTR=1.40,three_share=-1.35; resid_three_share_height=-1.26; three_pa_per_100_team_poss=-1.23; ast_tov=-0.90; tov_pct=-0.62,20.72961802760085,20.5,1.3912135461151611,9.300464097664545,8.6,-0.3580128577791054,16.452895244161358,15.831894,-0.6199707203204865,0.8271983861146498,0.76923935,-0.8959089015149168,43.44148967091295,42.2,1.4041296451801164,0.1734648386411889,0.148289,-1.3457456179187055,2.753187256475584,2.383959,-1.2255833586302824,9.90051083014862,9.358873,2.772573928538177,18.61376436730361,18.2,2.5705294126046168,1.755321932059448,1.607197,-0.0984890346430624,2.58016350955414,2.312745,0.7999138307473722,52.51944822929936,53.0,0.7184541538660244,0.2376037558386412,0.267,-0.3436820920233218,0.642100889596603,0.66,-0.1061451244290191,79.02972399150742,79.0,1.2186683439203332,0.0097979107917229,-0.0107705938864628,1.0159799678608192,2.9735239801605786,2.653715898400752,2.9252020273149855,-0.1313640856775514,-0.15068960724365,-1.2613307194603998,3.5485181037515092,3.3678105697615415,2.6526743539240414
quality_lite_residual_height_025,7,5,Mixed role archetype,False,False,,265,0.0883333333333333,156,109,Top: blk_pct=3.96; height_inches=2.00; eFG=1.82; orb_pct=1.33; drb_pct=1.02. Bottom: stl_pct=-0.98; ast_tov=-0.99; three_pa_per_100_team_poss=-1.46; three_share=-1.56; three_pct=-1.98.,k7__division_zscore__quality_lite_residual_height_025__method-nnls__init-aa_plus_plus__ninit-1,division_zscore,quality_lite_residual_height_025,nnls,aa_plus_plus,0.366285016296777,,19,mins_per_game,0.4819456209533383,blk_pct=3.96; height_inches=2.00; eFG=1.82; orb_pct=1.33; drb_pct=1.02,three_pct=-1.98; three_share=-1.56; three_pa_per_100_team_poss=-1.46; ast_tov=-0.99; stl_pct=-0.98,17.186167215094336,17.1,-0.5152179916431969,7.560106550943397,6.743749,-0.7353233856067481,18.914450826415095,18.3,0.5350718385246518,0.7368667751320754,0.641975,-0.9854291692761568,36.807051505660375,35.714286,-0.2277161930174941,0.098655479245283,0.028169,-1.563340632271935,1.3474597996226416,0.317554,-1.455153936214714,9.163722173584905,8.848374,1.3270644806364216,16.25564149056604,16.231176,1.0193761740094454,1.3344505169811318,1.2,-0.9827717536104962,6.2373063735849055,5.897239,3.959532284485779,56.438747116981126,56.222222,1.8246502496661372,0.1349718339622641,0.0,-1.9835792809131143,0.5898554566037735,0.591,-0.8822278007701193,80.99245283018868,81.0,1.9996609361865336,-0.0162714442603998,-0.0114097363083164,-0.346256803765769,0.8346448059874619,0.5019910403185657,0.1017539943293487,-0.1195937199943719,-0.1473896136107986,-0.5591082373061051,-0.2142902583703663,-0.0637347130761991,-0.0628251963136757
quality_lite_residual_height_025,7,6,High-volume spacer for size,False,False,,414,0.138,222,192,Top: ast_tov=3.48; three_share=1.72; resid_three_share_height=1.66; three_pa_per_100_team_poss=1.06; three_pct=0.66. Bottom: height_inches=-1.17; drb_pct=-1.22; FTR=-1.26; usg=-1.44; tov_pct=-1.69.,k7__division_zscore__quality_lite_residual_height_025__method-nnls__init-aa_plus_plus__ninit-1,division_zscore,quality_lite_residual_height_025,nnls,aa_plus_plus,0.366285016296777,,19,mins_per_game,0.4665533421295215,ast_tov=3.48; three_share=1.72; resid_three_share_height=1.66; three_pa_per_100_team_poss=1.06; three_pct=0.66,tov_pct=-1.69; usg=-1.44; FTR=-1.26; drb_pct=-1.22; height_inches=-1.17,14.95988943478261,14.8124425,-1.43744525575608,11.91948636714976,11.5199215,0.0566080140966113,13.107995374396136,12.9698075,-1.694938562176471,2.1021003055072462,1.797703245,3.4839866005238624,22.538604272946863,21.952381000000003,-1.2612517039249684,0.5754665990338164,0.5877075,1.7216851538095426,7.462901577294685,7.041365,1.0559427373029662,3.3948190507246374,2.9,-0.8517090131796441,10.249198601449276,9.7025265,-1.2219846743965652,1.883354611111111,1.8,0.3427343338691191,0.8748256425120773,0.6,-0.8345865276620695,50.16433896618357,50.7738095,0.2399760019410056,0.3384337342995168,0.3425,0.6620326243262442,0.7005848164251208,0.7435,-0.0303646432030781,75.22222222222223,75.0,-1.1665857391559324,0.0161927632142276,0.0206531921764023,0.3944682826743833,-0.5952274609130972,-0.7227510234302899,-0.4380891627000179,0.1483034738507358,0.1453658267165007,1.658537327395202,-1.3534852352129445,-1.7061407486134643,-0.7733926347681368
quality_lite_residual_height_025,7,7,Low-usage turnover/noise bucket,True,False,Dominated by very high TOV% with low usage and no strong positive role or residual signal.,184,0.0613333333333333,87,97,Top: tov_pct=3.68; stl_pct=0.35; resid_drb_pct_height=0.12; resid_orb_pct_height=0.07; ast_tov=-0.32. Bottom: FTR=-1.74; three_pct=-1.87; usg=-1.98; eFG=-2.94; ft_pct=-3.25.,k7__division_zscore__quality_lite_residual_height_025__method-nnls__init-aa_plus_plus__ninit-1,division_zscore,quality_lite_residual_height_025,nnls,aa_plus_plus,0.366285016296777,,19,mins_per_game,0.4189364894369921,tov_pct=3.68; stl_pct=0.35; resid_drb_pct_height=0.12; resid_orb_pct_height=0.07; ast_tov=-0.32,ft_pct=-3.25; eFG=-2.94; usg=-1.98; three_pct=-1.87; FTR=-1.74,13.903185364130437,13.6079895,-1.98070403986372,9.852336510869565,8.793345500000001,-0.8681093041316446,27.593253532608696,26.3678315,3.6831768417441135,0.889950633423913,0.85701018,-0.3180613168983012,22.570018690217392,23.076923,-1.736630973934754,0.3204622010869565,0.2894784999999999,-1.04962622665404,3.266357328804347,3.138349,-1.2216276197839229,4.420302005434783,4.251127,-0.534268713711261,11.787973211956524,11.8003395,-0.4751776518982513,1.971585125,1.6231765,0.3527275368217119,1.1215979891304348,0.734539,-0.8304217426523489,40.29171956521739,42.089217000000005,-2.938387331957365,0.1926887336956521,0.2075,-1.8694506718727728,0.5109197391304349,0.529,-3.25045628942922,75.96195652173913,76.0,-0.8992836382790378,-0.058372557981719,-0.0526857637390857,-0.6789601699060739,-0.1492867800212844,-0.3968739248781389,0.0747885057048448,-0.0840473917740132,-0.1050543435868393,-1.3037651670916774,-0.5301515192022491,-0.8062910798122065,0.1218500646898975
quality_lite_residual_height_025,8,1,Small lead creator,False,False,,529,0.1763333333333333,307,222,Top: ast_pct=3.03; usg=1.93; ast_tov=1.76; ft_pct=1.06; three_pct=0.61. Bottom: FTR=-0.60; resid_three_share_height=-0.67; drb_pct=-0.69; orb_pct=-0.93; height_inches=-1.78.,k8__division_zscore__quality_lite_residual_height_025__method-nnls__init-aa_plus_plus__ninit-1,division_zscore,quality_lite_residual_height_025,nnls,aa_plus_plus,0.3498785561307565,,19,mins_per_game,0.4419119229795171,ast_pct=3.03; usg=1.93; ast_tov=1.76; ft_pct=1.06; three_pct=0.61,height_inches=-1.78; orb_pct=-0.93; drb_pct=-0.69; resid_three_share_height=-0.67; FTR=-0.60,22.470150158790172,22.390903,1.932280078227248,20.182629809073724,19.366762,3.0284158216448316,17.686163224952743,17.137961,-0.3267678964234433,1.5403402097920604,1.46268451,1.7632999073136433,29.52331346691871,28.3,-0.5975112392668955,0.3697964026465028,0.365462,-0.1874450175177546,6.6753846049149335,6.3108,0.6034304409086385,2.7589870926275992,2.232547,-0.9299324080068816,10.637007463137996,10.3,-0.6911673233026706,1.905019291115312,1.876077,-0.4116250298888058,0.6658916786389415,0.5,-0.5673799408263763,48.12406943289224,48.2,0.0991852277198477,0.3301094253308128,0.333,0.6078916148066438,0.7595038960302457,0.768,1.0589770139720596,73.86767485822307,74.0,-1.782724173418246,0.0123009283841389,0.0079080118694362,0.36272976265265,-0.3897673378880866,-0.4794565217391302,-0.1605697134705246,-0.0800259803927216,-0.08784532,-0.6717952475304731,0.1357764489623018,-0.1376000000000008,0.1974306223832924
quality_lite_residual_height_025,8,2,High-volume spacer for size,False,False,,752,0.2506666666666666,405,347,Top: three_pa_per_100_team_poss=2.47; resid_three_share_height=2.41; three_share=1.89; three_pct=0.93; ft_pct=0.92. Bottom: resid_drb_pct_height=-1.06; tov_pct=-1.18; ast_pct=-1.41; ast_tov=-1.42; resid_orb_pct_height=-1.87.,k8__division_zscore__quality_lite_residual_height_025__method-nnls__init-aa_plus_plus__ninit-1,division_zscore,quality_lite_residual_height_025,nnls,aa_plus_plus,0.3498785561307565,,19,mins_per_game,0.4366160202801528,three_pa_per_100_team_poss=2.47; resid_three_share_height=2.41; three_share=1.89; three_pct=0.93; ft_pct=0.92,resid_orb_pct_height=-1.87; ast_tov=-1.42; ast_pct=-1.41; tov_pct=-1.18; resid_drb_pct_height=-1.06,18.844093188829785,18.7,0.596062102594042,8.02654820212766,7.7451985,-1.4059499991924638,14.842563390957446,14.3482935,-1.1842635903492953,0.8816075301329788,0.8687458,-1.4199472167916103,23.0090772712766,22.55,-0.7363357564125947,0.5795232034574468,0.573135,1.8859517530328405,9.377459839095744,9.1050655,2.4717188401123007,3.5358692566489363,3.249362,-0.865078743937556,11.99526396675532,11.7118745,-0.2893161855775607,1.5776562712765958,1.501228,-0.949197677587263,1.3433783550531917,1.0411465,-0.0856540657882089,51.04760397739362,51.6,0.8676510482855407,0.3480098510638297,0.351,0.9280358994308456,0.7384017300531914,0.7583105,0.9162543017130031,77.22606382978724,77.0,0.9077052281756132,0.0133492306229191,0.0161154866334705,0.5997242978279393,-1.903030233174228,-1.8087086194744475,-1.865168139280132,0.2073543607612196,0.1917406483147429,2.409461446516324,-1.3876542319328709,-1.5487095716573285,-1.0634061325521131
quality_lite_residual_height_025,8,3,High-volume spacer for size,False,False,,312,0.104,166,146,Top: ast_tov=3.61; three_share=2.22; resid_three_share_height=2.14; three_pa_per_100_team_poss=1.57; stl_pct=0.55. Bottom: height_inches=-1.38; usg=-1.42; drb_pct=-1.49; FTR=-1.57; tov_pct=-1.87.,k8__division_zscore__quality_lite_residual_height_025__method-nnls__init-aa_plus_plus__ninit-1,division_zscore,quality_lite_residual_height_025,nnls,aa_plus_plus,0.3498785561307565,,19,mins_per_game,0.43774446051854,ast_tov=3.61; three_share=2.22; resid_three_share_height=2.14; three_pa_per_100_team_poss=1.57; stl_pct=0.55,tov_pct=-1.87; FTR=-1.57; drb_pct=-1.49; usg=-1.42; height_inches=-1.38,14.34891226923077,14.356813,-1.4244554388695974,11.307445977564102,10.6526545,-0.017912247936781,12.690520221153848,12.6,-1.8711763434097368,2.188153817564103,1.885620915,3.60520392568149,20.277894073717945,20.0,-1.574525404977688,0.6154378653846154,0.619294,2.2210838521159677,7.848042227564103,7.604885,1.566744285944725,3.484286471153846,3.052853,-0.960761936427254,9.996507285256412,9.428649,-1.4887718679637758,1.9696333525641023,1.9,0.5535635627583398,0.8079232692307692,0.5,-0.8906493415754543,48.40182205128205,49.610606,0.007702670441715,0.3225982147435897,0.3271365,0.4479379932359498,0.6650834134615384,0.714,-0.838860595565581,74.97435897435898,75.0,-1.3801554352053065,-0.0022414790292898,-0.0016981413873215,-0.0394675738013153,-0.3556936276311935,-0.6257142366500936,-0.361669526401443,0.1823409447478783,0.1697957133627578,2.1398496187300253,-1.4226872422652956,-1.6741897609096856,-0.91573920120977
quality_lite_residual_height_025,8,4,Interior rim protector / rebounder big,False,False,,588,0.196,330,258,Top: blk_pct=2.90; drb_pct=2.68; resid_drb_pct_height=2.59; orb_pct=2.45; resid_orb_pct_height=2.16. Bottom: ast_tov=-0.94; resid_three_share_height=-0.94; three_pa_per_100_team_poss=-1.41; three_share=-1.54; three_pct=-1.59.,k8__division_zscore__quality_lite_residual_height_025__method-nnls__init-aa_plus_plus__ninit-1,division_zscore,quality_lite_residual_height_025,nnls,aa_plus_plus,0.3498785561307565,,19,mins_per_game,0.4668806464987574,blk_pct=2.90; drb_pct=2.68; resid_drb_pct_height=2.59; orb_pct=2.45; resid_orb_pct_height=2.16,three_pct=-1.59; three_share=-1.54; three_pa_per_100_team_poss=-1.41; resid_three_share_height=-0.94; ast_tov=-0.94,19.830822993197277,19.4,0.8627132987029741,9.021795017006802,8.4208585,-0.4134417410268335,17.20415429931973,16.8,-0.4363180338210909,0.8062075881462585,0.722069,-0.9378202913404368,38.56929998639456,37.5,0.0180133464177382,0.1431746513605442,0.100562,-1.5359951739105262,2.263625616836735,1.4411595,-1.41496577938808,9.77492919387755,9.2949585,2.44774933531651,18.852018465986394,18.6225485,2.684131211250826,1.5684901292517006,1.5,-0.4560998339984825,4.306934421768708,3.614335,2.904149668419002,54.533204768707485,54.3668955,1.008248045806966,0.2034120323129251,0.2312895,-1.5943714454941118,0.624224831632653,0.642013,-0.4472274326560189,80.03401360544218,80.0,1.7320179816331598,0.0052584655284544,-0.0114097363083164,0.0920314358742216,2.1019327083003443,1.6057395477183394,2.1582577788150052,-0.1171266727601088,-0.1421413554492213,-0.943445675970552,3.0291115361720635,2.8529277603484235,2.585860097336331
quality_lite_residual_height_025,8,5,Disruptive guard / slasher,False,False,,354,0.118,173,181,Top: stl_pct=3.42; FTR=2.12; ast_pct=1.57; tov_pct=1.11; resid_drb_pct_height=1.00. Bottom: three_pa_per_100_team_poss=-0.59; three_share=-0.59; orb_pct=-0.63; height_inches=-1.06; resid_three_share_height=-1.08.,k8__division_zscore__quality_lite_residual_height_025__method-nnls__init-aa_plus_plus__ninit-1,division_zscore,quality_lite_residual_height_025,nnls,aa_plus_plus,0.3498785561307565,,19,mins_per_game,0.4255553392807613,stl_pct=3.42; FTR=2.12; ast_pct=1.57; tov_pct=1.11; resid_drb_pct_height=1.00,resid_three_share_height=-1.08; height_inches=-1.06; orb_pct=-0.63; three_share=-0.59; three_pa_per_100_team_poss=-0.59,20.42344761581921,20.4549255,0.734117980304771,15.23992697457627,14.5,1.5706629001875403,19.39208199717514,18.6,1.1085095780917833,1.1807033345480225,1.111106005,0.2822045780113842,45.84414727118643,43.5857145,2.121247274703793,0.3063361412429378,0.310961,-0.5907811542669046,4.505491161016949,4.2703775,-0.5881736666002846,4.533115610169491,3.9979595,-0.6335068114481033,12.66544631638418,12.5161025,0.2138012830146181,3.429244127118644,3.022965,3.415280458558712,1.1711140310734462,0.9852075,-0.2034452534230512,48.348820248587565,48.349999999999994,-0.0684725660831369,0.2780572146892655,0.305778,0.0430570963569586,0.6867054435028248,0.715,-0.332241103080843,75.2457627118644,75.0,-1.0631632281512862,-0.0100542928860853,-0.0057171326034698,0.1028294906557268,0.6142173502923177,0.2764955741332919,0.0866495581758042,-0.1270911905776253,-0.1309365226747566,-1.0824401333124838,1.096514801773664,1.0389615110020456,0.999017591200426
quality_lite_residual_height_025,8,6,Plus offensive rebounder for size,False,True,"Not junk, but small population; inspect top assigned players before trusting the label.",81,0.027,45,36,Top: resid_orb_pct_height=3.19; orb_pct=2.93; height_inches=1.08; usg=0.60; resid_three_share_height=0.40. Bottom: three_pct=-1.93; resid_drb_pct_height=-2.05; stl_pct=-2.07; eFG=-2.26; resid_three_pct_shot_mix=-2.80.,k8__division_zscore__quality_lite_residual_height_025__method-nnls__init-aa_plus_plus__ninit-1,division_zscore,quality_lite_residual_height_025,nnls,aa_plus_plus,0.3498785561307565,,19,mins_per_game,0.357951212640229,resid_orb_pct_height=3.19; orb_pct=2.93; height_inches=1.08; usg=0.60; resid_three_share_height=0.40,resid_three_pct_shot_mix=-2.80; eFG=-2.26; stl_pct=-2.07; resid_drb_pct_height=-2.05; three_pct=-1.93,19.367433259259258,18.9,0.6047336723439027,6.591643481481482,6.2,-1.6295764751861457,14.693541555555557,14.4,-1.4690881820307335,0.7611921160493826,0.6786093,-1.5711833172824905,37.4055522962963,37.5,0.3356734579384328,0.279186037037037,0.257143,-0.310040158555749,4.222934419753085,3.84681,-0.0888587884892365,9.337460716049382,8.590535,2.9268575535231656,11.73674350617284,11.603117,-0.9792503506972844,1.4945837777777775,1.542808,-2.069540786051267,1.2899764691358024,1.0,-0.8906493423198393,41.40585130864197,43.1,-2.262175306589457,0.1502854197530864,0.143,-1.9281435436668275,0.667167913580247,0.69,0.3869587335316768,77.88888888888889,78.0,1.0780260219283708,-0.1186047029029907,-0.1304038461538461,-2.8011631955684915,3.4508615535866283,2.9486737400530503,3.192881021743536,-0.0754993375125878,-0.1218831765027322,0.40329308089317,-2.158389605902764,-1.5501524484083422,-2.0521745275490875
quality_lite_residual_height_025,8,7,Foul-drawing paint finisher,False,False,,210,0.07,117,93,Top: FTR=3.52; eFG=1.08; height_inches=0.95; tov_pct=0.51; orb_pct=0.47. Bottom: three_pa_per_100_team_poss=-1.34; three_pct=-1.59; resid_drb_pct_height=-1.74; stl_pct=-1.76; usg=-1.99.,k8__division_zscore__quality_lite_residual_height_025__method-nnls__init-aa_plus_plus__ninit-1,division_zscore,quality_lite_residual_height_025,nnls,aa_plus_plus,0.3498785561307565,,19,mins_per_game,0.4562841093401617,FTR=3.52; eFG=1.08; height_inches=0.95; tov_pct=0.51; orb_pct=0.47,usg=-1.99; stl_pct=-1.76; resid_drb_pct_height=-1.74; three_pct=-1.59; three_pa_per_100_team_poss=-1.34,14.261560285714287,13.7553825,-1.9944475035943008,6.743401652380953,6.0762815,-1.2285601184204442,20.023432985714283,19.6718965,0.5053665678322272,0.837558627904762,0.7071075,-0.310234452397056,68.23005913333334,60.0,3.5176343542065327,0.1439029523809523,0.0640785,-1.2777813715254984,1.3265372399999995,0.619499,-1.3430335362627013,7.279808561904762,7.3,0.4745852289406707,12.802385652380954,12.9,-1.041799583905697,1.2081743428571428,1.2218805,-1.7637523242043989,2.590896076190476,2.039475,0.2988782731838564,54.01130282857143,55.0090165,1.0804434083899543,0.1781630952380952,0.0,-1.5911003527965413,0.6014739619047619,0.6,-0.960550222393082,79.15238095238095,79.0,0.9476310588782568,0.0107358094703589,-0.0114097363083164,0.1053279116616165,0.284107151140327,0.0578243006682992,-0.3944232518819103,-0.1505607660099021,-0.1686160604927573,-0.8492076615678411,-2.2524612823948233,-1.8637347130762,-1.7419513027969464
quality_lite_residual_height_025,8,8,Low-usage turnover/noise bucket,True,False,Dominated by very high TOV% with low usage and no strong positive role or residual signal.,174,0.058,85,89,Top: tov_pct=3.87; blk_pct=0.50; stl_pct=-0.03; height_inches=-0.43; resid_three_pct_shot_mix=-0.49. Bottom: three_pct=-1.71; FTR=-1.86; usg=-1.95; eFG=-2.39; ft_pct=-3.65.,k8__division_zscore__quality_lite_residual_height_025__method-nnls__init-aa_plus_plus__ninit-1,division_zscore,quality_lite_residual_height_025,nnls,aa_plus_plus,0.3498785561307565,,19,mins_per_game,0.4032529874953709,tov_pct=3.87; blk_pct=0.50; stl_pct=-0.03; height_inches=-0.43; resid_three_pct_shot_mix=-0.49,ft_pct=-3.65; eFG=-2.39; usg=-1.95; FTR=-1.86; three_pct=-1.71,13.969812948275862,13.651699,-1.954038536412075,9.51520733908046,8.5909945,-0.7452004882949095,28.19015945977011,26.676226,3.871750231729484,0.8217277182758619,0.75432018,-0.8930179718945154,22.257781477011495,23.2166665,-1.8628979314432537,0.3019866149425287,0.279088,-1.1235665452817185,3.152968956896552,2.8970835,-1.2779451077911508,4.096177436781611,3.860943,-1.1166554158397146,11.271373522988506,11.224851999999998,-0.7366235471590472,1.6784409655172412,1.6018845000000002,-0.0338114362142694,1.4667067758620689,0.953566,0.5049836719866456,41.02752526436782,42.7338005,-2.3941056216905494,0.1987887471264367,0.2075,-1.7060398423899912,0.5075071896551724,0.507143,-3.645117525761141,76.49425287356321,76.0,-0.4328179813885741,-0.0447581999789306,-0.0505659516819571,-0.4854814136194452,-0.8909185719116803,-1.1047624373268885,-0.9903925066456184,-0.0826160872335287,-0.1195454282159672,-1.2691555040842026,-1.5105765882906397,-1.5587914720957694,-0.4995375708745043
role_residual_context_only_height_025,6,1,Mixed role archetype,False,False,,399,0.133,214,185,Top: blk_pct=3.72; height_inches=1.81; resid_orb_pct_height=1.61; resid_drb_pct_height=1.58; usg=0.59. Bottom: stl_pct=-0.68; ast_pct=-0.76; ast_tov=-1.08; resid_three_share_height=-1.12; three_pa_per_100_team_poss=-1.40.,k6__division_zscore__role_residual_context_only_height_025__method-nnls__init-furthest_sum__ninit-1,division_zscore,role_residual_context_only_height_025,nnls,furthest_sum,0.3368763307950451,,13,mins_per_game|eFG|three_share|orb_pct|drb_pct|three_pct|ft_pct,0.491566233306474,blk_pct=3.72; height_inches=1.81; resid_orb_pct_height=1.61; resid_drb_pct_height=1.58; usg=0.59,three_pa_per_100_team_poss=-1.40; resid_three_share_height=-1.12; ast_tov=-1.08; ast_pct=-0.76; stl_pct=-0.68,19.54914415037594,19.485222,0.5927310063441301,8.260716586466165,7.7,-0.7553327381465422,16.993967488721804,16.492578,-0.2995093900219526,0.7473536542105264,0.66650002,-1.0766014290956392,37.16998248621554,36.434109,-0.0956225441838663,,,,1.8638094263157892,1.111375,-1.404689116568885,,,,,,,1.484064007518797,1.388809,-0.6828170269536805,5.433208609022556,5.0,3.722125448075725,,,,,,,,,,80.24561403508773,80.0,1.8132504298792695,-0.0065697773008679,-0.0114097363083164,-0.5557733129325715,2.053672583267508,1.469635385534966,1.6062934289699884,-0.1284555660915568,-0.1542086136107986,-1.1190796182719458,2.4478228785045215,2.2052631578947377,1.5831155425184518
role_residual_context_only_height_025,6,2,Low-usage turnover/noise bucket,True,False,Dominated by very high TOV% with low usage and no strong positive role or residual signal.,256,0.0853333333333333,134,122,Top: tov_pct=3.94; stl_pct=0.18; resid_drb_pct_height=-0.06; blk_pct=-0.17; resid_three_pct_shot_mix=-0.38. Bottom: ast_pct=-0.80; three_pa_per_100_team_poss=-1.42; resid_three_share_height=-1.65; FTR=-1.85; usg=-2.09.,k6__division_zscore__role_residual_context_only_height_025__method-nnls__init-furthest_sum__ninit-1,division_zscore,role_residual_context_only_height_025,nnls,furthest_sum,0.3368763307950451,,13,mins_per_game|eFG|three_share|orb_pct|drb_pct|three_pct|ft_pct,0.4312523759271313,tov_pct=3.94; stl_pct=0.18; resid_drb_pct_height=-0.06; blk_pct=-0.17; resid_three_pct_shot_mix=-0.38,usg=-2.09; FTR=-1.85; resid_three_share_height=-1.65; three_pa_per_100_team_poss=-1.42; ast_pct=-0.80,14.12605201171875,13.7232945,-2.089949553842842,9.68108207421875,8.773066,-0.7953624594915267,27.582137921875,26.183297,3.939610737675249,0.8530239360156251,0.7965515000000001,-0.4611628358703699,23.81779735546875,24.221212,-1.8460541865808848,,,,3.218396728515625,3.2005350000000004,-1.4190756243948102,,,,,,,1.788562453125,1.7,0.1843571593185357,1.3811661328125,1.1,-0.170481672831484,,,,,,,,,,76.56640625,77.0,-0.5260487831255335,-0.0112042785380424,-0.0118222392824767,-0.3830927321842808,-0.3298123555985821,-0.5398354517574456,-0.4216127146454707,-0.0645560817167665,-0.0701222010979545,-1.6492755313642575,-0.6530290786491841,-0.8414749026589572,-0.0596405355286833
role_residual_context_only_height_025,6,3,Foul-drawing paint finisher,False,False,,447,0.149,247,200,Top: FTR=3.56; height_inches=0.93; resid_orb_pct_height=0.69; tov_pct=-0.01; resid_three_pct_shot_mix=-0.17. Bottom: ast_tov=-0.87; resid_three_share_height=-1.11; usg=-1.16; ast_pct=-1.20; three_pa_per_100_team_poss=-1.44.,k6__division_zscore__role_residual_context_only_height_025__method-nnls__init-furthest_sum__ninit-1,division_zscore,role_residual_context_only_height_025,nnls,furthest_sum,0.3368763307950451,,13,mins_per_game|eFG|three_share|orb_pct|drb_pct|three_pct|ft_pct,0.4804909346980892,FTR=3.56; height_inches=0.93; resid_orb_pct_height=0.69; tov_pct=-0.01; resid_three_pct_shot_mix=-0.17,three_pa_per_100_team_poss=-1.44; ast_pct=-1.20; usg=-1.16; resid_three_share_height=-1.11; ast_tov=-0.87,16.622399812080538,16.1,-1.1584855230726605,7.5369925592841165,7.1,-1.2012576089791402,18.72651692841163,18.1,-0.0055861230761636,0.8263746357718121,0.74994285,-0.8721480945126762,60.409717257270685,55.208333,3.5619941600359866,,,,2.087474091722595,1.482698,-1.4410259097524891,,,,,,,1.664604447427293,1.484613,-0.4644877086768251,2.006874628635347,1.6,-0.2255352919413629,,,,,,,,,,78.58836689038031,79.0,0.934514203098799,0.001481070606561,-0.0114097363083164,-0.1740591515680606,1.1647731061954838,0.828894838132296,0.6863440167073679,-0.1353259074835233,-0.1632332680672268,-1.1069457254836803,-0.6527481492181901,-0.8483142271325796,-0.5334946316936927
role_residual_context_only_height_025,6,4,High-volume spacer for size,False,False,,770,0.2566666666666666,414,356,Top: three_pa_per_100_team_poss=2.49; resid_three_share_height=2.28; usg=0.58; height_inches=0.46; resid_three_pct_shot_mix=-0.04. Bottom: resid_orb_pct_height=-1.26; FTR=-1.34; ast_pct=-1.36; ast_tov=-1.48; tov_pct=-1.61.,k6__division_zscore__role_residual_context_only_height_025__method-nnls__init-furthest_sum__ninit-1,division_zscore,role_residual_context_only_height_025,nnls,furthest_sum,0.3368763307950451,,13,mins_per_game|eFG|three_share|orb_pct|drb_pct|three_pct|ft_pct,0.4768149356626522,three_pa_per_100_team_poss=2.49; resid_three_share_height=2.28; usg=0.58; height_inches=0.46; resid_three_pct_shot_mix=-0.04,tov_pct=-1.61; ast_tov=-1.48; ast_pct=-1.36; FTR=-1.34; resid_orb_pct_height=-1.26,19.143876242857143,18.932762,0.5843917967931325,8.046655051948052,7.798078,-1.3591991127395546,14.158954523376622,13.8157335,-1.6063498132551317,0.8947414973246753,0.88781479,-1.4776544317101044,21.21533091688312,21.076316,-1.3364579795726743,,,,9.686813963636364,9.3604815,2.4872250569544314,,,,,,,1.5460512688311687,1.5,-1.1030431995983585,1.27647432987013,1.0,-0.1652592970720055,,,,,,,,,,77.0077922077922,77.0,0.460059851241863,-0.0013976559652531,0.0053504414758269,-0.0407779811827767,-1.5164907191609271,-1.507124471253794,-1.2605804085764647,0.2069397036768936,0.191984380597015,2.28382190552852,-1.4693365745295648,-1.6497183455163595,-0.9252897894342696
role_residual_context_only_height_025,6,5,Low-usage connector spacer,False,False,,336,0.112,180,156,Top: ast_tov=3.55; resid_three_share_height=1.48; three_pa_per_100_team_poss=0.72; stl_pct=0.12; ast_pct=0.06. Bottom: height_inches=-0.65; resid_drb_pct_height=-0.77; FTR=-1.40; usg=-1.68; tov_pct=-1.98.,k6__division_zscore__role_residual_context_only_height_025__method-nnls__init-furthest_sum__ninit-1,division_zscore,role_residual_context_only_height_025,nnls,furthest_sum,0.3368763307950451,,13,mins_per_game|eFG|three_share|orb_pct|drb_pct|three_pct|ft_pct,0.4707344944722498,ast_tov=3.55; resid_three_share_height=1.48; three_pa_per_100_team_poss=0.72; stl_pct=0.12; ast_pct=0.06,tov_pct=-1.98; usg=-1.68; FTR=-1.40; resid_drb_pct_height=-0.77; height_inches=-0.65,14.62211235714286,14.5,-1.6794115164158074,12.024452877976191,11.473073,0.0639892615564208,12.574385529761903,12.6,-1.97919144755357,2.246659448958334,1.961491565,3.554485301416661,21.950990398809523,21.5166665,-1.4003822806362711,,,,6.9974766994047615,6.7218800000000005,0.7161323625141836,,,,,,,1.785787904761905,1.7244425,0.1182384953265016,0.939138080357143,0.6,-0.6261290917285539,,,,,,,,,,75.61607142857143,76.0,-0.6535911072318048,0.0110046034514397,0.0154079342525914,-0.0332921668575076,-0.7662963013477931,-0.8934044798407168,-0.6171370738641461,0.135417078245888,0.1288629355770721,1.477060804138654,-1.4354513340339907,-1.6953176130789465,-0.7662844068231319
role_residual_context_only_height_025,6,6,Small lead creator,False,False,,792,0.264,439,353,Top: ast_pct=2.67; usg=2.02; stl_pct=1.76; resid_drb_pct_height=1.03; ast_tov=0.64. Bottom: resid_three_pct_shot_mix=0.11; three_pa_per_100_team_poss=0.02; blk_pct=-0.56; resid_three_share_height=-0.88; height_inches=-1.50.,k6__division_zscore__role_residual_context_only_height_025__method-nnls__init-furthest_sum__ninit-1,division_zscore,role_residual_context_only_height_025,nnls,furthest_sum,0.3368763307950451,,13,mins_per_game|eFG|three_share|orb_pct|drb_pct|three_pct|ft_pct,0.5086092677725567,ast_pct=2.67; usg=2.02; stl_pct=1.76; resid_drb_pct_height=1.03; ast_tov=0.64,height_inches=-1.50; resid_three_share_height=-0.88; blk_pct=-0.56; three_pa_per_100_team_poss=0.02; resid_three_pct_shot_mix=0.11,22.624728178030303,22.4848665,2.024583410955459,19.149460311868687,18.526086,2.674830163381652,18.20491628156566,17.7,0.4228788617535541,1.3930178504924244,1.3467475050000002,0.6434190674951429,35.02941188257576,33.6,0.5623385236927192,,,,6.081124880050505,5.8686195,0.0248874330776628,,,,,,,2.559537426767677,2.363305,1.7631766791859873,0.945008818181818,0.6401885,-0.5569660137097735,,,,,,,,,,74.53156565656566,74.0,-1.495683824035387,0.0030872318359545,0.003812590818589,0.1084219166335733,0.0742755006156298,-0.2464574517574453,0.2127602593357809,-0.0909784882415393,-0.0943596082354842,-0.8787255300519362,1.1856082800363796,0.8480751014002834,1.0278755167508815
role_residual_context_only_height_025,7,1,Foul-drawing paint finisher,False,False,,360,0.12,192,168,Top: FTR=3.53; height_inches=0.92; tov_pct=0.26; resid_orb_pct_height=0.21; resid_three_pct_shot_mix=0.07. Bottom: resid_drb_pct_height=-0.97; ast_pct=-1.22; three_pa_per_100_team_poss=-1.36; stl_pct=-1.47; usg=-1.67.,k7__division_zscore__role_residual_context_only_height_025__method-nnls__init-uniform__ninit-1,division_zscore,role_residual_context_only_height_025,nnls,uniform,0.3029113353306103,,13,mins_per_game|eFG|three_share|orb_pct|drb_pct|three_pct|ft_pct,0.4584837224076431,FTR=3.53; height_inches=0.92; tov_pct=0.26; resid_orb_pct_height=0.21; resid_three_pct_shot_mix=0.07,usg=-1.67; stl_pct=-1.47; three_pa_per_100_team_poss=-1.36; ast_pct=-1.22; resid_drb_pct_height=-0.97,15.795249208333336,15.5,-1.6735944574173072,7.312551875,7.0,-1.2210018883023788,18.818165175,18.129524,0.2551029503255379,0.8500661775555555,0.74444334,-0.3774310579181886,62.287075825,56.25534,3.5261657853220116,,,,1.9458086191666664,1.310035,-1.362917021980779,,,,,,,1.4244224333333333,1.3771775,-1.471071809833003,2.010991247222222,1.6,-0.2279637078826638,,,,,,,,,,78.68055555555556,79.0,0.9237839565825212,0.0038162415052781,-0.0114097363083164,0.0669269262714341,0.7682018959268251,0.5232912579938327,0.213914359046465,-0.1298119733727831,-0.1554494428312159,-0.924870844802829,-0.8019793875689655,-1.0811014428759762,-0.9672936064989132
role_residual_context_only_height_025,7,2,High-volume spacer for size,False,False,,775,0.2583333333333333,419,356,Top: three_pa_per_100_team_poss=2.49; resid_three_share_height=2.22; usg=0.75; height_inches=0.35; resid_three_pct_shot_mix=-0.05. Bottom: resid_orb_pct_height=-1.19; FTR=-1.24; ast_pct=-1.31; ast_tov=-1.48; tov_pct=-1.55.,k7__division_zscore__role_residual_context_only_height_025__method-nnls__init-uniform__ninit-1,division_zscore,role_residual_context_only_height_025,nnls,uniform,0.3029113353306103,,13,mins_per_game|eFG|three_share|orb_pct|drb_pct|three_pct|ft_pct,0.4636316211350982,three_pa_per_100_team_poss=2.49; resid_three_share_height=2.22; usg=0.75; height_inches=0.35; resid_three_pct_shot_mix=-0.05,tov_pct=-1.55; ast_tov=-1.48; ast_pct=-1.31; FTR=-1.24; resid_orb_pct_height=-1.19,19.397222606451617,19.17552,0.7454845459400372,8.032027779354838,7.8,-1.3148199831588132,14.188337583225808,13.819312,-1.5534059992158902,0.8841737265548387,0.866667,-1.4787248142041196,21.94519797935484,21.428571,-1.2350640284062846,,,,9.683273543225807,9.355993,2.4933494191295975,,,,,,,1.5184184606451614,1.5,-1.1600162481810528,1.275993735483871,1.0,-0.1374679285831933,,,,,,,,,,77.01548387096774,77.0,0.3451613635578205,-0.0023612329239544,0.0035791304347825,-0.0465622165458112,-1.4735613520686452,-1.4708965243309002,-1.188530436373567,0.2014293567317302,0.185035147081712,2.224356933476142,-1.2307621991135385,-1.468160613537119,-0.8539457016610743
role_residual_context_only_height_025,7,3,Mixed role archetype,False,False,,374,0.1246666666666666,212,162,Top: blk_pct=3.85; height_inches=2.10; resid_drb_pct_height=1.07; resid_orb_pct_height=0.58; usg=0.30. Bottom: ast_pct=-0.49; ast_tov=-0.96; resid_three_share_height=-1.19; stl_pct=-1.32; three_pa_per_100_team_poss=-1.42.,k7__division_zscore__role_residual_context_only_height_025__method-nnls__init-uniform__ninit-1,division_zscore,role_residual_context_only_height_025,nnls,uniform,0.3029113353306103,,13,mins_per_game|eFG|three_share|orb_pct|drb_pct|three_pct|ft_pct,0.4795775838729453,blk_pct=3.85; height_inches=2.10; resid_drb_pct_height=1.07; resid_orb_pct_height=0.58; usg=0.30,three_pa_per_100_team_poss=-1.42; stl_pct=-1.32; resid_three_share_height=-1.19; ast_tov=-0.96; ast_pct=-0.49,19.324526930481284,18.947534,0.3010640614924416,8.479498596256684,8.102844000000001,-0.4930384055550163,17.659635989304814,17.35,0.2938424337423756,0.7675989726470588,0.66309765,-0.9552293167303196,37.358006882352946,36.25,0.106275725103704,,,,1.859544870053476,0.8315239999999999,-1.418801591611549,,,,,,,1.323827409090909,1.27655,-1.323735004502017,5.648787114973263,5.2,3.8537872760680094,,,,,,,,,,80.67379679144385,81.0,2.1041624038066904,0.0008045997586544,-0.0114097363083164,-0.4903702268186138,1.4023061712828149,0.8152984466252047,0.5814775306226375,-0.1091372466971603,-0.1421413554492213,-1.1871261347799718,1.822274138727364,1.5919504632727517,1.071388999899003
role_residual_context_only_height_025,7,4,High-volume spacer for size,False,False,,272,0.0906666666666666,150,122,Top: ast_tov=3.61; resid_three_share_height=2.19; three_pa_per_100_team_poss=1.11; stl_pct=0.64; resid_three_pct_shot_mix=-0.16. Bottom: blk_pct=-0.87; resid_drb_pct_height=-1.15; FTR=-1.80; usg=-1.84; tov_pct=-2.23.,k7__division_zscore__role_residual_context_only_height_025__method-nnls__init-uniform__ninit-1,division_zscore,role_residual_context_only_height_025,nnls,uniform,0.3029113353306103,,13,mins_per_game|eFG|three_share|orb_pct|drb_pct|three_pct|ft_pct,0.4404852800545149,ast_tov=3.61; resid_three_share_height=2.19; three_pa_per_100_team_poss=1.11; stl_pct=0.64; resid_three_pct_shot_mix=-0.16,tov_pct=-2.23; usg=-1.84; FTR=-1.80; resid_drb_pct_height=-1.15; blk_pct=-0.87,14.219545397058823,14.2618935,-1.8436215059516428,10.98145780882353,10.552937,-0.2216031429555196,11.93770863235294,12.345446,-2.232262208035329,2.268369068492647,1.902487865,3.605203926795027,19.59072084191176,19.4,-1.7985357652428382,,,,7.429459415441176,7.07244,1.109671676184347,,,,,,,1.9511874375,1.79878,0.6421237211601235,0.9565542205882354,0.7,-0.8684659132239988,,,,,,,,,,75.7904411764706,76.0,-0.4643497490986858,0.0082066664866961,0.0127041340878301,-0.161835531026334,-0.8341958187613248,-1.0632109371371667,-0.7426829788981306,0.1756731801521938,0.1742662355480912,2.1918993335207175,-1.718894792314742,-1.8551958895313811,-1.1462966870541322
role_residual_context_only_height_025,7,5,Plus offensive rebounder for size,False,False,,223,0.0743333333333333,116,107,Top: stl_pct=3.24; resid_orb_pct_height=2.99; resid_drb_pct_height=1.33; usg=0.46; blk_pct=0.39. Bottom: resid_three_pct_shot_mix=-0.57; ast_pct=-1.11; three_pa_per_100_team_poss=-1.35; ast_tov=-1.44; resid_three_share_height=-1.83.,k7__division_zscore__role_residual_context_only_height_025__method-nnls__init-uniform__ninit-1,division_zscore,role_residual_context_only_height_025,nnls,uniform,0.3029113353306103,,13,mins_per_game|eFG|three_share|orb_pct|drb_pct|three_pct|ft_pct,0.3941958095119705,stl_pct=3.24; resid_orb_pct_height=2.99; resid_drb_pct_height=1.33; usg=0.46; blk_pct=0.39,resid_three_share_height=-1.83; ast_tov=-1.44; three_pa_per_100_team_poss=-1.35; ast_pct=-1.11; resid_three_pct_shot_mix=-0.57,19.56965490134529,18.9,0.4572468597140864,8.448627910313903,8.1,-1.1119332870387468,16.645347896860986,16.101695,0.0821885020548246,0.8098755435426008,0.772727,-1.437694047793861,37.89793994170403,36.8,0.2813565791856488,,,,3.3893819587443943,3.07954,-1.3534102222117297,,,,,,,3.3773482062780262,2.8,3.2443099422462796,1.9139585829596413,1.681938,0.3896481433259448,,,,,,,,,,76.97757847533633,77.0,0.1290048275370082,-0.0260429337552055,-0.0184359925788497,-0.5681913812340464,3.081788883345552,2.792268898021309,2.9855459955686805,-0.1599825287819332,-0.1632332680672268,-1.826158039424235,1.601663408295459,1.3362652869237994,1.3273121417733351
role_residual_context_only_height_025,7,6,Low-usage turnover/noise bucket,True,False,Dominated by very high TOV% with low usage and no strong positive role or residual signal.,245,0.0816666666666666,130,115,Top: tov_pct=3.87; resid_drb_pct_height=0.09; stl_pct=0.06; resid_three_pct_shot_mix=-0.27; blk_pct=-0.29. Bottom: height_inches=-0.75; three_pa_per_100_team_poss=-1.28; resid_three_share_height=-1.36; FTR=-1.83; usg=-2.05.,k7__division_zscore__role_residual_context_only_height_025__method-nnls__init-uniform__ninit-1,division_zscore,role_residual_context_only_height_025,nnls,uniform,0.3029113353306103,,13,mins_per_game|eFG|three_share|orb_pct|drb_pct|three_pct|ft_pct,0.4291862487342904,tov_pct=3.87; resid_drb_pct_height=0.09; stl_pct=0.06; resid_three_pct_shot_mix=-0.27; blk_pct=-0.29,usg=-2.05; FTR=-1.83; resid_three_share_height=-1.36; three_pa_per_100_team_poss=-1.28; height_inches=-0.75,14.103657869387757,13.7,-2.047710697225102,10.470971028571428,10.0,-0.6346602726746737,27.82553640408164,26.2,3.865912813564424,0.9224815452244898,0.85962907,-0.3751979985091726,23.263944387755107,23.529412,-1.8287840850382784,,,,3.5016503775510204,3.44347,-1.2818551640298546,,,,,,,1.711919763265306,1.600887,0.0570383346938422,1.2241031469387753,0.875535,-0.2939426964331513,,,,,,,,,,76.22448979591837,76.0,-0.747665007456083,-0.0054271041162444,-0.0114097363083164,-0.2690045747134518,-0.5156597982301633,-0.73125,-0.3074776166373659,-0.048213823194171,-0.0564903220524017,-1.3604464179728677,-0.808154220730521,-0.9256754077429984,0.0939296333117317
role_residual_context_only_height_025,7,7,Small lead creator,False,False,,751,0.2503333333333333,409,342,Top: ast_pct=2.97; usg=1.95; ast_tov=1.28; stl_pct=0.91; resid_drb_pct_height=0.80. Bottom: resid_orb_pct_height=-0.00; tov_pct=-0.02; blk_pct=-0.55; resid_three_share_height=-0.79; height_inches=-1.49.,k7__division_zscore__role_residual_context_only_height_025__method-nnls__init-uniform__ninit-1,division_zscore,role_residual_context_only_height_025,nnls,uniform,0.3029113353306103,,13,mins_per_game|eFG|three_share|orb_pct|drb_pct|three_pct|ft_pct,0.498680788830028,ast_pct=2.97; usg=1.95; ast_tov=1.28; stl_pct=0.91; resid_drb_pct_height=0.80,height_inches=-1.49; resid_three_share_height=-0.79; blk_pct=-0.55; tov_pct=-0.02; resid_orb_pct_height=-0.00,22.350910581890812,22.17397,1.9549472622313648,20.081052727030624,19.271766,2.97042530939101,18.11800921571238,17.631579,-0.0160152189687422,1.5061375153528629,1.43136217,1.283512812789042,35.29108013848202,34.0,0.6513841454733186,,,,6.1143447536617845,5.91971,0.1793284512587503,,,,,,,2.2952859667110515,2.2,0.905624325227088,0.8694875885486019,0.591565,-0.5527154987537193,,,,,,,,,,74.35419440745673,74.0,-1.488355766406707,0.0070559668559248,0.0066110480349344,0.2721885900864731,-0.1381043792491756,-0.3148087431693991,-0.0004663155956693,-0.0856654942599677,-0.0920544538714991,-0.7878458598917524,0.948625023098129,0.6153551912568282,0.803991950966534
role_residual_context_only_height_025,8,1,Foul-drawing paint finisher,False,False,,369,0.123,192,177,Top: FTR=3.56; height_inches=0.61; tov_pct=0.49; resid_orb_pct_height=0.19; resid_three_pct_shot_mix=-0.06. Bottom: resid_drb_pct_height=-0.84; resid_three_share_height=-1.23; ast_pct=-1.24; three_pa_per_100_team_poss=-1.40; usg=-1.76.,k8__division_zscore__role_residual_context_only_height_025__method-nnls__init-uniform__ninit-1,division_zscore,role_residual_context_only_height_025,nnls,uniform,0.2749070877774018,,13,mins_per_game|eFG|three_share|orb_pct|drb_pct|three_pct|ft_pct,0.4455068245039268,FTR=3.56; height_inches=0.61; tov_pct=0.49; resid_orb_pct_height=0.19; resid_three_pct_shot_mix=-0.06,usg=-1.76; three_pa_per_100_team_poss=-1.40; ast_pct=-1.24; resid_three_share_height=-1.23; resid_drb_pct_height=-0.84,15.906207,15.6,-1.7611678598610356,7.896741617886179,7.3,-1.2444947984279835,19.043082257452575,18.429487,0.489101501888746,0.8826197527100271,0.7826087,-0.7150630217969312,62.24331549051491,56.818182,3.559126035760945,,,,2.149956575609756,1.629399,-1.3970829768479065,,,,,,,1.5821827425474255,1.5,-0.7758318459837008,1.8083166097560976,1.410727,-0.5318940431726514,,,,,,,,,,78.06233062330624,78.0,0.6083160824684191,-1.3661031525229532e-05,-0.0114097363083164,-0.0568959823920231,0.880065980213555,0.4518273294892916,0.1910149943902855,-0.1363379613503644,-0.1646495528989838,-1.2275118420313729,-0.6432481136515737,-0.7931704302384581,-0.8447386887348597
role_residual_context_only_height_025,8,2,High-volume spacer for size,False,False,,826,0.2753333333333333,443,383,Top: three_pa_per_100_team_poss=2.48; resid_three_share_height=2.28; usg=0.63; height_inches=0.30; resid_three_pct_shot_mix=0.14. Bottom: ast_pct=-1.25; FTR=-1.26; ast_tov=-1.34; stl_pct=-1.42; tov_pct=-1.52.,k8__division_zscore__role_residual_context_only_height_025__method-nnls__init-uniform__ninit-1,division_zscore,role_residual_context_only_height_025,nnls,uniform,0.2749070877774018,,13,mins_per_game|eFG|three_share|orb_pct|drb_pct|three_pct|ft_pct,0.4518674160266331,three_pa_per_100_team_poss=2.48; resid_three_share_height=2.28; usg=0.63; height_inches=0.30; resid_three_pct_shot_mix=0.14,tov_pct=-1.52; stl_pct=-1.42; ast_tov=-1.34; FTR=-1.26; ast_pct=-1.25,19.37991749273608,19.2,0.6312504010711972,8.43154084866828,8.036320499999999,-1.2542402163343795,14.442568659806296,14.212427,-1.520072468087632,0.914240632881356,0.897319285,-1.3422487462154202,21.59778010169492,21.1,-1.2599633126151366,,,,9.603874452784504,9.3138885,2.483716697639806,,,,,,,1.4741858111380144,1.4966784999999998,-1.4208407859162169,1.2342128753026635,0.974882,-0.277669947791735,,,,,,,,,,76.88377723970945,77.0,0.299274171699242,-0.0023765004411872,0.0049296108979575,0.1426344721442262,-1.4931208369324105,-1.514808743169399,-1.198788697156573,0.1955813350098329,0.1807160935187958,2.2835856407290773,-1.3374233398441508,-1.5310000400529151,-1.0020093969750463
role_residual_context_only_height_025,8,3,Disruptive guard / slasher,False,False,,411,0.137,217,194,Top: stl_pct=3.46; usg=1.79; ast_pct=1.61; resid_drb_pct_height=0.57; FTR=0.56. Bottom: ast_tov=-0.14; resid_three_pct_shot_mix=-0.42; blk_pct=-0.46; resid_three_share_height=-0.79; height_inches=-1.31.,k8__division_zscore__role_residual_context_only_height_025__method-nnls__init-uniform__ninit-1,division_zscore,role_residual_context_only_height_025,nnls,uniform,0.2749070877774018,,13,mins_per_game|eFG|three_share|orb_pct|drb_pct|three_pct|ft_pct,0.4364216184893016,stl_pct=3.46; usg=1.79; ast_pct=1.61; resid_drb_pct_height=0.57; FTR=0.56,height_inches=-1.31; resid_three_share_height=-0.79; blk_pct=-0.46; resid_three_pct_shot_mix=-0.42; ast_tov=-0.14,22.093327428223844,21.9,1.7850442181425787,15.739887705596107,15.149228,1.607221609427314,18.03815177858881,17.550702,0.4624689228462825,1.1548986936739658,1.115942,-0.1420385902895645,36.74486232846716,35.511364,0.5628253645574242,,,,5.768589727493917,5.58116,0.2428549308958104,,,,,,,3.5130395450121656,3.061631,3.4641115852724367,1.3045553941605836,1.0,-0.4611373111648513,,,,,,,,,,75.20924574209246,75.0,-1.3063244128212943,-0.0091636538028782,-0.0034940944881889,-0.4152387224085595,0.5574419969487133,0.2509442870632674,0.4755178560230735,-0.0899745085303054,-0.0864653134635148,-0.7931593530740252,1.2512990580625027,1.0823305334549875,0.5677062369116544
role_residual_context_only_height_025,8,4,Mixed role archetype,False,False,,200,0.0666666666666666,122,78,Top: blk_pct=4.04; height_inches=1.95; tov_pct=0.70; FTR=0.18; resid_three_pct_shot_mix=-0.65. Bottom: resid_drb_pct_height=-1.10; ast_tov=-1.18; three_pa_per_100_team_poss=-1.37; ast_pct=-1.37; usg=-1.71.,k8__division_zscore__role_residual_context_only_height_025__method-nnls__init-uniform__ninit-1,division_zscore,role_residual_context_only_height_025,nnls,uniform,0.2749070877774018,,13,mins_per_game|eFG|three_share|orb_pct|drb_pct|three_pct|ft_pct,0.4515182295428119,blk_pct=4.04; height_inches=1.95; tov_pct=0.70; FTR=0.18; resid_three_pct_shot_mix=-0.65,usg=-1.71; ast_pct=-1.37; three_pa_per_100_team_poss=-1.37; ast_tov=-1.18; resid_drb_pct_height=-1.10,16.007946235,15.774819,-1.7100342335598226,6.604149454999999,5.9,-1.3741960747444228,19.06388868,18.35,0.7043148886988082,0.6963253521499999,0.599979015,-1.1808042408619417,37.234227945,35.91875,0.1780615130200389,,,,1.798319685,0.8671025,-1.37408856032418,,,,,,,1.45095486,1.4,-0.9005798596587202,6.582257265000001,6.1,4.038294751315579,,,,,,,,,,80.99,81.0,1.9527031058685336,-0.0028429510005415,-0.0114097363083164,-0.6512360023819532,0.0575481104080862,-0.1341988175021096,-0.8972070179080857,-0.0789709415547958,-0.1286681837922765,-0.6975354276403335,-0.9944370141865432,-0.9784745715623436,-1.095097995065048
role_residual_context_only_height_025,8,5,Low-usage turnover/noise bucket,True,False,Dominated by very high TOV% with low usage and no strong positive role or residual signal.,239,0.0796666666666666,116,123,Top: tov_pct=3.94; resid_drb_pct_height=0.44; stl_pct=0.30; resid_orb_pct_height=0.25; ast_tov=-0.16. Bottom: ast_pct=-0.97; three_pa_per_100_team_poss=-1.47; resid_three_share_height=-1.84; FTR=-1.95; usg=-2.13.,k8__division_zscore__role_residual_context_only_height_025__method-nnls__init-uniform__ninit-1,division_zscore,role_residual_context_only_height_025,nnls,uniform,0.2749070877774018,,13,mins_per_game|eFG|three_share|orb_pct|drb_pct|three_pct|ft_pct,0.3974143304854777,tov_pct=3.94; resid_drb_pct_height=0.44; stl_pct=0.30; resid_orb_pct_height=0.25; ast_tov=-0.16,usg=-2.13; FTR=-1.95; resid_three_share_height=-1.84; three_pa_per_100_team_poss=-1.47; ast_pct=-0.97,14.464235556485356,14.0,-2.1325838196258116,10.228682154811716,9.422587,-0.965157595022493,27.350252556485355,25.9,3.940755473330527,0.8791072720083681,0.83333329,-0.159301825085023,23.179341259414223,23.489933,-1.950972533822185,,,,3.0972726255230123,3.06542,-1.473518496986327,,,,,,,1.78536839748954,1.75573,0.3041568716033561,1.166414769874477,0.8,-0.8850086445778353,,,,,,,,,,76.13389121338912,76.0,-0.707886154570965,-0.0155686063700808,-0.0234564787339268,-0.4579079158363644,0.0968221993896869,-0.214808743169399,0.2521758607482226,-0.0882972277927544,-0.1058015839675291,-1.835126248456422,0.0470489003403401,-0.3062910798122065,0.4416729382156399
role_residual_context_only_height_025,8,6,High-volume spacer for size,False,False,,254,0.0846666666666666,139,115,Top: ast_tov=3.58; resid_three_share_height=2.18; three_pa_per_100_team_poss=1.17; stl_pct=0.80; resid_three_pct_shot_mix=-0.02. Bottom: blk_pct=-0.83; resid_drb_pct_height=-1.22; FTR=-1.80; usg=-1.84; tov_pct=-2.33.,k8__division_zscore__role_residual_context_only_height_025__method-nnls__init-uniform__ninit-1,division_zscore,role_residual_context_only_height_025,nnls,uniform,0.2749070877774018,,13,mins_per_game|eFG|three_share|orb_pct|drb_pct|three_pct|ft_pct,0.4234989536962169,ast_tov=3.58; resid_three_share_height=2.18; three_pa_per_100_team_poss=1.17; stl_pct=0.80; resid_three_pct_shot_mix=-0.02,tov_pct=-2.33; usg=-1.84; FTR=-1.80; resid_drb_pct_height=-1.22; blk_pct=-0.83,14.308849271653544,14.291887,-1.8400245497536536,10.332936602362206,9.7904585,-0.2384045639471249,11.34245503937008,11.3916915,-2.327874476708251,2.2469220602362205,1.908945205,3.580539838793968,21.229312307086612,21.076316,-1.8029309113195515,,,,7.149945685039371,6.8723600000000005,1.165385303640574,,,,,,,1.900773531496063,1.894829,0.8038333342928613,1.0581601653543309,0.797752,-0.8266329735751049,,,,,,,,,,76.00787401574803,76.0,-0.4116753582392299,0.0080626262519008,0.0076038450305722,-0.0167935267749834,-0.5819608270746123,-0.850144101788969,-0.7877082034124508,0.1621159257141018,0.1586637507224329,2.182541317128378,-1.3277186004781965,-1.5952297641102744,-1.218268647803091
role_residual_context_only_height_025,8,7,Small lead creator,False,False,,400,0.1333333333333333,231,169,Top: ast_pct=3.00; ast_tov=2.25; usg=1.24; three_pa_per_100_team_poss=0.39; resid_three_pct_shot_mix=0.38. Bottom: resid_orb_pct_height=-0.26; resid_three_share_height=-0.28; stl_pct=-0.50; blk_pct=-0.55; height_inches=-1.59.,k8__division_zscore__role_residual_context_only_height_025__method-nnls__init-uniform__ninit-1,division_zscore,role_residual_context_only_height_025,nnls,uniform,0.2749070877774018,,13,mins_per_game|eFG|three_share|orb_pct|drb_pct|three_pct|ft_pct,0.4460526475604965,ast_pct=3.00; ast_tov=2.25; usg=1.24; three_pa_per_100_team_poss=0.39; resid_three_pct_shot_mix=0.38,height_inches=-1.59; blk_pct=-0.55; stl_pct=-0.50; resid_three_share_height=-0.28; resid_orb_pct_height=-0.26,21.0722541525,20.671936,1.2371624439626068,21.9455380075,21.093782,3.0021299882787393,18.441315245,17.938944999999997,0.3810563400697369,1.7852246482749998,1.697824365,2.248138083506118,32.43782413,31.430337,-0.0259418490612705,,,,6.2637972125,6.1422305,0.394855165035246,,,,,,,1.8224142825,1.8,-0.5023595027841383,0.7040554474999999,0.5,-0.5450274547534345,,,,,,,,,,73.9725,74.0,-1.5938458507115607,0.0165668830786286,0.0166368216067893,0.3845983597511472,-0.5004134490994743,-0.5283757346063946,-0.2583285642111665,-0.0597304173996222,-0.0688230956055895,-0.2778271809763011,0.1567943429042153,-0.2053107437776029,-0.2123636300547427
role_residual_context_only_height_025,8,8,Mixed role archetype,False,False,,301,0.1003333333333333,168,133,Top: resid_orb_pct_height=3.19; resid_drb_pct_height=2.92; usg=2.45; blk_pct=2.39; height_inches=2.27. Bottom: tov_pct=-0.64; ast_tov=-0.74; three_pa_per_100_team_poss=-1.45; stl_pct=-1.49; resid_three_share_height=-1.73.,k8__division_zscore__role_residual_context_only_height_025__method-nnls__init-uniform__ninit-1,division_zscore,role_residual_context_only_height_025,nnls,uniform,0.2749070877774018,,13,mins_per_game|eFG|three_share|orb_pct|drb_pct|three_pct|ft_pct,0.3918733651915209,resid_orb_pct_height=3.19; resid_drb_pct_height=2.92; usg=2.45; blk_pct=2.39; height_inches=2.27,resid_three_share_height=-1.73; stl_pct=-1.49; three_pa_per_100_team_poss=-1.45; ast_tov=-0.74; tov_pct=-0.64,22.39115945847176,22.458188,2.45022875212412,10.06718091694352,9.3,0.2638902507194343,15.883449823920268,15.492146,-0.6379531100646899,0.8085175334219269,0.74194998,-0.7380965541714208,40.27303393687707,40.0,0.8949871721333018,,,,2.0211908129568106,1.439169,-1.4475592882386183,,,,,,,1.454190019933555,1.4,-1.4919483142711258,3.644066318936877,3.264666,2.3941956807406553,,,,,,,,,,79.6312292358804,80.0,2.2731410107809986,0.0052756153289773,-0.0114097363083164,-0.0965427185191697,2.9305244766881167,2.653715898400752,3.1928810192863275,-0.1665517122678356,-0.1727699118881119,-1.727160994311414,3.764053925763996,3.747635639621702,2.9243782596368213
role_residual_height_025,6,1,High-volume spacer for size,False,False,,346,0.1153333333333333,187,159,Top: ast_tov=3.59; three_share=2.09; resid_three_share_height=2.03; three_pa_per_100_team_poss=1.16; stl_pct=0.41. Bottom: orb_pct=-1.00; drb_pct=-1.31; FTR=-1.62; usg=-1.67; tov_pct=-1.95.,k6__division_zscore__role_residual_height_025__method-nnls__init-uniform__ninit-1,division_zscore,role_residual_height_025,nnls,uniform,0.3614062219411871,,16,mins_per_game|eFG|three_pct|ft_pct,0.4563014892775585,ast_tov=3.59; three_share=2.09; resid_three_share_height=2.03; three_pa_per_100_team_poss=1.16; stl_pct=0.41,tov_pct=-1.95; usg=-1.67; FTR=-1.62; drb_pct=-1.31; orb_pct=-1.00,14.372708514450869,14.4,-1.6688920077044778,11.636788656069363,11.0515575,-0.1023921300782487,13.047633179190752,13.0019505,-1.9471843241428863,2.1776232599421967,1.857113335,3.5932319460780167,20.971772442196535,20.2637525,-1.624225727080813,0.594022838150289,0.6010755,2.0938706453636775,7.461163083815029,7.0134419999999995,1.155190948104616,3.3976359132947977,2.8927069999999997,-0.9956473393326049,10.06519639595376,9.5740765,-1.3100417940951512,1.9122027196531797,1.8,0.413215113517602,0.8361937283236994,0.5652809999999999,-0.8474056694350932,,,,,,,,,,75.13583815028902,75.0,-0.981358818650331,0.0041369028019286,0.0102664417736264,-0.2083891514917409,-0.5229936150643655,-0.75305971636716,-0.5127226907679459,0.1628100327074639,0.1555511486814186,2.0254081357365963,-1.4671566963444616,-1.7061407486134643,-0.8788463811157089
role_residual_height_025,6,2,Foul-drawing paint finisher,False,False,,325,0.1083333333333333,172,153,Top: FTR=3.50; height_inches=0.63; orb_pct=0.34; tov_pct=0.31; blk_pct=-0.07. Bottom: ast_pct=-1.28; three_share=-1.33; three_pa_per_100_team_poss=-1.35; usg=-1.52; resid_drb_pct_height=-1.53.,k6__division_zscore__role_residual_height_025__method-nnls__init-uniform__ninit-1,division_zscore,role_residual_height_025,nnls,uniform,0.3614062219411871,,16,mins_per_game|eFG|three_pct|ft_pct,0.4763525499436981,FTR=3.50; height_inches=0.63; orb_pct=0.34; tov_pct=0.31; blk_pct=-0.07,resid_drb_pct_height=-1.53; usg=-1.52; three_pa_per_100_team_poss=-1.35; three_share=-1.33; ast_pct=-1.28,15.732529295384616,15.347537,-1.5236094321046454,7.234436916923078,6.698211,-1.281465309882818,19.31871382153846,18.63354,0.3067129827628277,0.8205356423692307,0.70833333,-0.7981179865664338,62.72652472000001,56.818182,3.4984728268300933,0.1744727476923077,0.125,-1.3261990925316014,1.8684949427692303,1.20748,-1.349472359663718,7.127587704615384,7.057037,0.3449929107575277,12.256024286153847,12.439185,-1.0382145614522331,1.6305972,1.4,-0.833814558273503,2.15436016,1.612277,-0.0722427406431971,,,,,,,,,,78.60615384615384,79.0,0.6258106097666177,-0.0044585180149167,-0.0114097363083164,-0.2533542786028316,0.5502809888975919,0.153865546218487,-0.2339298683773741,-0.1428697494844865,-0.1685812680672268,-1.0460475305153678,-2.379543152093892,-2.4276602271325807,-1.532575611890093
role_residual_height_025,6,3,Small lead creator,False,False,,821,0.2736666666666666,447,374,Top: ast_pct=2.72; usg=1.90; stl_pct=1.70; resid_drb_pct_height=0.82; ast_tov=0.76. Bottom: three_share=-0.47; blk_pct=-0.65; orb_pct=-0.67; resid_three_share_height=-0.94; height_inches=-1.52.,k6__division_zscore__role_residual_height_025__method-nnls__init-uniform__ninit-1,division_zscore,role_residual_height_025,nnls,uniform,0.3614062219411871,,16,mins_per_game|eFG|three_pct|ft_pct,0.5104963785444115,ast_pct=2.72; usg=1.90; stl_pct=1.70; resid_drb_pct_height=0.82; ast_tov=0.76,height_inches=-1.52; resid_three_share_height=-0.94; orb_pct=-0.67; blk_pct=-0.65; three_share=-0.47,22.38629228501827,22.2,1.89979376996129,18.95906206699147,18.322136,2.723310122545828,18.16893973690621,17.631579,0.3992339306542283,1.4022442811571252,1.346154,0.7571683262706972,35.084429738124236,33.333333,0.6345949499762408,0.3528655152253349,0.353612,-0.4713495681322303,6.159127242387332,5.890471,-0.0516480143163233,3.3673532643118147,2.775062,-0.6712594164237466,11.856027432399516,11.3,-0.1232866935373228,2.515942827040195,2.302146,1.6999202285675483,0.8701979232643119,0.6,-0.6514063530328598,,,,,,,,,,74.37515225334957,74.0,-1.5245424249905646,0.0039994357277285,0.0041103491525423,0.131148947742431,-0.0614154835425104,-0.2801377726750862,0.1761929587489946,-0.0911753307790926,-0.0931696931942919,-0.9415299418550944,0.9691329612336376,0.6796567728674194,0.8235156917719347
role_residual_height_025,6,4,Low-usage turnover/noise bucket,True,False,Dominated by very high TOV% with low usage and no strong positive role or residual signal.,202,0.0673333333333333,109,93,Top: tov_pct=3.89; blk_pct=0.29; stl_pct=0.01; resid_drb_pct_height=-0.32; resid_three_pct_shot_mix=-0.40. Bottom: three_share=-1.24; three_pa_per_100_team_poss=-1.33; resid_three_share_height=-1.45; FTR=-1.88; usg=-2.04.,k6__division_zscore__role_residual_height_025__method-nnls__init-uniform__ninit-1,division_zscore,role_residual_height_025,nnls,uniform,0.3614062219411871,,16,mins_per_game|eFG|three_pct|ft_pct,0.4342773851104638,tov_pct=3.89; blk_pct=0.29; stl_pct=0.01; resid_drb_pct_height=-0.32; resid_three_pct_shot_mix=-0.40,usg=-2.04; FTR=-1.88; resid_three_share_height=-1.45; three_pa_per_100_team_poss=-1.33; three_share=-1.24,13.91726692079208,13.6937095,-2.036899137329765,9.673789935643564,8.773066,-0.772813431129075,28.74751008910891,26.99892,3.885127633161951,0.8175067428217822,0.788703265,-0.738019202445574,22.80267362871287,23.0884615,-1.8799721328813015,0.3031117277227723,0.279088,-1.2445625016681952,3.0897462797029704,2.9681115,-1.329501937899975,4.291728113861386,3.9992295,-1.038153567104156,11.68707694059406,11.793251,-0.6881441149571365,1.7593770099009898,1.7,0.0061082966661221,1.5588279257425746,0.9704685,0.2874853575497884,,,,,,,,,,76.56930693069307,76.0,-0.5649435241644344,-0.0116202359153437,-0.0187243255738599,-0.3992869854096384,-0.6874310291654496,-0.7841318093385213,-0.7503848951145394,-0.0796894621323067,-0.0843657278968807,-1.4537383777825543,-1.071445982642239,-1.0610361653272102,-0.3232587362450609
role_residual_height_025,6,5,High-volume spacer for size,False,False,,699,0.233,373,326,Top: three_pa_per_100_team_poss=2.48; resid_three_share_height=2.32; three_share=2.07; usg=0.50; height_inches=0.49. Bottom: FTR=-1.29; ast_pct=-1.37; ast_tov=-1.45; resid_orb_pct_height=-1.51; tov_pct=-1.55.,k6__division_zscore__role_residual_height_025__method-nnls__init-uniform__ninit-1,division_zscore,role_residual_height_025,nnls,uniform,0.3614062219411871,,16,mins_per_game|eFG|three_pct|ft_pct,0.4666287550621113,three_pa_per_100_team_poss=2.48; resid_three_share_height=2.32; three_share=2.07; usg=0.50; height_inches=0.49,tov_pct=-1.55; resid_orb_pct_height=-1.51; ast_tov=-1.45; ast_pct=-1.37; FTR=-1.29,18.88381295851216,18.8,0.5005249792062155,7.798032506437767,7.463429,-1.366038793423807,14.248164293276108,13.869626,-1.5515398638446165,0.879638543490701,0.87490624,-1.4530397381597264,21.200039978540772,20.8,-1.2915199530369268,0.5939520729613734,0.586667,2.066302335668689,9.753505121602288,9.36497,2.4780216354984748,3.479171529327611,3.106233,-1.0033590244575992,11.556822108726752,11.185775,-0.4916963147163332,1.500566095851216,1.46359,-1.0764030809750151,1.3075248826895565,1.020904,-0.1749305957771732,,,,,,,,,,77.12732474964234,77.0,0.4860263485309811,-0.0004978770673533,0.0052276005089058,0.0286802271275597,-1.904134917712484,-1.8012380770811918,-1.5083755010212887,0.2210943109197064,0.2070415461285008,2.324172307278642,-1.7424163950702272,-1.8875826251180357,-0.8915074546903881
role_residual_height_025,6,6,Interior rim protector / rebounder big,False,False,,607,0.2023333333333333,340,267,Top: blk_pct=3.01; drb_pct=2.72; orb_pct=2.66; resid_drb_pct_height=2.59; resid_orb_pct_height=2.49. Bottom: ast_pct=-0.81; resid_three_share_height=-1.05; ast_tov=-1.09; three_pa_per_100_team_poss=-1.45; three_share=-1.56.,k6__division_zscore__role_residual_height_025__method-nnls__init-uniform__ninit-1,division_zscore,role_residual_height_025,nnls,uniform,0.3614062219411871,,16,mins_per_game|eFG|three_pct|ft_pct,0.4753486052151414,blk_pct=3.01; drb_pct=2.72; orb_pct=2.66; resid_drb_pct_height=2.59; resid_orb_pct_height=2.49,three_share=-1.56; three_pa_per_100_team_poss=-1.45; ast_tov=-1.09; resid_three_share_height=-1.05; ast_pct=-0.81,19.67535653047776,19.3,0.9134145987532614,8.563575960461286,8.1,-0.809148773638311,16.93876300494234,16.4,-0.733722124784791,0.793539329044481,0.714286,-1.0923332391792775,38.73857645469522,37.3,0.2844914035926394,0.1533940823723229,0.112957,-1.5616462558585669,2.371704600823723,1.57709,-1.4543113663667069,9.885124342668863,9.372425,2.6649868345820575,18.610715350906094,18.399213,2.723772465668173,1.5655427034596374,1.5,-0.765175648113351,4.172353584843493,3.5,3.011757147740785,,,,,,,,,,79.89291598023064,80.0,1.847637074895897,-0.0005465265720636,-0.0114097363083164,-0.1905350361820789,2.3256634570380355,1.774140055118112,2.493813306000896,-0.1136315801441007,-0.14126160724365,-1.054919702099662,2.904018348756033,2.5362652869237987,2.59461164083184
role_residual_height_025,7,1,High-volume spacer for size,False,False,,305,0.1016666666666666,160,145,Top: ast_tov=3.61; three_share=2.18; resid_three_share_height=2.15; three_pa_per_100_team_poss=1.11; stl_pct=0.39. Bottom: orb_pct=-1.02; drb_pct=-1.24; FTR=-1.70; usg=-1.78; tov_pct=-2.10.,k7__division_zscore__role_residual_height_025__method-nnls__init-furthest_first__ninit-1,division_zscore,role_residual_height_025,nnls,furthest_first,0.3288383772877349,,16,mins_per_game|eFG|three_pct|ft_pct,0.4493886514647095,ast_tov=3.61; three_share=2.18; resid_three_share_height=2.15; three_pa_per_100_team_poss=1.11; stl_pct=0.39,tov_pct=-2.10; usg=-1.78; FTR=-1.70; drb_pct=-1.24; orb_pct=-1.02,14.14600533114754,14.178994,-1.7824284806488313,11.161153095081968,10.71295,-0.2072437804011594,12.712182452459016,12.758621,-2.1041199803088615,2.2158561610163936,1.8749334,3.6052039254586887,20.466638613114753,19.7,-1.6968674571918485,0.6067117409836066,0.614108,2.179027037909576,7.532683347540984,7.1277,1.1092293204202963,3.4011021770491805,3.0,-1.0233008529397123,10.157209881967212,9.64433,-1.2438793190993649,1.9014554196721307,1.8,0.386415159187464,0.8779880786885248,0.555779,-0.8479213298450945,,,,,,,,,,75.41639344262295,76.0,-0.6561571465904079,0.0044502652213912,0.0119425837320574,-0.277696437134286,-0.7439930607040919,-0.854004101978691,-0.6509418352211418,0.1834262998872247,0.1770858234972677,2.1491227517703737,-1.6459542438706924,-1.8875826251180357,-0.9491792557648334
role_residual_height_025,7,2,Interior rim protector / rebounder big,False,False,,530,0.1766666666666666,301,229,Top: drb_pct=2.73; blk_pct=2.64; resid_drb_pct_height=2.63; height_inches=2.16; orb_pct=2.14. Bottom: resid_three_share_height=-0.82; ast_tov=-0.98; stl_pct=-1.11; three_pa_per_100_team_poss=-1.28; three_share=-1.43.,k7__division_zscore__role_residual_height_025__method-nnls__init-furthest_first__ninit-1,division_zscore,role_residual_height_025,nnls,furthest_first,0.3288383772877349,,16,mins_per_game|eFG|three_pct|ft_pct,0.4663893131361202,drb_pct=2.73; blk_pct=2.64; resid_drb_pct_height=2.63; height_inches=2.16; orb_pct=2.14,three_share=-1.43; three_pa_per_100_team_poss=-1.28; stl_pct=-1.11; ast_tov=-0.98; resid_three_share_height=-0.82,19.81277254528302,19.53528,1.096527715205613,9.116085483018868,8.627368,-0.5741682578182982,17.1411275,16.7,-0.3725246248758495,0.820873335471698,0.747322335,-0.9808898669918386,38.65311893584906,37.349999999999994,0.4292098456722878,0.1551341509433962,0.114105,-1.4283101644778124,2.441993328301887,1.6449465,-1.2833855466873467,9.356217403773584,8.9863745,2.138371109704298,19.116386849056603,19.0,2.7259460178265953,1.3573822150943395,1.3,-1.1060995569950298,4.402365101886793,3.7158745,2.641331536445989,,,,,,,,,,80.27358490566037,80.0,2.157334847307652,0.001765877634187,-0.0114097363083164,-0.1354516722911848,1.481327089580315,0.9998446542268872,1.514562121859364,-0.0930907946427981,-0.1286239627507163,-0.8163817457800402,3.0857662296926742,2.895402744343846,2.627605315264383
role_residual_height_025,7,3,Low-usage turnover/noise bucket,True,False,Dominated by very high TOV% with low usage and no strong positive role or residual signal.,195,0.065,103,92,Top: tov_pct=3.87; blk_pct=0.32; stl_pct=-0.04; resid_three_pct_shot_mix=-0.29; resid_drb_pct_height=-0.31. Bottom: three_share=-1.17; three_pa_per_100_team_poss=-1.30; resid_three_share_height=-1.42; FTR=-1.86; usg=-2.06.,k7__division_zscore__role_residual_height_025__method-nnls__init-furthest_first__ninit-1,division_zscore,role_residual_height_025,nnls,furthest_first,0.3288383772877349,,16,mins_per_game|eFG|three_pct|ft_pct,0.4231394793794408,tov_pct=3.87; blk_pct=0.32; stl_pct=-0.04; resid_three_pct_shot_mix=-0.29; resid_drb_pct_height=-0.31,usg=-2.06; FTR=-1.86; resid_three_share_height=-1.42; three_pa_per_100_team_poss=-1.30; three_share=-1.17,13.930918184615388,13.615979,-2.0615291857139604,10.159722497435896,9.4,-0.6973974259007242,29.27188488205128,27.453672,3.8690638864777527,0.8531474568717948,0.8,-0.7054261026958042,23.165278451282052,23.333333,-1.8594692243784696,0.3045725025641025,0.27933,-1.1748514334714952,3.0625586794871795,2.963273,-1.3026917194061425,4.0246448410256415,3.643725,-1.1078264488922205,11.507247753846157,11.5,-0.7341589322230062,1.8899082769230768,1.7,-0.0444372923768157,1.466203153846154,0.840167,0.3175193724727198,,,,,,,,,,76.34358974358975,76.0,-0.6655407201361042,-0.0078722421554716,-0.0114097363083164,-0.2947846433555464,-0.826297470180748,-1.014808743169399,-0.7548776370329204,-0.0823335580261167,-0.0890258421052631,-1.4246951040077411,-1.0963280507144704,-1.273184466545013,-0.3081429642937151
role_residual_height_025,7,4,Foul-drawing paint finisher,False,False,,251,0.0836666666666666,136,115,Top: FTR=3.54; height_inches=0.89; tov_pct=0.63; blk_pct=0.42; orb_pct=0.29. Bottom: three_pa_per_100_team_poss=-1.38; three_share=-1.39; stl_pct=-1.56; resid_drb_pct_height=-1.83; usg=-2.05.,k7__division_zscore__role_residual_height_025__method-nnls__init-furthest_first__ninit-1,division_zscore,role_residual_height_025,nnls,furthest_first,0.3288383772877349,,16,mins_per_game|eFG|three_pct|ft_pct,0.4570718812515644,FTR=3.54; height_inches=0.89; tov_pct=0.63; blk_pct=0.42; orb_pct=0.29,usg=-2.05; resid_drb_pct_height=-1.83; stl_pct=-1.56; three_share=-1.39; three_pa_per_100_team_poss=-1.38,15.017408091633468,14.5,-2.0543672892201217,6.872464924302788,6.4,-1.236582393804826,19.64532994820717,18.84801,0.6278526223499811,0.8177573413545817,0.69991597,-0.4532178272671021,65.54447123904382,58.1,3.53676333574074,0.1652487091633465,0.10219,-1.3874703498022498,1.6546949338645418,0.997825,-1.3840903393805453,7.108240944223107,7.1,0.2857643843440994,12.19517172111554,12.4,-1.248175755357941,1.409255717131474,1.321025,-1.555643847628055,2.3896798047808767,1.914187,0.4156321615744667,,,,,,,,,,78.86852589641434,79.0,0.8868750425450842,-0.0040880914770195,-0.0114097363083164,-0.0328844795253678,0.3257558923248362,-0.0103755868544599,-0.6104527315138569,-0.1410150562255515,-0.1685812680672268,-0.9819372591311828,-2.6579157360997834,-2.4959914926070024,-1.8332241839359529
role_residual_height_025,7,5,High-volume spacer for size,False,False,,722,0.2406666666666666,390,332,Top: three_pa_per_100_team_poss=2.47; resid_three_share_height=2.31; three_share=2.10; usg=0.41; height_inches=0.35. Bottom: resid_orb_pct_height=-1.38; ast_pct=-1.39; FTR=-1.40; ast_tov=-1.45; tov_pct=-1.55.,k7__division_zscore__role_residual_height_025__method-nnls__init-furthest_first__ninit-1,division_zscore,role_residual_height_025,nnls,furthest_first,0.3288383772877349,,16,mins_per_game|eFG|three_pct|ft_pct,0.4585019932877403,three_pa_per_100_team_poss=2.47; resid_three_share_height=2.31; three_share=2.10; usg=0.41; height_inches=0.35,tov_pct=-1.55; ast_tov=-1.45; FTR=-1.40; ast_pct=-1.39; resid_orb_pct_height=-1.38,18.773469217451524,18.646,0.4109879038604215,7.592208314404432,7.3,-1.38583443963425,14.320289325484763,13.9,-1.5520107576768285,0.8631248244736843,0.860406885,-1.446012962698927,21.383945904432135,21.1,-1.3981435511983875,0.5888894085872576,0.5821925,2.102845597746844,9.629199139889195,9.295862,2.474182172455821,3.635845175900277,3.2,-0.9975397653609362,11.475833495844874,11.1732615,-0.5747122451367483,1.5524015512465374,1.5,-1.1050982454141547,1.292012738227147,1.010452,-0.3071004314508617,,,,,,,,,,77.06094182825485,77.0,0.3509427063588217,-0.0017607188823415,0.0043869407232291,0.0328729370933716,-1.66863683608755,-1.6098159101252951,-1.3823127689516392,0.2114619319378843,0.1976544966710965,2.3112071003522945,-1.744165705747898,-1.8364995309727297,-0.880797986810691
role_residual_height_025,7,6,Small lead creator,False,False,,812,0.2706666666666666,438,374,Top: ast_pct=2.87; usg=1.89; stl_pct=1.17; ast_tov=0.99; FTR=0.64. Bottom: three_share=-0.33; blk_pct=-0.67; resid_three_share_height=-0.79; orb_pct=-0.88; height_inches=-1.61.,k7__division_zscore__role_residual_height_025__method-nnls__init-furthest_first__ninit-1,division_zscore,role_residual_height_025,nnls,furthest_first,0.3288383772877349,,16,mins_per_game|eFG|three_pct|ft_pct,0.5056403990298297,ast_pct=2.87; usg=1.89; stl_pct=1.17; ast_tov=0.99; FTR=0.64,height_inches=-1.61; orb_pct=-0.88; resid_three_share_height=-0.79; blk_pct=-0.67; three_share=-0.33,22.245453828817737,22.028643,1.887164351230884,19.286797599753697,18.655915,2.873853400902986,18.091166160098524,17.611399499999997,0.1013567195675838,1.4550247663546798,1.38550612,0.9870441731448208,35.24544185960591,33.3,0.6352630236972526,0.3602018916256157,0.359001,-0.3254840272210309,6.22445625862069,5.924015,0.1744268671186628,3.1023561625615765,2.6,-0.8834585141845076,11.524950908866996,10.982711,-0.3069580922120412,2.3650571884236453,2.271204,1.1731082398888957,0.8177807044334975,0.5733175,-0.6685530611231707,,,,,,,,,,74.20812807881774,74.0,-1.6050872115907209,0.0048909212733107,0.004085761684285,0.1975161277839943,-0.2309898833024257,-0.350190986441841,-0.0758468413534866,-0.0864894365662283,-0.0903661222871045,-0.7862920646666202,0.7687176909034071,0.4041626110231027,0.6181494538011663
role_residual_height_025,7,7,Disruptive guard / slasher,False,False,,185,0.0616666666666666,100,85,Top: stl_pct=3.24; resid_orb_pct_height=3.16; orb_pct=2.92; resid_drb_pct_height=1.41; drb_pct=1.35. Bottom: ast_pct=-1.27; three_pa_per_100_team_poss=-1.43; ast_tov=-1.46; three_share=-1.53; resid_three_share_height=-1.77.,k7__division_zscore__role_residual_height_025__method-nnls__init-furthest_first__ninit-1,division_zscore,role_residual_height_025,nnls,furthest_first,0.3288383772877349,,16,mins_per_game|eFG|three_pct|ft_pct,0.4014136376762342,stl_pct=3.24; resid_orb_pct_height=3.16; orb_pct=2.92; resid_drb_pct_height=1.41; drb_pct=1.35,resid_three_share_height=-1.77; three_share=-1.53; ast_tov=-1.46; three_pa_per_100_team_poss=-1.43; ast_pct=-1.27,18.92019938918919,18.5,0.0700367954532008,7.900897783783785,7.3,-1.2716585192413692,16.906871416216216,16.4,0.1247012801192341,0.7885420864324325,0.745455,-1.4594341976901088,41.2436617027027,40.0,0.5511161135228242,0.1927031081081081,0.173333,-1.5310964957325977,2.7898797497297303,2.38978,-1.4312871009750772,9.98100802162162,9.633224,2.9229790399033275,14.90232109189189,15.1,1.347275122510761,2.966796956756756,2.6,3.238612920708797,2.0635356432432435,1.614092,0.4790992137652176,,,,,,,,,,77.5945945945946,78.0,0.2491602697879135,-0.0118561919222153,-0.0114097363083164,-0.2689050842411514,4.339389979926271,4.050855475669099,3.1595326482601775,-0.1788390851092996,-0.1966298529182879,-1.7660693022246523,1.2194488955915457,1.1162907728674192,1.4096117638312429
role_residual_height_025,8,1,Plus defensive rebounder for size,False,False,,243,0.081,131,112,Top: resid_drb_pct_height=2.56; drb_pct=2.49; resid_three_share_height=1.61; height_inches=1.06; three_pa_per_100_team_poss=0.97. Bottom: stl_pct=-0.22; ast_pct=-0.26; orb_pct=-0.67; ast_tov=-0.71; resid_orb_pct_height=-1.78.,k8__division_zscore__role_residual_height_025__method-nnls__init-aa_plus_plus__ninit-1,division_zscore,role_residual_height_025,nnls,aa_plus_plus,0.3039979597431767,,16,mins_per_game|eFG|three_pct|ft_pct,0.398288912455824,resid_drb_pct_height=2.56; drb_pct=2.49; resid_three_share_height=1.61; height_inches=1.06; three_pa_per_100_team_poss=0.97,resid_orb_pct_height=-1.78; ast_tov=-0.71; orb_pct=-0.67; ast_pct=-0.26; stl_pct=-0.22,19.99286892592592,19.3,0.7239763672708063,9.942756938271602,9.690821,-0.2627976650034619,16.730104469135803,16.3,0.4803502552725622,0.9328264702880658,0.8889889,-0.7141127510920291,30.907090769547324,29.7,0.2221553206935385,0.4597736419753087,0.47541,0.9251124024974736,7.371474111111112,7.14345,0.9722108413311276,4.819809855967077,4.7,-0.6674695459539837,18.98407033333333,18.2415,2.49002036509619,1.6720825473251029,1.592519,-0.2216665983123105,2.067653111111111,1.787962,-0.1642711727703212,,,,,,,,,,78.66666666666667,79.0,1.055228977691982,0.0032853654021681,0.0083514028103044,0.0231978101053509,-1.8328736725141737,-1.8370136186770427,-1.7808521428484383,0.1428475441879925,0.1356045951661631,1.6073003858448338,4.214262914160551,3.761007551591659,2.560191374738058
role_residual_height_025,8,2,Foul-drawing paint finisher,False,False,,295,0.0983333333333333,158,137,Top: FTR=3.54; tov_pct=0.75; height_inches=0.45; orb_pct=0.16; blk_pct=-0.22. Bottom: ast_pct=-1.21; three_share=-1.26; resid_drb_pct_height=-1.28; three_pa_per_100_team_poss=-1.36; usg=-1.66.,k8__division_zscore__role_residual_height_025__method-nnls__init-aa_plus_plus__ninit-1,division_zscore,role_residual_height_025,nnls,aa_plus_plus,0.3039979597431767,,16,mins_per_game|eFG|three_pct|ft_pct,0.4599621102965566,FTR=3.54; tov_pct=0.75; height_inches=0.45; orb_pct=0.16; blk_pct=-0.22,usg=-1.66; three_pa_per_100_team_poss=-1.36; resid_drb_pct_height=-1.28; three_share=-1.26; ast_pct=-1.21,15.284101010169492,14.845832,-1.656687696480137,7.391977413559323,6.7,-1.2078369708533336,19.613187454237288,18.796992,0.7541388667774231,0.8534482955254237,0.74999998,-0.7975383057315103,64.67112176271188,58.1,3.537997238061134,0.2027927559322034,0.155556,-1.2558808415784402,2.1074225708474574,1.60437,-1.3593796744908735,6.546044515254237,6.5,0.1615917974723106,12.310029037288135,12.5,-0.9121395187123664,1.6986963966101696,1.484613,-0.7166208017449287,1.9080653864406776,1.4,-0.2206689832006848,,,,,,,,,,78.1728813559322,78.0,0.4530350317665236,-0.0073520401282187,-0.0114097363083164,-0.4093644264100811,0.3136802608640161,0.0537158984007524,-0.2742930645626436,-0.1287056954977801,-0.1554494428312159,-1.131241259934983,-1.9129700246547183,-1.8472722271325797,-1.2828174550739708
role_residual_height_025,8,3,High-volume spacer for size,False,False,,537,0.179,285,252,Top: three_pa_per_100_team_poss=2.47; resid_three_share_height=2.22; three_share=2.18; usg=0.29; resid_three_pct_shot_mix=0.09. Bottom: ast_tov=-1.30; ast_pct=-1.36; stl_pct=-1.63; tov_pct=-1.73; FTR=-1.74.,k8__division_zscore__role_residual_height_025__method-nnls__init-aa_plus_plus__ninit-1,division_zscore,role_residual_height_025,nnls,aa_plus_plus,0.3039979597431767,,16,mins_per_game|eFG|three_pct|ft_pct,0.4379180038970349,three_pa_per_100_team_poss=2.47; resid_three_share_height=2.22; three_share=2.18; usg=0.29; resid_three_pct_shot_mix=0.09,FTR=-1.74; tov_pct=-1.73; stl_pct=-1.63; ast_pct=-1.36; ast_tov=-1.30,18.527092016759777,18.47768,0.2860723925525186,7.529293733705772,7.4,-1.3587261338947396,14.109685083798883,13.7,-1.7314942359424317,0.8797246344320299,0.86443883,-1.3011348768725313,19.238802081936687,19.0,-1.740137595330694,0.6149636182495344,0.614379,2.181349313271863,10.058305603351956,9.71255,2.4737766751353405,3.2556265214152704,2.7,-0.7017215955704728,9.913253888268155,9.7,-1.139671031718137,1.4005186387337056,1.34028,-1.6320660266046645,1.0015631415270017,0.8,-0.7254772619755574,,,,,,,,,,76.43389199255121,76.0,-0.0910972346121864,-0.0005169214924967,0.0071734104046242,0.0853519866548264,-1.5467933846379176,-1.4771685243309003,-0.6438009521933036,0.217580853403617,0.1998201597633136,2.2182763246021473,-2.7145158150209405,-2.6109435797665377,-1.21651038603202
role_residual_height_025,8,4,Interior scorer / rebounder,False,False,,503,0.1676666666666666,278,225,Top: resid_orb_pct_height=3.18; orb_pct=2.92; drb_pct=2.17; resid_drb_pct_height=2.15; blk_pct=1.62. Bottom: ast_pct=-0.60; ast_tov=-0.96; three_pa_per_100_team_poss=-1.43; resid_three_share_height=-1.48; three_share=-1.53.,k8__division_zscore__role_residual_height_025__method-nnls__init-aa_plus_plus__ninit-1,division_zscore,role_residual_height_025,nnls,aa_plus_plus,0.3039979597431767,,16,mins_per_game|eFG|three_pct|ft_pct,0.4600777148688272,resid_orb_pct_height=3.18; orb_pct=2.92; drb_pct=2.17; resid_drb_pct_height=2.15; blk_pct=1.62,three_share=-1.53; resid_three_share_height=-1.48; three_pa_per_100_team_poss=-1.43; ast_tov=-0.96; ast_pct=-0.60,20.392643799204773,20.1,1.2673888295747815,8.84556056858847,8.2,-0.5971623748609084,16.26565518687873,15.6,-0.5827408307821665,0.8146367051292246,0.733333,-0.9574754839223762,40.78732414115308,39.5,0.5997814805392098,0.1472240318091451,0.112,-1.5345473501852571,2.3723355023856856,1.63759,-1.4307657148936264,10.55816360437376,10.1,2.9195570664312847,18.06318705566601,17.8,2.169364106825274,1.776907208747515,1.676355,0.1933470281403879,3.2919600596421468,2.8,1.6172488582581803,,,,,,,,,,79.23658051689861,79.0,1.2334052688906934,-0.0054922022227976,-0.0114097363083164,-0.2179817613687484,3.500163888085027,3.0696353855349656,3.180719262399516,-0.1486898073426217,-0.1654169118881119,-1.4758133412504804,2.881235817080083,2.7469814704124325,2.146927687736147
role_residual_height_025,8,5,High-volume spacer for size,False,False,,278,0.0926666666666666,153,125,Top: ast_tov=3.61; resid_three_share_height=2.25; three_share=2.22; three_pa_per_100_team_poss=1.23; stl_pct=0.69. Bottom: resid_drb_pct_height=-1.20; drb_pct=-1.38; FTR=-1.73; usg=-1.81; tov_pct=-2.31.,k8__division_zscore__role_residual_height_025__method-nnls__init-aa_plus_plus__ninit-1,division_zscore,role_residual_height_025,nnls,aa_plus_plus,0.3039979597431767,,16,mins_per_game|eFG|three_pct|ft_pct,0.4311668931739094,ast_tov=3.61; resid_three_share_height=2.25; three_share=2.22; three_pa_per_100_team_poss=1.23; stl_pct=0.69,tov_pct=-2.31; usg=-1.81; FTR=-1.73; drb_pct=-1.38; resid_drb_pct_height=-1.20,14.09470843884892,14.0,-1.812983547308053,10.849132435251798,10.022374500000002,-0.251718395611309,12.20469428417266,12.3,-2.311864098021408,2.22800973028777,1.888888945,3.6052039261237248,20.608092122302157,19.95,-1.7337536461238936,0.613540654676259,0.6183905,2.221065205887635,7.649306625899279,7.258417,1.2317341787459548,3.4544235647482013,3.1,-1.0665542178023864,10.382780226618706,10.05,-1.3751523119920244,2.033587629496403,1.8,0.6943541423932076,1.0031034784172663,0.7,-0.8906493416846957,,,,,,,,,,75.91007194244604,76.0,-0.4867967649276228,0.0069264575979552,0.0141197485918044,-0.0338914364928164,-1.0373622567806806,-1.1943890641641073,-0.7898604380970079,0.2037528794287857,0.1959120014859879,2.2498050243586647,-1.8533862637578675,-2.0643952271325796,-1.1988872611126982
role_residual_height_025,8,6,Small lead creator,False,False,,774,0.258,423,351,Top: ast_pct=2.73; usg=1.98; stl_pct=1.46; ast_tov=1.02; FTR=0.53. Bottom: drb_pct=-0.51; blk_pct=-0.56; orb_pct=-0.83; resid_three_share_height=-0.88; height_inches=-1.46.,k8__division_zscore__role_residual_height_025__method-nnls__init-aa_plus_plus__ninit-1,division_zscore,role_residual_height_025,nnls,aa_plus_plus,0.3039979597431767,,16,mins_per_game|eFG|three_pct|ft_pct,0.4992093939194048,ast_pct=2.73; usg=1.98; stl_pct=1.46; ast_tov=1.02; FTR=0.53,height_inches=-1.46; resid_three_share_height=-0.88; orb_pct=-0.83; blk_pct=-0.56; drb_pct=-0.51,22.41277820155039,22.2454105,1.9785800945939431,19.34902115633075,18.698344,2.7307238685488353,17.79158396124031,17.436229,-0.1325670187710764,1.4623419539534883,1.3825845449999998,1.0198842043064658,33.76434075064599,32.3,0.5295102756130715,0.3611681679586563,0.3607795,-0.399622814476632,6.3784103591731265,6.1026335,0.1382896841566565,3.0398780361757107,2.5877845,-0.8287969567190465,11.065166328165375,10.8,-0.5130623467819466,2.46958588501292,2.3,1.4576184690316056,0.8626834379844962,0.59378,-0.5644500266574154,,,,,,,,,,74.22868217054264,74.0,-1.4559726707854013,0.0045202764318968,0.0042462193523904,0.1905530714596917,-0.3058249384375603,-0.3797971472071083,-0.0265884984032753,-0.0846341123400132,-0.0874340261426005,-0.8776274041498486,0.2927860524757081,0.0726348924110675,0.3100633453622245
role_residual_height_025,8,7,Low-usage turnover/noise bucket,True,False,Dominated by very high TOV% with low usage and no strong positive role or residual signal.,197,0.0656666666666666,98,99,Top: tov_pct=3.83; resid_drb_pct_height=0.45; resid_orb_pct_height=0.08; stl_pct=0.07; ast_tov=-0.11. Bottom: three_share=-0.95; resid_three_share_height=-1.21; three_pa_per_100_team_poss=-1.21; FTR=-1.81; usg=-2.02.,k8__division_zscore__role_residual_height_025__method-nnls__init-aa_plus_plus__ninit-1,division_zscore,role_residual_height_025,nnls,aa_plus_plus,0.3039979597431767,,16,mins_per_game|eFG|three_pct|ft_pct,0.4209347235024275,tov_pct=3.83; resid_drb_pct_height=0.45; resid_orb_pct_height=0.08; stl_pct=0.07; ast_tov=-0.11,usg=-2.02; FTR=-1.81; three_pa_per_100_team_poss=-1.21; resid_three_share_height=-1.21; three_share=-0.95,13.798652959390864,13.6,-2.024383981382365,11.305091736040607,10.940594,-0.5403653147441814,28.65718965989847,26.9,3.83158570267068,0.988880245431472,0.909091,-0.1088603150869403,22.4143294568528,22.222222,-1.8116340735276824,0.3484003197969543,0.352273,-0.9546018859906106,3.485003774111675,3.42203,-1.213388668577105,3.899976994923858,3.643725,-0.5594740063165289,11.478757725888329,11.522931,-0.2149579319016964,1.8889347360406092,1.8,0.0734605073698242,0.965670695431472,0.6,-0.7850337102457515,,,,,,,,,,75.36548223350253,75.0,-0.9115949214556428,-0.0125004819971541,-0.0177594142259414,-0.2095087509226714,-0.249709172923025,-0.4490557129367327,0.0756196917782843,-0.0684246885189989,-0.0717970887323943,-1.210134167472181,-0.2762791761739673,-0.4045484302384565,0.4515415854472246
role_residual_height_025,8,8,Mixed role archetype,False,False,,173,0.0576666666666666,102,71,Top: blk_pct=4.01; height_inches=1.98; tov_pct=0.82; orb_pct=0.68; drb_pct=0.23. Bottom: usg=-1.31; ast_tov=-1.38; three_pa_per_100_team_poss=-1.45; three_share=-1.55; stl_pct=-1.61.,k8__division_zscore__role_residual_height_025__method-nnls__init-aa_plus_plus__ninit-1,division_zscore,role_residual_height_025,nnls,aa_plus_plus,0.3039979597431767,,16,mins_per_game|eFG|three_pct|ft_pct,0.4347385314200787,blk_pct=4.01; height_inches=1.98; tov_pct=0.82; orb_pct=0.68; drb_pct=0.23,stl_pct=-1.61; three_share=-1.55; three_pa_per_100_team_poss=-1.45; ast_tov=-1.38; usg=-1.31,16.539945809248554,16.353483,-1.306695740325539,7.152349647398843,6.795947,-1.2510762914173703,19.301544075144513,18.4,0.8234858541783457,0.7305728708670521,0.642857,-1.3773398276341469,32.78622860115607,32.7,-0.7034642593384364,0.1553067803468208,0.098446,-1.5451876708530776,2.1354042369942197,1.172742,-1.44679858632361,7.589422156069364,7.5,0.6791748323981045,14.851571011560694,14.8,0.2303558480944115,1.2110882080924856,1.1,-1.6093950205552514,6.182388150289018,5.797101,4.012360556306073,,,,,,,,,,80.91907514450867,81.0,1.9758555902652633,0.0097564149157089,-0.0114097363083164,-0.1074534919448891,-0.656208579467769,-0.6462841015992469,-0.6108762273336034,-0.0689746424431273,-0.1201942680672268,-0.6019969648856573,-1.5330980978262394,-1.4596521986013968,-1.0990734526154915
