version,k,archetypes,junk_count,fragile_count,min_rows,min_share,rss_per_row,clean_archetypes,has_zero_junk,recommended_tier
role_residual_context_only_height_025,6,6,1,0,256,0.0853333333333333,0.3368763307950451,5,False,inspect
role_residual_height_025,6,6,1,0,202,0.0673333333333333,0.3614062219411871,5,False,inspect
quality_lite_residual_height_025,6,6,1,0,150,0.05,0.3943301221227731,5,False,inspect
role_residual_context_only_height_025,7,7,1,0,223,0.0743333333333333,0.3029113353306103,6,False,best_first_cut
role_residual_height_025,7,7,1,0,185,0.0616666666666666,0.3288383772877349,6,False,best_first_cut
quality_lite_residual_height_025,7,7,1,0,184,0.0613333333333333,0.366285016296777,6,False,best_first_cut
role_residual_context_only_height_025,8,8,1,0,200,0.0666666666666666,0.2749070877774018,7,False,inspect
role_residual_height_025,8,8,1,0,173,0.0576666666666666,0.3039979597431767,7,False,inspect
quality_lite_residual_height_025,8,8,1,1,81,0.027,0.3498785561307565,7,False,inspect
