target,target_col,regime,model,split,train_n,test_n,numeric_feature_count,categorical_feature_count,n,mae,rmse,r2,pearson,spearman
rapm,hoop_rapm_net,no_minutes,mean,season_holdout_2025_26,309,163,51,1,163.0,2.185077199356722,2.7257027903261157,-0.010151849471066399,,
rapm,hoop_rapm_net,no_minutes,ridge,season_holdout_2025_26,309,163,51,1,163.0,2.0146533571736267,2.577464663463484,0.09673515968470525,0.38842978885836943,0.3690793452426783
rapm,hoop_rapm_net,no_minutes,elasticnet,season_holdout_2025_26,309,163,51,1,163.0,2.0222341540688578,2.5721513155240316,0.10045541517002887,0.39251605236077614,0.3721703854518335
rapm,hoop_rapm_net,no_minutes,random_forest,season_holdout_2025_26,309,163,51,1,163.0,2.0030613487823627,2.5769643666713775,0.09708578070429752,0.341683392745357,0.2953391242422915
rapm,hoop_rapm_net,no_minutes,extra_trees,season_holdout_2025_26,309,163,51,1,163.0,1.9846598312280894,2.547971257653105,0.11728864137923645,0.3877469130167066,0.30159602141151803
rapm,hoop_rapm_net,no_minutes,gradient_boosting,season_holdout_2025_26,309,163,51,1,163.0,2.09000044180553,2.671798333138126,0.029407312632122595,0.3211573213241424,0.27376419007063585
rapm,hoop_rapm_net,no_minutes,hist_gradient_boosting,season_holdout_2025_26,309,163,51,1,163.0,2.250814443749853,2.8331797192085078,-0.09138483386855922,0.18270334119988382,0.15974761816028057
rapm,hoop_rapm_net,no_minutes,knn,season_holdout_2025_26,309,163,51,1,163.0,2.174377986660718,2.7052719960913927,0.004934796607971692,0.1686297202727177,0.16587843524925924
rapm,hoop_rapm_net,no_minutes,svr_rbf,season_holdout_2025_26,309,163,51,1,163.0,2.0642771790203285,2.6190811635133073,0.06733091821291393,0.2835806109404328,0.28983178007761573
rapm,hoop_rapm_net,with_minutes,mean,season_holdout_2025_26,309,163,53,1,163.0,2.185077199356722,2.7257027903261157,-0.010151849471066399,,
rapm,hoop_rapm_net,with_minutes,ridge,season_holdout_2025_26,309,163,53,1,163.0,1.9506837904205314,2.485356918893963,0.16013941943696153,0.4394097458740076,0.4266328236327743
rapm,hoop_rapm_net,with_minutes,elasticnet,season_holdout_2025_26,309,163,53,1,163.0,1.9558187396067057,2.4800383607365744,0.1637301052464607,0.4421245847327637,0.42331871866625737
rapm,hoop_rapm_net,with_minutes,random_forest,season_holdout_2025_26,309,163,53,1,163.0,1.9977888657095926,2.476488380264162,0.16612250133391293,0.4151858229682226,0.3799291596209365
rapm,hoop_rapm_net,with_minutes,extra_trees,season_holdout_2025_26,309,163,53,1,163.0,1.8987104626332898,2.4312440472534202,0.1963133090907616,0.4590378846336417,0.3822789597978648
rapm,hoop_rapm_net,with_minutes,gradient_boosting,season_holdout_2025_26,309,163,53,1,163.0,2.070636011304842,2.6156599040742687,0.06976598500958542,0.3711603982508799,0.34190700970616994
rapm,hoop_rapm_net,with_minutes,hist_gradient_boosting,season_holdout_2025_26,309,163,53,1,163.0,2.084820005498082,2.6197627976513798,0.06684538777399995,0.3326989244584053,0.30135633070950824
rapm,hoop_rapm_net,with_minutes,knn,season_holdout_2025_26,309,163,53,1,163.0,2.1210036516730066,2.660749084357861,0.03741850469534347,0.21634339142146297,0.21255161836257555
rapm,hoop_rapm_net,with_minutes,svr_rbf,season_holdout_2025_26,309,163,53,1,163.0,2.0404630687732674,2.574079989938608,0.09910589963786409,0.32897174697435727,0.34127660930493037
bpr,evanmiya_bpr,no_minutes,mean,season_holdout_2025_26,309,162,51,1,162.0,1.6977591993287784,2.0699931434283947,-0.007841218397413252,,
bpr,evanmiya_bpr,no_minutes,ridge,season_holdout_2025_26,309,162,51,1,162.0,1.4789673771201766,1.8805446395412042,0.16819486679096285,0.468518499843003,0.47150393620853653
bpr,evanmiya_bpr,no_minutes,elasticnet,season_holdout_2025_26,309,162,51,1,162.0,1.4813090067531707,1.8858079506154823,0.16353220070069108,0.46541405163524824,0.4687066899858115
bpr,evanmiya_bpr,no_minutes,random_forest,season_holdout_2025_26,309,162,51,1,162.0,1.4390619492775207,1.8125007018349775,0.22730043275209977,0.505846665297453,0.5217569867900554
bpr,evanmiya_bpr,no_minutes,extra_trees,season_holdout_2025_26,309,162,51,1,162.0,1.397588579389575,1.777069688461012,0.2572148364516412,0.5311772996460444,0.5157207496081206
bpr,evanmiya_bpr,no_minutes,gradient_boosting,season_holdout_2025_26,309,162,51,1,162.0,1.4037661821427014,1.787628442339908,0.24836185147290124,0.5169987978367212,0.5268194096966724
bpr,evanmiya_bpr,no_minutes,hist_gradient_boosting,season_holdout_2025_26,309,162,51,1,162.0,1.5124842397410174,1.9335952898246602,0.12060202517312257,0.4065954196989888,0.39843681640887907
bpr,evanmiya_bpr,no_minutes,knn,season_holdout_2025_26,309,162,51,1,162.0,1.5410008809780569,1.9134153996880656,0.13886184520295508,0.37833954017222826,0.3724599677835122
bpr,evanmiya_bpr,no_minutes,svr_rbf,season_holdout_2025_26,309,162,51,1,162.0,1.456797338747947,1.835702640251148,0.20739105857603013,0.46038780314727407,0.4680617144440429
bpr,evanmiya_bpr,with_minutes,mean,season_holdout_2025_26,309,162,53,1,162.0,1.6977591993287784,2.0699931434283947,-0.007841218397413252,,
bpr,evanmiya_bpr,with_minutes,ridge,season_holdout_2025_26,309,162,53,1,162.0,1.3272920868258895,1.666639179984972,0.3466626652221888,0.612599079694317,0.6202547724258798
bpr,evanmiya_bpr,with_minutes,elasticnet,season_holdout_2025_26,309,162,53,1,162.0,1.3359822368383463,1.6693367907004373,0.34454597894617656,0.61071928669943,0.613487468874938
bpr,evanmiya_bpr,with_minutes,random_forest,season_holdout_2025_26,309,162,53,1,162.0,1.3600249502408759,1.6837284026238186,0.3331957207970003,0.5850519416587427,0.5733338602559923
bpr,evanmiya_bpr,with_minutes,extra_trees,season_holdout_2025_26,309,162,53,1,162.0,1.2746738808054086,1.6004853682861178,0.39749907429768083,0.6487987511963237,0.6346672237005861
bpr,evanmiya_bpr,with_minutes,gradient_boosting,season_holdout_2025_26,309,162,53,1,162.0,1.3830771670338358,1.7017100985832758,0.31887714307125137,0.574864849159826,0.5674825066538641
bpr,evanmiya_bpr,with_minutes,hist_gradient_boosting,season_holdout_2025_26,309,162,53,1,162.0,1.403455629103587,1.771506522169578,0.2618581764040919,0.5273433479239953,0.511231324666401
bpr,evanmiya_bpr,with_minutes,knn,season_holdout_2025_26,309,162,53,1,162.0,1.4540800947862564,1.838888852967533,0.2046372221888546,0.4630646339465261,0.4601978113395908
bpr,evanmiya_bpr,with_minutes,svr_rbf,season_holdout_2025_26,309,162,53,1,162.0,1.3367300688036379,1.703145412639008,0.3177276670213024,0.5644894129931736,0.5710771515223206
porpag,d1_PORPAG,no_minutes,mean,season_holdout_2025_26,403,227,51,1,227.0,0.9526537530663199,1.1415923765911304,-0.018321491048838068,,
porpag,d1_PORPAG,no_minutes,ridge,season_holdout_2025_26,403,227,51,1,227.0,0.876071410016031,1.0945718571964822,0.06383727510083259,0.32324726165092554,0.3351404005846811
porpag,d1_PORPAG,no_minutes,elasticnet,season_holdout_2025_26,403,227,51,1,227.0,0.8873264567514992,1.100613573005353,0.05347406521402864,0.31110798733916856,0.31772648591891534
porpag,d1_PORPAG,no_minutes,random_forest,season_holdout_2025_26,403,227,51,1,227.0,0.9066254597747632,1.104566811050173,0.04666229677040279,0.3208071218739487,0.32808619549208035
porpag,d1_PORPAG,no_minutes,extra_trees,season_holdout_2025_26,403,227,51,1,227.0,0.9068113050179423,1.1112629675833987,0.03506852407430583,0.2957839368931914,0.32884280925819337
porpag,d1_PORPAG,no_minutes,gradient_boosting,season_holdout_2025_26,403,227,51,1,227.0,0.9092984401373508,1.136730750794802,-0.009666639243581354,0.3026634978662721,0.3006511238535797
porpag,d1_PORPAG,no_minutes,hist_gradient_boosting,season_holdout_2025_26,403,227,51,1,227.0,0.8976353645575686,1.0975532800537355,0.058730441486540164,0.36228967276683754,0.3510251860051704
porpag,d1_PORPAG,no_minutes,knn,season_holdout_2025_26,403,227,51,1,227.0,0.9354370980699263,1.1387669455985014,-0.013287055568084405,0.22470873167334604,0.22405462392321135
porpag,d1_PORPAG,no_minutes,svr_rbf,season_holdout_2025_26,403,227,51,1,227.0,0.8608952213795571,1.1074182729830597,0.04173382172765461,0.28780801245129095,0.32619440459755505
porpag,d1_PORPAG,with_minutes,mean,season_holdout_2025_26,403,227,53,1,227.0,0.9526537530663199,1.1415923765911304,-0.018321491048838068,,
porpag,d1_PORPAG,with_minutes,ridge,season_holdout_2025_26,403,227,53,1,227.0,0.6237021974800566,0.822761901055369,0.47105424580669664,0.700384309523499,0.7077083041054096
porpag,d1_PORPAG,with_minutes,elasticnet,season_holdout_2025_26,403,227,53,1,227.0,0.626344089958055,0.8275563635808955,0.46487165613417836,0.6940824188807044,0.6996799908488437
porpag,d1_PORPAG,with_minutes,random_forest,season_holdout_2025_26,403,227,53,1,227.0,0.6425497783128934,0.8392899259359726,0.449589373487441,0.6771579948807028,0.6738130333005177
porpag,d1_PORPAG,with_minutes,extra_trees,season_holdout_2025_26,403,227,53,1,227.0,0.6246075749480975,0.8138145533560089,0.4824960207944209,0.7019105784723769,0.6920533240864245
porpag,d1_PORPAG,with_minutes,gradient_boosting,season_holdout_2025_26,403,227,53,1,227.0,0.6626787869870329,0.8556491076868663,0.4279233879789811,0.6610173688438463,0.657293205274979
porpag,d1_PORPAG,with_minutes,hist_gradient_boosting,season_holdout_2025_26,403,227,53,1,227.0,0.6716412885052121,0.8819415699192305,0.3922255818917336,0.651482295659154,0.666034017867905
porpag,d1_PORPAG,with_minutes,knn,season_holdout_2025_26,403,227,53,1,227.0,0.8318661139814415,1.0285492827585427,0.17336650117845653,0.461633106800008,0.43434862351439035
porpag,d1_PORPAG,with_minutes,svr_rbf,season_holdout_2025_26,403,227,53,1,227.0,0.6671161317024684,0.8838717285130091,0.3895624016048962,0.6274533779576359,0.6328532982333149
bpm,d1_bpm,no_minutes,mean,season_holdout_2025_26,457,246,51,1,246.0,3.401385368079736,4.847498857636003,-0.0020173727108971917,,
bpm,d1_bpm,no_minutes,ridge,season_holdout_2025_26,457,246,51,1,246.0,3.4536091958411634,4.9500989749537885,-0.044882812772049974,0.18712401028464262,0.22286798936526758
bpm,d1_bpm,no_minutes,elasticnet,season_holdout_2025_26,457,246,51,1,246.0,3.444503482049323,4.939223240945041,-0.040296486732830594,0.18604441592172585,0.22484693874466952
bpm,d1_bpm,no_minutes,random_forest,season_holdout_2025_26,457,246,51,1,246.0,3.389092566812439,4.900612173211426,-0.02409557460984213,0.16397265690227983,0.2647660960427313
bpm,d1_bpm,no_minutes,extra_trees,season_holdout_2025_26,457,246,51,1,246.0,3.37102497972371,4.8642967361773,-0.008973920778815092,0.17880226799920187,0.2782253700907451
bpm,d1_bpm,no_minutes,gradient_boosting,season_holdout_2025_26,457,246,51,1,246.0,3.6802107459882345,5.171008233932652,-0.1402242653867083,0.11350513247093715,0.1711722695587038
bpm,d1_bpm,no_minutes,hist_gradient_boosting,season_holdout_2025_26,457,246,51,1,246.0,3.797147593273136,5.312701001843364,-0.20356782600766388,0.09055322338431553,0.13825520748841172
bpm,d1_bpm,no_minutes,knn,season_holdout_2025_26,457,246,51,1,246.0,3.4555103252148522,4.909924932551457,-0.02799150317597765,0.13724838864586786,0.15284340968544888
bpm,d1_bpm,no_minutes,svr_rbf,season_holdout_2025_26,457,246,51,1,246.0,3.305874326607527,4.793154049431039,0.020323715743479576,0.25593744585659683,0.3031673870754515
bpm,d1_bpm,with_minutes,mean,season_holdout_2025_26,457,246,53,1,246.0,3.401385368079736,4.847498857636003,-0.0020173727108971917,,
bpm,d1_bpm,with_minutes,ridge,season_holdout_2025_26,457,246,53,1,246.0,2.94129539311256,4.2046161983319426,0.2461368086467849,0.5326744515732474,0.5398980982135355
bpm,d1_bpm,with_minutes,elasticnet,season_holdout_2025_26,457,246,53,1,246.0,2.938957480941094,4.195273809616377,0.24948315857363046,0.5328503872515684,0.5383524218652653
bpm,d1_bpm,with_minutes,random_forest,season_holdout_2025_26,457,246,53,1,246.0,3.035568648746967,4.5564343259872695,0.11470084356025811,0.40925874508329546,0.5275185808635702
bpm,d1_bpm,with_minutes,extra_trees,season_holdout_2025_26,457,246,53,1,246.0,2.9945888419081856,4.442120993867995,0.15856497109040113,0.44041230672815357,0.5254908630778734
bpm,d1_bpm,with_minutes,gradient_boosting,season_holdout_2025_26,457,246,53,1,246.0,2.9663480019073862,4.386132768128581,0.17964209426747246,0.4708553177642453,0.5386950098433697
bpm,d1_bpm,with_minutes,hist_gradient_boosting,season_holdout_2025_26,457,246,53,1,246.0,3.1433508169225215,4.683850946481475,0.06449534528041923,0.3952803235011568,0.43078423023202744
bpm,d1_bpm,with_minutes,knn,season_holdout_2025_26,457,246,53,1,246.0,3.2321940219105376,4.746785547038017,0.03918661801558776,0.2667927840158296,0.3331660026169759
bpm,d1_bpm,with_minutes,svr_rbf,season_holdout_2025_26,457,246,53,1,246.0,3.021242799712892,4.40897020846127,0.17107707834090824,0.4366831725229561,0.4677990475651259
rapm,hoop_rapm_net,no_minutes,multi_ridge,multi_output_season_holdout_2025_26,306,159,51,1,159.0,1.9439341840995403,2.474853865689151,0.0963160849858481,0.3758248599069723,0.3628003066041035
bpr,evanmiya_bpr,no_minutes,multi_ridge,multi_output_season_holdout_2025_26,306,159,51,1,159.0,1.4868738181163965,1.8827245903688459,0.1703228606887709,0.4640012476869382,0.4661500822002977
porpag,d1_PORPAG,no_minutes,multi_ridge,multi_output_season_holdout_2025_26,306,159,51,1,159.0,0.8855426569971534,1.0834626916099597,0.02397220338619488,0.2718349052719321,0.24626242406743787
bpm,d1_bpm,no_minutes,multi_ridge,multi_output_season_holdout_2025_26,306,159,51,1,159.0,2.3056523703721967,2.8370595511222416,0.1298666911418357,0.45686330611324444,0.4009899696904999
rapm,hoop_rapm_net,no_minutes,multi_random_forest,multi_output_season_holdout_2025_26,306,159,51,1,159.0,1.918579946142159,2.4290592962528024,0.12945010906454224,0.368670562976845,0.3131406086851606
bpr,evanmiya_bpr,no_minutes,multi_random_forest,multi_output_season_holdout_2025_26,306,159,51,1,159.0,1.4348621897981415,1.812040854441555,0.23145110223741394,0.5104411979978052,0.48922770571386437
porpag,d1_PORPAG,no_minutes,multi_random_forest,multi_output_season_holdout_2025_26,306,159,51,1,159.0,0.8434629151197127,1.032052169157303,0.11440008593714768,0.38356581513049504,0.36737996132381356
bpm,d1_bpm,no_minutes,multi_random_forest,multi_output_season_holdout_2025_26,306,159,51,1,159.0,2.2806799660679613,2.730310472874091,0.19411520856053466,0.47572768358817824,0.41649033951105724
rapm,hoop_rapm_net,no_minutes,multi_extra_trees,multi_output_season_holdout_2025_26,306,159,51,1,159.0,1.8902897927392186,2.421214867287783,0.13506375548547744,0.39409621047536236,0.2818099786616938
bpr,evanmiya_bpr,no_minutes,multi_extra_trees,multi_output_season_holdout_2025_26,306,159,51,1,159.0,1.4255996441674152,1.8047626878241103,0.23761254540274845,0.5094405093434584,0.47886068790650854
porpag,d1_PORPAG,no_minutes,multi_extra_trees,multi_output_season_holdout_2025_26,306,159,51,1,159.0,0.8421327564326806,1.038832047698967,0.10272629273360856,0.3615111592579954,0.35558600697556403
bpm,d1_bpm,no_minutes,multi_extra_trees,multi_output_season_holdout_2025_26,306,159,51,1,159.0,2.252751022513627,2.6735805940576696,0.22725634003773088,0.5058601447948603,0.4368032278506321
rapm,hoop_rapm_net,no_minutes,multi_gradient_boosting,multi_output_season_holdout_2025_26,306,159,51,1,159.0,2.03234595523467,2.5961924139484496,0.005531147073872811,0.3052825663029932,0.27146395947580365
bpr,evanmiya_bpr,no_minutes,multi_gradient_boosting,multi_output_season_holdout_2025_26,306,159,51,1,159.0,1.413725503867313,1.7962021537048334,0.24482786009729263,0.5089391428251445,0.5185404672233022
porpag,d1_PORPAG,no_minutes,multi_gradient_boosting,multi_output_season_holdout_2025_26,306,159,51,1,159.0,0.8847544664909274,1.103347215798291,-0.012182141778485533,0.2455611104862554,0.2662618419079452
bpm,d1_bpm,no_minutes,multi_gradient_boosting,multi_output_season_holdout_2025_26,306,159,51,1,159.0,2.2878799647786097,2.745896620150235,0.18488805965785038,0.46358472013050184,0.4091461735329041
rapm,hoop_rapm_net,with_minutes,multi_ridge,multi_output_season_holdout_2025_26,306,159,53,1,159.0,1.8716884686278692,2.382981116055347,0.16216473938279719,0.4333621772231968,0.419807155934524
bpr,evanmiya_bpr,with_minutes,multi_ridge,multi_output_season_holdout_2025_26,306,159,53,1,159.0,1.3332670994230116,1.6664884855133233,0.34995987011154706,0.6127009135292791,0.6164457176119057
porpag,d1_PORPAG,with_minutes,multi_ridge,multi_output_season_holdout_2025_26,306,159,53,1,159.0,0.6332785317425879,0.8520599094103137,0.3963648416604393,0.6492738490418947,0.6606958000179474
bpm,d1_bpm,with_minutes,multi_ridge,multi_output_season_holdout_2025_26,306,159,53,1,159.0,2.091465209953947,2.557916546329927,0.2926707259698541,0.5807129689099746,0.5694594649060167
rapm,hoop_rapm_net,with_minutes,multi_random_forest,multi_output_season_holdout_2025_26,306,159,53,1,159.0,1.8921189344195013,2.3378695636597113,0.19358613484456133,0.4415029230799085,0.392921836131167
bpr,evanmiya_bpr,with_minutes,multi_random_forest,multi_output_season_holdout_2025_26,306,159,53,1,159.0,1.3900189542518966,1.7236577995494218,0.3045952839344199,0.5631613990427968,0.5504640155066876
porpag,d1_PORPAG,with_minutes,multi_random_forest,multi_output_season_holdout_2025_26,306,159,53,1,159.0,0.7175768554223924,0.9112137378209886,0.30964133347289924,0.585483662835613,0.566551652848
bpm,d1_bpm,with_minutes,multi_random_forest,multi_output_season_holdout_2025_26,306,159,53,1,159.0,2.0954158336062236,2.567024334133274,0.2876246863795454,0.5541852937700074,0.5296084081745625
rapm,hoop_rapm_net,with_minutes,multi_extra_trees,multi_output_season_holdout_2025_26,306,159,53,1,159.0,1.8013753538091493,2.278822100528095,0.2338068275637104,0.48648271630572654,0.4420008672685039
bpr,evanmiya_bpr,with_minutes,multi_extra_trees,multi_output_season_holdout_2025_26,306,159,53,1,159.0,1.2892770062144354,1.6324969693310714,0.37620728107685275,0.6258116143867676,0.6111032328412036
porpag,d1_PORPAG,with_minutes,multi_extra_trees,multi_output_season_holdout_2025_26,306,159,53,1,159.0,0.681070193704747,0.875832315560013,0.3622122193186865,0.6276730584951662,0.6261573218873565
bpm,d1_bpm,with_minutes,multi_extra_trees,multi_output_season_holdout_2025_26,306,159,53,1,159.0,2.0192007350291554,2.4129983347755277,0.37054754112727273,0.633107376100652,0.5876900135017858
rapm,hoop_rapm_net,with_minutes,multi_gradient_boosting,multi_output_season_holdout_2025_26,306,159,53,1,159.0,1.9392404912632557,2.464931765922989,0.10354759720493611,0.3809068043883881,0.367574014489903
bpr,evanmiya_bpr,with_minutes,multi_gradient_boosting,multi_output_season_holdout_2025_26,306,159,53,1,159.0,1.3530014102974197,1.6909123293087387,0.3307664336610965,0.5842347716104581,0.5814635632108426
porpag,d1_PORPAG,with_minutes,multi_gradient_boosting,multi_output_season_holdout_2025_26,306,159,53,1,159.0,0.7201114415817835,0.939391875714632,0.26628421321268414,0.5383233127177139,0.5383497569485595
bpm,d1_bpm,with_minutes,multi_gradient_boosting,multi_output_season_holdout_2025_26,306,159,53,1,159.0,1.9980724391458022,2.4201662302191216,0.3668023659652673,0.6190771530612735,0.604568160801578
