run,target,regime,model,test_n,mae,rmse,r2,pearson,spearman,numeric_feature_count,categorical_feature_count,include_archetypes,archetype_mode,drop_d2_minutes
fixed_k6_archetypes_no_d2_minutes,bpm,no_minutes,multi_gradient_boosting,159,2.0654769402066866,2.5059467349157596,0.3211207084028806,0.5798992197095586,0.5399708472437371,52,6,True,fixed_1to6_reprojected,True
fixed_k6_archetypes_no_d2_minutes,bpm,with_minutes,multi_gradient_boosting,159,2.0120143541731026,2.361800552166638,0.3969749829785304,0.6422479062747829,0.6090373544882836,54,6,True,fixed_1to6_reprojected,True
fixed_k6_archetypes_no_d2_minutes,bpr,no_minutes,gradient_boosting,162,1.3333733566672077,1.694574623027286,0.3245772278663138,0.5937962613116955,0.6008913929224552,52,6,True,fixed_1to6_reprojected,True
fixed_k6_archetypes_no_d2_minutes,bpr,with_minutes,gradient_boosting,162,1.26484247386766,1.5781025529507415,0.4142332083083235,0.647089590486827,0.6558469785262344,54,6,True,fixed_1to6_reprojected,True
fixed_k6_archetypes_no_d2_minutes,porpag,no_minutes,multi_random_forest,159,0.8224793205694709,1.0215136492146202,0.132393870331747,0.4215605819185217,0.4297098382717329,52,6,True,fixed_1to6_reprojected,True
fixed_k6_archetypes_no_d2_minutes,porpag,with_minutes,ridge,227,0.622670472227178,0.8241911643312325,0.4692149302364843,0.6999416757655585,0.7146722285045624,54,6,True,fixed_1to6_reprojected,True
fixed_k6_archetypes_no_d2_minutes,rapm,no_minutes,gradient_boosting,163,1.899378762725723,2.391952230881005,0.2220804781717154,0.4941002277458698,0.4834755428891648,52,6,True,fixed_1to6_reprojected,True
fixed_k6_archetypes_no_d2_minutes,rapm,with_minutes,multi_extra_trees,159,1.767554810130279,2.2132614662600747,0.27725869097523,0.527564260403453,0.484325355509267,54,6,True,fixed_1to6_reprojected,True
no_archetypes_no_d2_minutes,bpm,no_minutes,multi_gradient_boosting,159,2.165023180939658,2.5928614690923495,0.2732123850458842,0.5459352686104164,0.4791695121579375,42,6,False,,True
no_archetypes_no_d2_minutes,bpm,with_minutes,multi_gradient_boosting,159,1.9657922748996792,2.3310316596767104,0.4125847269895657,0.6610747023206555,0.6423562831058357,44,6,False,,True
no_archetypes_no_d2_minutes,bpr,no_minutes,gradient_boosting,162,1.3389386978092528,1.7137603654381848,0.3091965603415736,0.5887614620675929,0.6046638647455348,42,6,False,,True
no_archetypes_no_d2_minutes,bpr,with_minutes,gradient_boosting,162,1.2442445831589803,1.5576716696384327,0.4293022707095054,0.6595986822276243,0.6738159688934066,44,6,False,,True
no_archetypes_no_d2_minutes,porpag,no_minutes,multi_random_forest,159,0.8300256502577176,1.02443546123771,0.1274235845243249,0.4182226041116014,0.4119226265246449,42,6,False,,True
no_archetypes_no_d2_minutes,porpag,with_minutes,ridge,227,0.6202081470195472,0.8175236683801193,0.4777680247699789,0.7056104496769091,0.7164834849168641,44,6,False,,True
no_archetypes_no_d2_minutes,rapm,no_minutes,multi_gradient_boosting,159,1.829972559186414,2.303798585370887,0.2169194326407895,0.4747035158671194,0.4256974158836688,42,6,False,,True
no_archetypes_no_d2_minutes,rapm,with_minutes,multi_extra_trees,159,1.7605679694594194,2.195083037505046,0.2890822793323477,0.538130257543116,0.5070773428749195,44,6,False,,True
