group,feature,group_weight,features_in_group,per_feature_squared_weight,z_multiplier
efficiency,eFG,0.16666666666666666,3,0.05555555555555555,0.23570226039551584
efficiency,three_pct,0.16666666666666666,3,0.05555555555555555,0.23570226039551584
efficiency,ft_pct,0.16666666666666666,3,0.05555555555555555,0.23570226039551584
usage,FTR,0.16666666666666666,2,0.08333333333333333,0.28867513459481287
usage,usg,0.16666666666666666,2,0.08333333333333333,0.28867513459481287
shooting_style,three_share,0.16666666666666666,2,0.08333333333333333,0.28867513459481287
shooting_style,three_pa_per_100_team_poss,0.16666666666666666,2,0.08333333333333333,0.28867513459481287
ball_movement,tov_pct,0.16666666666666666,3,0.05555555555555555,0.23570226039551584
ball_movement,ast_pct,0.16666666666666666,3,0.05555555555555555,0.23570226039551584
ball_movement,ast_tov,0.16666666666666666,3,0.05555555555555555,0.23570226039551584
rebounding,orb_pct,0.16666666666666666,2,0.08333333333333333,0.28867513459481287
rebounding,drb_pct,0.16666666666666666,2,0.08333333333333333,0.28867513459481287
defense,stl_pct,0.16666666666666666,2,0.08333333333333333,0.28867513459481287
defense,blk_pct,0.16666666666666666,2,0.08333333333333333,0.28867513459481287
