run_id,scaling_group,feature,clip_p01,clip_p99,mean_after_clip,std_after_clip,z_multiplier
k8__pooled_zscore__no_height_no_minutes_no_efficiency__method-nnls__init-uniform__ninit-1,pooled,FTR,0.0,100.0,32.80349813354087,18.169826294707423,1.0
k8__pooled_zscore__no_height_no_minutes_no_efficiency__method-nnls__init-uniform__ninit-1,pooled,three_share,0.0,0.8855680499999997,0.36998393579652195,0.23730439104356527,1.0
k8__pooled_zscore__no_height_no_minutes_no_efficiency__method-nnls__init-uniform__ninit-1,pooled,three_pa_per_100_team_poss,0.0,15.740537999999997,5.658918002536096,3.9775524916192477,1.0
k8__pooled_zscore__no_height_no_minutes_no_efficiency__method-nnls__init-uniform__ninit-1,pooled,usg,8.2,31.210294829999985,18.786396191363586,4.971047911805602,1.0
k8__pooled_zscore__no_height_no_minutes_no_efficiency__method-nnls__init-uniform__ninit-1,pooled,tov_pct,4.7,39.08997037999999,17.27796730072836,6.36409084686563,1.0
k8__pooled_zscore__no_height_no_minutes_no_efficiency__method-nnls__init-uniform__ninit-1,pooled,ast_pct,0.0,32.10475371,11.323005310418925,6.687913479284814,1.0
k8__pooled_zscore__no_height_no_minutes_no_efficiency__method-nnls__init-uniform__ninit-1,pooled,orb_pct,0.0,15.960073349999996,5.249234176870538,3.6416356378880677,1.0
k8__pooled_zscore__no_height_no_minutes_no_efficiency__method-nnls__init-uniform__ninit-1,pooled,drb_pct,3.79172647,26.637303479999993,13.082162643721485,4.885366896645172,1.0
k8__pooled_zscore__no_height_no_minutes_no_efficiency__method-nnls__init-uniform__ninit-1,pooled,blk_pct,0.0,9.9,1.8108729327196607,2.035103625380694,1.0
k8__pooled_zscore__no_height_no_minutes_no_efficiency__method-nnls__init-uniform__ninit-1,pooled,stl_pct,0.0,4.7,1.8389419447426334,0.9100426365780109,1.0
k8__pooled_zscore__no_height_no_minutes_no_efficiency__method-nnls__init-uniform__ninit-1,pooled,ast_tov,0.0,3.525415516599997,1.1204510202466802,0.6512121955071796,1.0
