run_id,scaling_group,feature,clip_p01,clip_p99,mean_after_clip,std_after_clip
k8__pooled_zscore__no_height_no_efficiency__method-pgd__init-uniform__ninit-1,pooled,mins_per_game,5.2,35.559756999999976,20.09363317466667,8.693857864444912
k8__pooled_zscore__no_height_no_efficiency__method-pgd__init-uniform__ninit-1,pooled,FTR,0.0,100.0,32.868744776,17.788261567817475
k8__pooled_zscore__no_height_no_efficiency__method-pgd__init-uniform__ninit-1,pooled,three_share,0.0,0.8850179199999996,0.3732883662,0.23754408441063934
k8__pooled_zscore__no_height_no_efficiency__method-pgd__init-uniform__ninit-1,pooled,three_pa_per_100_team_poss,0.0,15.783873999999974,5.685925937866666,3.9315497433003936
k8__pooled_zscore__no_height_no_efficiency__method-pgd__init-uniform__ninit-1,pooled,usg,8.01804196,31.26430851999999,18.7968590818,4.994670801898018
k8__pooled_zscore__no_height_no_efficiency__method-pgd__init-uniform__ninit-1,pooled,tov_pct,4.299,39.23829131999999,17.2050162802,6.305721076382617
k8__pooled_zscore__no_height_no_efficiency__method-pgd__init-uniform__ninit-1,pooled,ast_pct,0.0,31.810595179999957,11.485243845133335,6.730628877008167
k8__pooled_zscore__no_height_no_efficiency__method-pgd__init-uniform__ninit-1,pooled,orb_pct,0.0,16.0,5.168831713333334,3.6407271804706225
k8__pooled_zscore__no_height_no_efficiency__method-pgd__init-uniform__ninit-1,pooled,drb_pct,3.8405296100000004,26.09210296999995,12.960863822133334,4.786744408828323
k8__pooled_zscore__no_height_no_efficiency__method-pgd__init-uniform__ninit-1,pooled,blk_pct,0.0,9.9,1.7993519130000002,2.014759802119789
k8__pooled_zscore__no_height_no_efficiency__method-pgd__init-uniform__ninit-1,pooled,stl_pct,0.0,4.873352169999994,1.8242605357,0.9024705727952392
k8__pooled_zscore__no_height_no_efficiency__method-pgd__init-uniform__ninit-1,pooled,ast_tov,0.05879209640000001,3.3640020391999914,1.1265495209626666,0.6356196032654564
